id	file	section	line	kind	disposition	target	duplicate_of	near_duplicate_of	sentence	phase3
R0001	.agents/workflows/pre-development.md	Entry	9	inheritance	contract:inheritance	contract:inheritance			Use this workflow when the operator invokes `singlepagestartup` or asks in plain language to start, continue, inspect, or change the active project before engineering begins.	moved:contract:inheritance
R0002	.agents/workflows/pre-development.md	Entry	13	inheritance	contract:inheritance	contract:inheritance			Resolve the active layer through the shared repository-layer resolver using `apps/studio/workspace/utils/config.yaml` and its safety-checked gitignored `config.local.yaml`.	moved:contract:inheritance
R0003	.agents/workflows/pre-development.md	Entry	13	gate-candidate	split	workflow + contract:inheritance			The GitHub preflight and workspace loader must use that same resolution result; an agent must not choose the layer independently.	split:workflow + contract:inheritance
R0004	.agents/workflows/pre-development.md	Entry	13	prohibition	split	workflow + contract:inheritance			All project business context lives under `apps/studio/workspace/**`; do not create or use a repository-root `workspace/` directory.	split:workflow + contract:inheritance
R0005	.agents/workflows/pre-development.md	Entry	13	method	split	workflow + contract:inheritance			Follow `.agents/contracts/context-loading.md` before reading project content.	split:workflow + contract:inheritance
R0006	.agents/workflows/pre-development.md	Entry	24	inheritance	contract:inheritance	contract:inheritance			When the active layer is `startup`, read the resolved `default` artifact assembled from singlepage and startup, then write project-specific changes to the startup source.	moved:contract:inheritance
R0007	.agents/workflows/pre-development.md	Entry	24	inheritance	contract:inheritance	contract:inheritance			Do not copy unchanged SinglePageStartup sections into startup files.	moved:contract:inheritance
R0008	.agents/workflows/pre-development.md	GitHub change preflight	31	workflow	workflow	workflow			Before reading the durable stage cursor or launching any professional owner, follow `.agents/contracts/github-reconciliation.md` and run:	kept:workflow
R0009	.agents/workflows/pre-development.md	GitHub change preflight	38	workflow	workflow	workflow			This preflight is mandatory on every invocation.	kept:workflow
R0010	.agents/workflows/pre-development.md	GitHub change preflight	38	inheritance	split	workflow + duplicate			It resolves and reports the repository identity, active layer, and resolution source before selecting the layer-local config.	split:workflow + duplicate
R0011	.agents/workflows/pre-development.md	GitHub change preflight	38	inheritance	split	workflow + duplicate			An optional `--layer` argument is an assertion for tests or diagnostics; a mismatch is a hard failure and never overrides repository routing.	split:workflow + duplicate
R0012	.agents/workflows/pre-development.md	GitHub change preflight	38	workflow	workflow	workflow			It scans the configured GitHub branch from the first published approved-strategy commit, routes unreconciled relevant file changes, records their material or no-material-effect result, and completes every required evidence, dependency, approval, and cursor side effect before normal stage work.	kept:workflow
R0013	.agents/workflows/pre-development.md	GitHub change preflight	38	method	split	workflow + duplicate			`waiting-for-baseline` is non-blocking before that first commit exists.	split:workflow + duplicate
R0014	.agents/workflows/pre-development.md	GitHub change preflight	38	confirmation	split	workflow + duplicate			GitHub unavailability is blocking and must never be silently replaced by a stale local comparison.	split:workflow + duplicate
R0015	.agents/workflows/pre-development.md	Quality and interaction rules	52	gate-candidate	split	workflow + contract:evidence + duplicate			Follow `.agents/contracts/document-confirmation.md` for the document-owned user confirmation parameter, source-layer inheritance, content fingerprints, and header status.	split:workflow + contract:evidence + duplicate
R0016	.agents/workflows/pre-development.md	Quality and interaction rules	52	confirmation	split	workflow + contract:evidence + duplicate			Scope or partial decisions never imply whole-document approval.	split:workflow + contract:evidence + duplicate
R0017	.agents/workflows/pre-development.md	Quality and interaction rules	56	evidence	contract:evidence	contract:evidence			Never skip a material question, source check, professional review, or artifact correction to make the workflow shorter.	moved:contract:evidence
R0018	.agents/workflows/pre-development.md	Quality and interaction rules	61	method	split	workflow + contract:evidence + duplicate			The operator must be able to review and edit every primary document without reconstructing the agent session.	split:workflow + contract:evidence + duplicate
R0019	.agents/workflows/pre-development.md	Quality and interaction rules	61	readability	duplicate	workflow (one readability paragraph)			`brief`, each model, each product `research`, `strategy`, `brand`, `design`, and each product-local `product`, `website`, and `creative` documents strongly target about 1,400 words per reviewable page, so a normal review takes about five to seven minutes.	removed:restatement (workflow working rules own it)
R0020	.agents/workflows/pre-development.md	Quality and interaction rules	61	readability	duplicate	workflow (one readability paragraph)			This is a preference, never a hard word, line, source or segment cap.	removed:restatement (workflow working rules own it)
R0021	.agents/workflows/pre-development.md	Quality and interaction rules	61	readability	duplicate	workflow (one readability paragraph)			Follow `.agents/contracts/document-readability.md`: preserve material information and use navigable detail pages when needed.	removed:restatement (workflow working rules own it)
R0022	.agents/workflows/pre-development.md	Quality and interaction rules	61	gate-candidate	split	workflow + contract:evidence + duplicate			Assets is a reference index, loaded only when relevant.	split:workflow + contract:evidence + duplicate
R0023	.agents/workflows/pre-development.md	Quality and interaction rules	61	method	split	workflow + contract:evidence + duplicate			State each decision once; retain material attribution with that statement and historical versions in Git.	split:workflow + contract:evidence + duplicate
R0024	.agents/workflows/pre-development.md	Quality and interaction rules	61	migration	split	workflow + contract:evidence + duplicate			No standalone Evidence register or mandatory global source ledger is created.	split:workflow + contract:evidence + duplicate
R0025	.agents/workflows/pre-development.md	Quality and interaction rules	73	method	split	workflow + contract:evidence + duplicate			Use the operator's language for questions and handoffs unless they request otherwise.	split:workflow + contract:evidence + duplicate
R0026	.agents/workflows/pre-development.md	Quality and interaction rules	73	method	split	workflow + contract:evidence + duplicate			Use the requested artifact language independently: translate and normalize operator input when necessary without changing its meaning.	split:workflow + contract:evidence + duplicate
R0027	.agents/workflows/pre-development.md	Quality and interaction rules	73	method	split	workflow + contract:evidence + duplicate			Ask one highest-impact question at a time in plain language.	split:workflow + contract:evidence + duplicate
R0028	.agents/workflows/pre-development.md	Quality and interaction rules	73	readability	duplicate	workflow (one readability paragraph)			Do not use unexplained professional shorthand, and do not expand an ambiguous word into requirements before confirming what the operator meant.	removed:restatement (workflow working rules own it)
R0029	.agents/workflows/pre-development.md	Quality and interaction rules	80	method	split	workflow + contract:evidence + duplicate			Classify every material unknown by who can resolve it:	split:workflow + contract:evidence + duplicate
R0030	.agents/workflows/pre-development.md	Quality and interaction rules	82	evidence	contract:evidence	contract:evidence			`operator-fact`: current facts or constraints controlled or known by the operator, including the project boundary, existing customers or users, the current or intended products in scope and the role of supporting acquisition activities or internal work, budget, available time and contacts, rights and license intent, support capacity, geography, decision authority, owned assets, preferred references, and non-goals; `research-question`: an external fact that requires attributable evidence; `professional-choice`: a strategy, communication, design, or experiment proposal the owning role is expected to make; `evidence-gap`: proof that does not yet exist and must remain explicitly missing or become the subject of an experiment.	moved:contract:evidence
R0031	.agents/workflows/pre-development.md	Quality and interaction rules	95	evidence	contract:evidence	contract:evidence			An `assumption` may support a clearly labeled proposal, but it never answers an `operator-fact`.	moved:contract:evidence
R0032	.agents/workflows/pre-development.md	Quality and interaction rules	95	method	split	workflow + contract:evidence + duplicate			Ask the operator instead.	split:workflow + contract:evidence + duplicate
R0033	.agents/workflows/pre-development.md	Quality and interaction rules	95	workflow	workflow	workflow			Do not convert missing operating capacity, budget, channel access, rights, support, or decision authority into a number merely to satisfy a template or pass a stage.	kept:workflow
R0034	.agents/workflows/pre-development.md	Quality and interaction rules	100	workflow	workflow	workflow			A bare `singlepagestartup` invocation authorizes inspection and resumption; it does not confirm the project scope or any operator fact.	kept:workflow
R0035	.agents/workflows/pre-development.md	Quality and interaction rules	100	prohibition	split	workflow + contract:evidence + duplicate			Repository files may support a proposed scope summary, but they do not reveal the operator's current intent.	split:workflow + contract:evidence + duplicate
R0036	.agents/workflows/pre-development.md	Quality and interaction rules	100	method	split	workflow + contract:evidence + duplicate			If the brief does not contain an attributable, explicit request and scope confirmation, stop before specialist analysis and ask for confirmation or correction.	split:workflow + contract:evidence + duplicate
R0037	.agents/workflows/pre-development.md	Durable state	109	workflow	workflow	workflow			After the GitHub preflight succeeds, read the active layer's state before loading project content:	kept:workflow
R0038	.agents/workflows/pre-development.md	Durable state	116	workflow	workflow	workflow			The state is a durable cursor, not a second source of business truth.	kept:workflow
R0039	.agents/workflows/pre-development.md	Durable state	116	workflow	workflow	workflow			It contains only `active_stage`, `status`, `active_artifacts`, and artifact-section references in `blockers`.	kept:workflow
R0040	.agents/workflows/pre-development.md	Durable state	116	method	split	workflow + gate			It contains no decisions, document copies, timestamps, versions, session summaries, or run history.	split:workflow + gate
R0041	.agents/workflows/pre-development.md	Durable state	116	gate-candidate	gate	gate			Business truth remains in the indexed living artifacts and Git remains the history.	executable:pipeline definition
R0042	.agents/workflows/pre-development.md	Durable state	129	inheritance	split	workflow + gate			The state is layer-local and never inherited: the framework reads `utils/pre-development/singlepage.yaml`; a downstream project reads `utils/pre-development/startup.yaml`.	split:workflow + gate
R0043	.agents/workflows/pre-development.md	Pipeline compatibility reconciliation	135	workflow	gate	gate			After reading the layer cursor and before accepting its stage, follow `.agents/contracts/pipeline-reconciliation.md`.	executable:pipeline definition
R0044	.agents/workflows/pre-development.md	Pipeline compatibility reconciliation	135	gate-candidate	gate	gate			Compare the existing Workspace with the current checked-out workflow, roles, templates, contracts, active index, and stage completion rules on every invocation.	executable:pipeline definition
R0045	.agents/workflows/pre-development.md	Pipeline compatibility reconciliation	142	gate-candidate	gate	gate			The structural scan may inspect section names, schema keys, index entries, and file references across completed, active, and later non-empty artifacts.	executable:pipeline definition
R0046	.agents/workflows/pre-development.md	Pipeline compatibility reconciliation	142	method	gate	gate			Load full content only for a discovered gap and its dependency closure.	executable:pipeline definition
R0047	.agents/workflows/pre-development.md	Pipeline compatibility reconciliation	142	inheritance	gate	gate			Respect singlepage-to-startup inheritance: keep applicable inheritance, write only project-specific startup changes, and never let unrelated inherited project facts satisfy an active startup approval or scope gate.	executable:pipeline definition
R0048	.agents/workflows/pre-development.md	Pipeline compatibility reconciliation	149	gate-candidate	gate	gate			Route every missing file, section, schema key, current requirement, or required approval record to its earliest owning stage.	executable:pipeline definition
R0049	.agents/workflows/pre-development.md	Pipeline compatibility reconciliation	149	method	gate	gate			Repair it from attributable current facts when possible; otherwise classify and ask for the highest-impact missing input.	executable:pipeline definition
R0050	.agents/workflows/pre-development.md	Pipeline compatibility reconciliation	149	workflow	gate	gate			Move and persist the cursor before downstream work.	executable:pipeline definition
R0051	.agents/workflows/pre-development.md	Pipeline compatibility reconciliation	155	workflow	gate	gate			At every launch, reconcile the cursor before doing work:	executable:pipeline definition
R0052	.agents/workflows/pre-development.md	Pipeline compatibility reconciliation	157	gate-candidate	gate	gate			Read the state and active index, then complete the mandatory pipeline compatibility reconciliation.	executable:pipeline definition
R0053	.agents/workflows/pre-development.md	Pipeline compatibility reconciliation	157	workflow	gate	gate			Read the resulting active-stage outputs and their prerequisite closure, then verify the completion criteria of the recorded stage and its prerequisites.	executable:pipeline definition
R0054	.agents/workflows/pre-development.md	Pipeline compatibility reconciliation	157	workflow	gate	gate			Existing artifacts are not grandfathered: a brief without explicit scope confirmation, a strategy without explicit strategy approval, or a brand without explicit brand approval is incomplete even if its prose looks final or the cursor previously advanced past it.	executable:pipeline definition
R0055	.agents/workflows/pre-development.md	Pipeline compatibility reconciliation	157	workflow	gate	gate			If an earlier prerequisite is incomplete or contradicted, move the cursor back to the earliest affected stage and name the artifacts that require work.	executable:pipeline definition
R0056	.agents/workflows/pre-development.md	Pipeline compatibility reconciliation	157	workflow	gate	gate			When Products is complete, keep `active_stage: 40-products`, set `status: complete`, and clear `active_artifacts` and `blockers`.	executable:pipeline definition
R0057	.agents/workflows/pre-development.md	Pipeline compatibility reconciliation	157	workflow	gate	gate			Write the state after every atomic artifact update and before returning a handoff.	executable:pipeline definition
R0058	.agents/workflows/pre-development.md	Pipeline compatibility reconciliation	157	workflow	gate	gate			If a previous task ended between the artifact write and the state write, reconciliation repairs the cursor from the artifacts.	executable:pipeline definition
R0059	.agents/workflows/pre-development.md	Start or continue	178	workflow	workflow	workflow			Resolve the active layer, complete the mandatory GitHub change preflight, then read its `pre-development.yaml`, complete pipeline compatibility reconciliation, and reconcile the cursor; report the resulting stage, status, and active artifacts.	kept:workflow
R0060	.agents/workflows/pre-development.md	Start or continue	178	method	workflow	workflow			Load only the dependency closure of those active artifacts.	kept:workflow
R0061	.agents/workflows/pre-development.md	Start or continue	178	evidence	workflow	workflow			Living sources live under `apps/studio/workspace/<artifact>/`; their read-only stories and rendering code live in `apps/studio/workspace/utils/`.	kept:workflow
R0062	.agents/workflows/pre-development.md	Start or continue	178	evidence	workflow	workflow			Classify unresolved items as `operator-fact`, `research-question`, `professional-choice`, or `evidence-gap`.	kept:workflow
R0063	.agents/workflows/pre-development.md	Start or continue	178	method	workflow	workflow			Ask for the highest-impact missing operator fact and record unknowns instead of inventing answers.	kept:workflow
R0064	.agents/workflows/pre-development.md	Start or continue	178	prohibition	workflow	workflow			If work cannot continue, set `status: blocked` and reference the owning artifact sections in `blockers`.	kept:workflow
R0065	.agents/workflows/pre-development.md	Start or continue	178	workflow	workflow	workflow			Launch the provider custom agent whose ID matches each artifact owner.	kept:workflow
R0066	.agents/workflows/pre-development.md	Start or continue	178	method	workflow	workflow			Its adapter must load the matching canonical role before acting.	kept:workflow
R0067	.agents/workflows/pre-development.md	Start or continue	178	method	workflow	workflow			That one file contains both professional responsibility and method; load only the resolved project dependencies and capability bindings required for this decision.	kept:workflow
R0068	.agents/workflows/pre-development.md	Start or continue	178	evidence	workflow	workflow			During initial interview, do not repeatedly regenerate product models, product Research, Strategy, Brand, Website, or marketing creative from each partial answer.	kept:workflow
R0069	.agents/workflows/pre-development.md	Start or continue	178	inheritance	workflow	workflow			Propagate a batch only after the decision subject and affected upstream section are stable or when a confirmed correction invalidates an existing downstream decision.	kept:workflow
R0070	.agents/workflows/pre-development.md	Start or continue	178	method	workflow	workflow			On a full professional rerun use the canonical template and stable upstream dependencies.	kept:workflow
R0071	.agents/workflows/pre-development.md	Start or continue	178	migration	workflow	workflow			For Product/model migration, first inspect existing unique facts, whole topics, source attribution and extensions; preserve them at their owners.	kept:workflow
R0072	.agents/workflows/pre-development.md	Start or continue	178	confirmation	workflow	workflow			Never discard a client fact merely because a template changed.	kept:workflow
R0073	.agents/workflows/pre-development.md	Start or continue	178	confirmation	workflow	workflow			Before saving, search the document for every earlier statement about the changed fact and replace or remove all stale occurrences in the same edit.	kept:workflow
R0074	.agents/workflows/pre-development.md	Start or continue	178	prohibition	workflow	workflow			Never append a corrected answer below an obsolete answer.	kept:workflow
R0075	.agents/workflows/pre-development.md	Start or continue	178	workflow	workflow	workflow			Recompute the earliest incomplete stage, persist the cursor, then return decisions, unresolved evidence, and a clear handoff.	kept:workflow
R0076	.agents/workflows/pre-development.md	Change an existing decision	214	confirmation	split	workflow + duplicate			Classify the request as a correction, new evidence, changed constraint, or requested presentation change.	split:workflow + duplicate
R0077	.agents/workflows/pre-development.md	Change an existing decision	214	confirmation	split	workflow + duplicate			Update the earliest canonical artifact that owns the changed fact or decision.	split:workflow + duplicate
R0078	.agents/workflows/pre-development.md	Change an existing decision	214	method	split	workflow + duplicate			Resolve document statuses and reverse dependencies with the shared review resolver, including product-local inputs.	split:workflow + duplicate
R0079	.agents/workflows/pre-development.md	Change an existing decision	214	confirmation	split	workflow + duplicate			Follow `.agents/contracts/document-confirmation.md`: changed inputs produce `stale`; review their semantic impact before use.	split:workflow + duplicate
R0080	.agents/workflows/pre-development.md	Change an existing decision	214	confirmation	split	workflow + duplicate			Refresh a dependency snapshot after a no-material-effect review without re-requesting unchanged approval.	split:workflow + duplicate
R0081	.agents/workflows/pre-development.md	Change an existing decision	214	confirmation	split	workflow + duplicate			For a material effect, record `review.stale` until the owning correction and required confirmation are complete.	split:workflow + duplicate
R0082	.agents/workflows/pre-development.md	Change an existing decision	214	confirmation	split	workflow + duplicate			Never refresh hashes merely to hide stale work.	split:workflow + duplicate
R0083	.agents/workflows/pre-development.md	Change an existing decision	214	confirmation	split	workflow + duplicate			Re-run only owners whose artifacts are now contradicted or stale.	split:workflow + duplicate
R0084	.agents/workflows/pre-development.md	Change an existing decision	214	workflow	workflow	workflow			It never preserves chronological corrections, invalidation prose, or handoff metadata from the stale artifact.	kept:workflow
R0085	.agents/workflows/pre-development.md	Change an existing decision	214	migration	split	workflow + duplicate			If invalidation retires assets, verify their ownership, exact registry IDs and paths, and current references before cleanup.	split:workflow + duplicate
R0086	.agents/workflows/pre-development.md	Change an existing decision	214	migration	split	workflow + duplicate			Remove generated files and rows when their current proposal is retired.	split:workflow + duplicate
R0087	.agents/workflows/pre-development.md	Change an existing decision	214	method	split	workflow + duplicate			Remove client, stock, or public-reference files and rows only when an attributable owning decision marks the exact input rejected, replaced, duplicated, or no longer needed.	split:workflow + duplicate
R0088	.agents/workflows/pre-development.md	Change an existing decision	214	confirmation	split	workflow + duplicate			Remove stale current-artifact mentions in the same change; Git retains history, and age alone never authorizes deletion.	split:workflow + duplicate
R0089	.agents/workflows/pre-development.md	Change an existing decision	214	workflow	workflow	workflow			Move the durable cursor to the earliest affected stage, persist it, and report every changed artifact and downstream decision intentionally left unchanged.	kept:workflow
R0090	.agents/workflows/pre-development.md	Change an existing decision	240	prohibition	split	workflow + duplicate			Do not require separate commands for stages, roles, or document editing.	split:workflow + duplicate
R0091	.agents/workflows/pre-development.md	Domain adaptation and quality gate	244	confirmation	role:*	role:*			Do not create a separate decision checklist, gate table, or approval register in workspace, and do not copy project business content into `.agents/`.	kept:role:*
R0092	.agents/workflows/pre-development.md	Domain adaptation and quality gate	250	workflow	split	role:* + gate + duplicate			Before completing a stage, its owner applies these checks to the actual content:	split:role:* + gate + duplicate
R0093	.agents/workflows/pre-development.md	Domain adaptation and quality gate	252	method	role:*	role:*			Identify distinct users, buyers, payers, beneficiaries, transaction/value units, money flow, capacity, geography, and material limits only where they change a decision.	kept:role:*
R0094	.agents/workflows/pre-development.md	Domain adaptation and quality gate	252	method	role:*	role:*			Allow compound models; unknown facts stay unknown instead of being forced into a familiar category.	kept:role:*
R0095	.agents/workflows/pre-development.md	Domain adaptation and quality gate	252	method	role:*	role:*			Record each material unanswered question once, in the document that needs its answer.	kept:role:*
R0096	.agents/workflows/pre-development.md	Domain adaptation and quality gate	252	evidence	role:*	role:*			Classify it as `operator-fact`, `research-question`, `professional-choice`, or `evidence-gap`.	kept:role:*
R0097	.agents/workflows/pre-development.md	Domain adaptation and quality gate	252	evidence	role:*	role:*			Ask the client for operator facts; research external questions within the named product; let the responsible professional propose choices.	kept:role:*
R0098	.agents/workflows/pre-development.md	Domain adaptation and quality gate	252	evidence	role:*	role:*			An assumption never resolves a client fact.	kept:role:*
R0099	.agents/workflows/pre-development.md	Domain adaptation and quality gate	252	evidence	role:*	role:*			Keep source attribution, applicable metrics, risks, regulation, and viability conditions beside the owning decision.	kept:role:*
R0100	.agents/workflows/pre-development.md	Domain adaptation and quality gate	252	workflow	split	role:* + gate + duplicate			General checklists, role instructions, and stage rules remain in `.agents/`.	split:role:* + gate + duplicate
R0101	.agents/workflows/pre-development.md	Domain adaptation and quality gate	252	evidence	role:*	role:*			Use a named method or benchmark only when the consuming document explains its source, fit, limitations, and effect on a material decision.	kept:role:*
R0102	.agents/workflows/pre-development.md	Domain adaptation and quality gate	252	evidence	role:*	role:*			Familiar terminology is not evidence.	kept:role:*
R0103	.agents/workflows/pre-development.md	Domain adaptation and quality gate	252	workflow	split	role:* + gate + duplicate			Check the active stage's required content, actual inputs, source limitations, and semantic dependency status.	split:role:* + gate + duplicate
R0104	.agents/workflows/pre-development.md	Domain adaptation and quality gate	252	method	role:*	role:*			Resolve material questions needed for the next decision; retain later unknowns explicitly without falsely marking them answered.	kept:role:*
R0105	.agents/workflows/pre-development.md	Domain adaptation and quality gate	252	gate-candidate	gate	gate			A completed heading or fluent generic prose never establishes quality or readiness.	executable:pipeline definition
R0106	.agents/workflows/pre-development.md	Domain adaptation and quality gate	252	evidence	role:*	role:*			Read scope confirmation in Brief and required whole-document confirmations from source metadata under `.agents/contracts/document-confirmation.md`.	kept:role:*
R0107	.agents/workflows/pre-development.md	Domain adaptation and quality gate	252	confirmation	role:*	role:*			Never duplicate approval in a second checklist.	kept:role:*
R0108	.agents/workflows/pre-development.md	Domain adaptation and quality gate	252	confirmation	role:*	role:*			Scope confirmation does not approve the whole Brief; whole-document confirmation does not verify market claims.	kept:role:*
R0109	.agents/workflows/pre-development.md	Domain adaptation and quality gate	252	method	role:*	role:*			Strategy, Brand, and complete Design remain proposals until the active project's user confirmation is valid.	kept:role:*
R0110	.agents/workflows/pre-development.md	Domain adaptation and quality gate	252	workflow	split	role:* + gate + duplicate			Derive the current stage from these criteria and the living documents, then update only the minimal layer-local workflow cursor.	split:role:* + gate + duplicate
R0111	.agents/workflows/pre-development.md	Domain adaptation and quality gate	252	inheritance	role:*	role:*			When a changed premise affects downstream content, follow semantic impact review rather than importing or automatically rewriting another document.	kept:role:*
R0112	.agents/workflows/pre-development.md	Domain adaptation and quality gate	284	method	role:*	role:*			Ask one highest-impact unanswered question at a time.	kept:role:*
R0113	.agents/workflows/pre-development.md	Domain adaptation and quality gate	284	confirmation	role:*	role:*			Write usable answers into their owning sections and replace stale assertions rather than adding a dialogue log.	kept:role:*
R0114	.agents/workflows/pre-development.md	Domain adaptation and quality gate	284	evidence	role:*	role:*			Research only questions that can change the current decision.	kept:role:*
R0115	.agents/workflows/pre-development.md	Domain adaptation and quality gate	284	method	role:*	role:*			Project-specific constraints remain reviewable in the operator's ordinary documents.	kept:role:*
R0116	.agents/workflows/pre-development.md	00 — Client Request	291	gate-candidate	gate	gate			Resolve model/product files through the catalog; `product-models` is a cursor task, not a global document.	executable:pipeline definition
R0117	.agents/workflows/pre-development.md	00 — Client Request	296	gate-candidate	gate	gate			**Required inputs**: founder request, client conversation, supplied documents and assets, existing project records, and the active index.	executable:pipeline definition
R0118	.agents/workflows/pre-development.md	00 — Client Request	299	evidence	role:*	role:*			**Capabilities**: artifact read/write, inspection of supplied materials, and browser interaction to read a client-provided source.	kept:role:*
R0119	.agents/workflows/pre-development.md	00 — Client Request	299	workflow	split	gate + role:account-manager + role:business-analyst + duplicate			No external market search or Market Researcher work belongs to this stage.	split:gate + role:account-manager + role:business-analyst + duplicate
R0120	.agents/workflows/pre-development.md	00 — Client Request	303	inheritance	role:*	role:*			Keep quotations, scope-status prose, review chronology, downstream document links and a generic unknowns checklist out of the body.	kept:role:*
R0121	.agents/workflows/pre-development.md	00 — Client Request	303	method	role:*	role:*			Before Business Analyst starts, the brief must separate and name:	kept:role:*
R0122	.agents/workflows/pre-development.md	00 — Client Request	317	method	role:*	role:*			Record its attribution under Brief's `intake.scope`, separately from whole-document confirmation.	kept:role:*
R0123	.agents/workflows/pre-development.md	00 — Client Request	317	method	role:*	role:*			Existing attributable confirmation remains valid until scope changes.	kept:role:*
R0124	.agents/workflows/pre-development.md	00 — Client Request	317	prohibition	role:*	role:*			Do not merge a framework, reference implementation, customer project, and historical service model because they share people or technology.	kept:role:*
R0125	.agents/workflows/pre-development.md	00 — Client Request	324	gate-candidate	gate	gate			Record asset IDs, client likes/dislikes, and category status; exact IDs and status may be in Brief frontmatter under `visual_references`.	executable:pipeline definition
R0126	.agents/workflows/pre-development.md	00 — Client Request	324	method	role:*	role:*			In the visible table, put each category description and its exact uploaded filenames/working links in the same row.	kept:role:*
R0127	.agents/workflows/pre-development.md	00 — Client Request	324	method	role:*	role:*			Include explicit rows for project name, logo, slogan and any supplied color or other identity elements before the five reference categories.	kept:role:*
R0128	.agents/workflows/pre-development.md	00 — Client Request	324	method	role:*	role:*			Record confirmed absence or missing intake explicitly, without inventing an element.	kept:role:*
R0129	.agents/workflows/pre-development.md	00 — Client Request	324	prohibition	role:*	role:*			Do not create a separate uploaded-files section.	kept:role:*
R0130	.agents/workflows/pre-development.md	00 — Client Request	324	method	role:*	role:*			Assets owns files and rights.	kept:role:*
R0131	.agents/workflows/pre-development.md	00 — Client Request	324	method	role:*	role:*			On additions, verify the files, register their IDs/category and review the affected description before it is used as a design input; untouched categories retain their confirmed preferences.	kept:role:*
R0132	.agents/workflows/pre-development.md	00 — Client Request	324	evidence	role:*	role:*			Agents inspect the actual source images and supply them as model reference inputs where supported, rather than relying only on their textual summaries.	kept:role:*
R0133	.agents/workflows/pre-development.md	00 — Client Request	324	method	role:*	role:*			This intake may remain incomplete during product models, Strategy, and Brand, but all five categories must be ready before Design generation.	kept:role:*
R0134	.agents/workflows/pre-development.md	00 — Client Request	324	method	role:*	role:*			During Brief intake, the Account Manager delegates bounded reference analysis to the Brand Designer as each category arrives.	kept:role:*
R0135	.agents/workflows/pre-development.md	00 — Client Request	324	method	role:*	role:*			Record confirmed descriptions in Brief; inferred traits remain proposed until reviewed.	kept:role:*
R0136	.agents/workflows/pre-development.md	00 — Client Request	324	method	role:*	role:*			Final Design decisions still belong to 30-design.	kept:role:*
R0137	.agents/workflows/pre-development.md	00 — Client Request	324	method	role:*	role:*			Preserve already confirmed descriptions when their references and preference are unchanged.	kept:role:*
R0138	.agents/workflows/pre-development.md	00 — Client Request	351	method	role:*	role:*			After scope confirmation, describe the business model from client inputs in Product, Operations & Economics and Sales; place material questions in the documents that need their answers.	kept:role:*
R0139	.agents/workflows/pre-development.md	00 — Client Request	351	method	role:*	role:*			`00-business` owns only operator facts and observations of supplied materials.	kept:role:*
R0140	.agents/workflows/pre-development.md	00 — Client Request	351	workflow	split	gate + role:account-manager + role:business-analyst + duplicate			External research questions belong to a named product at `10-strategy` or a later consuming stage; professional proposals belong to their owning later stage.	split:gate + role:account-manager + role:business-analyst + duplicate
R0141	.agents/workflows/pre-development.md	00 — Client Request	351	evidence	role:*	role:*			Do not block factual intake on market research and do not use research to answer an operator fact.	kept:role:*
R0142	.agents/workflows/pre-development.md	00 — Client Request	358	evidence	role:*	role:*			Record each material assertion's source and state: client statement, supplied-material observation, confirmed intention, explicit calculation from supplied inputs, or unknown.	kept:role:*
R0143	.agents/workflows/pre-development.md	00 — Client Request	358	evidence	role:*	role:*			A client's belief about demand remains a client claim.	kept:role:*
R0144	.agents/workflows/pre-development.md	00 — Client Request	358	prohibition	role:*	role:*			A proposed funnel, benchmark, segment, or forecast must not be presented as a current business fact.	kept:role:*
R0145	.agents/workflows/pre-development.md	00 — Client Request	365	inheritance	role:*	role:*			Record each active product's supplied current or client-confirmed intended sales process in `products/<layer>/<product-id>/sales.yaml`.	kept:role:*
R0146	.agents/workflows/pre-development.md	00 — Client Request	365	gate-candidate	gate	gate			Use confirmed Brief IDs or existing catalog paths; do not load delivery drafts to reconstruct facts.	executable:pipeline definition
R0147	.agents/workflows/pre-development.md	00 — Client Request	365	workflow	split	gate + role:account-manager + role:business-analyst + duplicate			Missing details block `00-business` only when the next strategic decision needs an operator fact; otherwise retain their exact later-stage or launch gate.	split:gate + role:account-manager + role:business-analyst + duplicate
R0148	.agents/workflows/pre-development.md	00 — Client Request	373	evidence	role:*	role:*			Claim sources follow `.agents/contracts/evidence.md`.	kept:role:*
R0149	.agents/workflows/pre-development.md	00 — Client Request	373	evidence	role:*	role:*			Current client facts stay in Brief and the owning Product/model, external findings and sources in product Research, and asset rights in Assets.	kept:role:*
R0150	.agents/workflows/pre-development.md	00 — Client Request	373	evidence	role:*	role:*			Approvals and current dependency review are source metadata under `.agents/contracts/document-confirmation.md`; Git owns prior versions.	kept:role:*
R0151	.agents/workflows/pre-development.md	00 — Client Request	373	evidence	role:*	role:*			Do not create Evidence, a transcript register, or a substitute fact/change log.	kept:role:*
R0152	.agents/workflows/pre-development.md	00 — Client Request	373	confirmation	role:*	role:*			Client approval does not make a market hypothesis true.	kept:role:*
R0153	.agents/workflows/pre-development.md	00 — Client Request	373	inheritance	role:*	role:*			Inherited framework facts require client confirmation of applicability in the owning startup source.	kept:role:*
R0154	.agents/workflows/pre-development.md	00 — Client Request	381	method	role:*	role:*			Completion requires confirmed scope and products, attributable current facts and intentions, explicit unknowns, and answers to the operator facts needed for the next strategic decision.	kept:role:*
R0155	.agents/workflows/pre-development.md	00 — Client Request	381	method	role:*	role:*			Scope confirmation belongs in Brief.	kept:role:*
R0156	.agents/workflows/pre-development.md	00 — Client Request	381	workflow	split	gate + role:account-manager + role:business-analyst + duplicate			Practical materials need not exist before their stage.	split:gate + role:account-manager + role:business-analyst + duplicate
R0157	.agents/workflows/pre-development.md	00 — Client Request	381	evidence	role:*	role:*			Research intake may record questions without findings.	kept:role:*
R0158	.agents/workflows/pre-development.md	00 — Client Request	381	evidence	role:*	role:*			There is no business-wide Research artifact.	kept:role:*
R0159	.agents/workflows/pre-development.md	00 — Client Request	388	gate-candidate	gate	gate			Before Strategy, Business Analyst creates or reconciles the v2 catalog and initial Product/model sources.	executable:pipeline definition
R0160	.agents/workflows/pre-development.md	00 — Client Request	388	evidence	role:*	role:*			Apply `.agents/contracts/product-models.md` for source ownership, model boundaries, funding and cost allocation.	kept:role:*
R0161	.agents/workflows/pre-development.md	00 — Client Request	388	gate-candidate	gate	gate			No business model is inferred solely from the catalog's product count.	executable:pipeline definition
R0162	.agents/workflows/pre-development.md	00 — Client Request	388	workflow	split	gate + role:account-manager + role:business-analyst + duplicate			The existing `00-business` stage ID remains compatible but it has no Business output.	split:gate + role:account-manager + role:business-analyst + duplicate
R0163	.agents/workflows/pre-development.md	00 — Client Request	388	migration	split	gate + role:account-manager + role:business-analyst + duplicate			A cursor naming `business` resumes as `product-models` after content-aware migration; never mark intake complete because the old document was deleted.	split:gate + role:account-manager + role:business-analyst + duplicate
R0164	.agents/workflows/pre-development.md	00 — Client Request	396	workflow	split	gate + role:account-manager + role:business-analyst + duplicate			When complete, persist `10-strategy`, `in_progress`, and `[product-research]`.	split:gate + role:account-manager + role:business-analyst + duplicate
R0165	.agents/workflows/pre-development.md	10 — Strategy	400	gate-candidate	gate	gate			`product-research` is a cursor task: resolve exact product paths from confirmed Brief IDs or existing catalog entries; it is not a global document.	executable:pipeline definition
R0166	.agents/workflows/pre-development.md	10 — Strategy	405	evidence	role:*	role:*			**Owners**: Market Researcher for each product, then Strategist.	kept:role:*
R0167	.agents/workflows/pre-development.md	10 — Strategy	407	method	role:*	role:*			**Required inputs**: completed client fact intake, confirmed Brief products, product Sales intake, and only relevant project knowledge and professional references.	kept:role:*
R0168	.agents/workflows/pre-development.md	10 — Strategy	411	evidence	role:*	role:*			**Capabilities**: artifact read/write, decision-led external research, and optional document export only when requested.	kept:role:*
R0169	.agents/workflows/pre-development.md	10 — Strategy	414	evidence	role:*	role:*			Before strategic selection, research each product whose audience, alternatives, pricing, channel, demand, or viability evidence can change the current choice.	kept:role:*
R0170	.agents/workflows/pre-development.md	10 — Strategy	414	inheritance	role:*	role:*			Each active product needs a bounded `products/<layer>/<product-id>/research.md`; include a future product only when comparing it is material to the current choice.	kept:role:*
R0171	.agents/workflows/pre-development.md	10 — Strategy	414	evidence	role:*	role:*			Do not perform blanket research on all possible products.	kept:role:*
R0172	.agents/workflows/pre-development.md	10 — Strategy	414	evidence	role:*	role:*			A material unsupported claim remains an explicit gap or experiment question, never an invented answer.	kept:role:*
R0173	.agents/workflows/pre-development.md	10 — Strategy	422	evidence	role:*	role:*			Cross-product comparison belongs to Strategy and cites the relevant product findings; there is no shared market-research summary.	kept:role:*
R0174	.agents/workflows/pre-development.md	10 — Strategy	422	evidence	role:*	role:*			A source may inform multiple products only when its applicability is stated separately.	kept:role:*
R0175	.agents/workflows/pre-development.md	10 — Strategy	422	evidence	role:*	role:*			Do not copy product market findings into product models or a shared register.	kept:role:*
R0176	.agents/workflows/pre-development.md	10 — Strategy	422	evidence	role:*	role:*			A contradiction with a client statement becomes a question linked from product Research; only attributable client clarification or corrected supplied material updates the factual intake.	kept:role:*
R0177	.agents/workflows/pre-development.md	10 — Strategy	430	prohibition	role:*	role:*			Existing model/Product/Sales intake cross-checks client facts and resources; unfinished product decisions do not become strategic premises.	kept:role:*
R0178	.agents/workflows/pre-development.md	10 — Strategy	430	inheritance	role:*	role:*			Keep evidence provenance in Strategy metadata, without visible citations to downstream product documents.	kept:role:*
R0179	.agents/workflows/pre-development.md	10 — Strategy	430	method	role:*	role:*			Define the marketing role of each relevant confirmed Brief product and connect goals, positioning, coordinated channels, activation, conversion, continued use, recommendations and cross-product adoption.	kept:role:*
R0180	.agents/workflows/pre-development.md	10 — Strategy	430	method	role:*	role:*			Supporting activities remain strategic context unless explicitly defined as separate offers.	kept:role:*
R0181	.agents/workflows/pre-development.md	10 — Strategy	430	method	role:*	role:*			Detailed offers, campaign calendars, budgets and tests belong to product work; a first experiment is not the organizing principle of Strategy.	kept:role:*
R0182	.agents/workflows/pre-development.md	10 — Strategy	442	method	role:*	role:*			Strategy is the concrete target-state description of the whole project after it meets the approved Brief as fully as the known constraints allow.	kept:role:*
R0183	.agents/workflows/pre-development.md	10 — Strategy	442	method	role:*	role:*			Keep intended and forecast outcomes distinct from observed results, but present the selected end state itself rather than narrating the route from today's situation to it.	kept:role:*
R0184	.agents/workflows/pre-development.md	10 — Strategy	442	prohibition	role:*	role:*			Do not turn Strategy into a roadmap, backlog, phased transition, a list of what to prepare or configure next, or a summary of missing product deliverables.	kept:role:*
R0185	.agents/workflows/pre-development.md	10 — Strategy	442	method	role:*	role:*			Brief owns the attributable current state and confirmed intentions.	kept:role:*
R0186	.agents/workflows/pre-development.md	10 — Strategy	442	method	role:*	role:*			Strategy references only the current facts needed to justify its target state, proof boundary or material constraint.	kept:role:*
R0187	.agents/workflows/pre-development.md	10 — Strategy	442	workflow	split	gate + role:market-researcher + role:strategist + duplicate			Product, Sales, Website and Marketing Creative own the intended offer, process and deliverables; task coordination belongs in the handoff or later engineering workflow.	split:gate + role:market-researcher + role:strategist + duplicate
R0188	.agents/workflows/pre-development.md	10 — Strategy	459	inheritance	role:*	role:*			The shared Strategy template and quality criteria apply equally to new framework and downstream work.	kept:role:*
R0189	.agents/workflows/pre-development.md	10 — Strategy	459	inheritance	role:*	role:*			Select the active source with the repository-layer resolver; downstream projects author `strategy/startup.md` from their own Brief and research.	kept:role:*
R0190	.agents/workflows/pre-development.md	10 — Strategy	459	inheritance	role:*	role:*			The inherited framework document is a reference, not a ready-made strategy or approval for that project.	kept:role:*
R0191	.agents/workflows/pre-development.md	10 — Strategy	459	method	role:*	role:*			Reconcile existing strategies under the cross-project rules in `.agents/contracts/pipeline-reconciliation.md` before advancing stages.	kept:role:*
R0192	.agents/workflows/pre-development.md	10 — Strategy	466	method	role:*	role:*			`strategy.md` is a replacement projection, not an interview log.	kept:role:*
R0193	.agents/workflows/pre-development.md	10 — Strategy	466	evidence	role:*	role:*			During fact collection, update the owning Brief, product models, product Research, or Sales; do not invoke the Strategist after each answer.	kept:role:*
R0194	.agents/workflows/pre-development.md	10 — Strategy	466	confirmation	role:*	role:*			Explicit operator corrections confirm the stated input facts for the requested draft revision; apply them without asking the same factual questions again.	kept:role:*
R0195	.agents/workflows/pre-development.md	10 — Strategy	466	confirmation	role:*	role:*			Keep changed whole-document confirmations unrenewed and present the affected input changes with the revised proposal for one review batch.	kept:role:*
R0196	.agents/workflows/pre-development.md	10 — Strategy	466	confirmation	role:*	role:*			This does not approve the new Strategy or advance to Brand.	kept:role:*
R0197	.agents/workflows/pre-development.md	10 — Strategy	475	prohibition	role:*	role:*			Treat the previous strategy body as invalid and do not load it as an input.	kept:role:*
R0198	.agents/workflows/pre-development.md	10 — Strategy	475	evidence	role:*	role:*			Start from `.agents/templates/strategy.md` and replace the complete active strategy source from the approved upstream dependency closure.	kept:role:*
R0199	.agents/workflows/pre-development.md	10 — Strategy	475	method	role:*	role:*			Use exactly the five template sections: Strategic direction; Audiences and product roles; Growth system; Customer journey; Measurement and priorities.	kept:role:*
R0200	.agents/workflows/pre-development.md	10 — Strategy	475	method	role:*	role:*			Explain why the selected channels and product experience reinforce each other.	kept:role:*
R0201	.agents/workflows/pre-development.md	10 — Strategy	475	confirmation	role:*	role:*			Approval and review state stay in metadata and the Studio badge; no Decision status section or empty blocker table is needed.	kept:role:*
R0202	.agents/workflows/pre-development.md	10 — Strategy	475	method	role:*	role:*			Keep material uncertainty beside the affected decision.	kept:role:*
R0203	.agents/workflows/pre-development.md	10 — Strategy	475	workflow	split	gate + role:market-researcher + role:strategist + duplicate			Write one coherent final picture of the project that fulfills the approved Brief, plus its durable management rules, not preparation tasks, transition phases or the next work stage.	split:gate + role:market-researcher + role:strategist + duplicate
R0204	.agents/workflows/pre-development.md	10 — Strategy	475	prohibition	role:*	role:*			Do not repeat the same audience, value, route or measurement rationale across sections.	kept:role:*
R0205	.agents/workflows/pre-development.md	10 — Strategy	475	workflow	split	gate + role:market-researcher + role:strategist + duplicate			Do not add interview chronology, repeated operator-fact lists, superseded or invalidated wording, downstream instructions, or handoff prose to the artifact.	split:gate + role:market-researcher + role:strategist + duplicate
R0206	.agents/workflows/pre-development.md	10 — Strategy	475	method	role:*	role:*			Use Git for history, document metadata for review state, and the response for coordination.	kept:role:*
R0207	.agents/workflows/pre-development.md	10 — Strategy	475	gate-candidate	gate	gate			Prefer a source of about 1,400 words, without a hard line or word cap and do not add third-level headings.	executable:pipeline definition
R0208	.agents/workflows/pre-development.md	10 — Strategy	475	prohibition	role:*	role:*			Keep product-level business learning to a concise line; do not require an experiment track, sample quota, trial calendar or stop-rule table here.	kept:role:*
R0209	.agents/workflows/pre-development.md	10 — Strategy	475	method	role:*	role:*			Read the complete current strategy as the operator will see it.	kept:role:*
R0210	.agents/workflows/pre-development.md	10 — Strategy	498	method	role:*	role:*			The Strategist owns professional choices, but may not invent operator facts.	kept:role:*
R0211	.agents/workflows/pre-development.md	10 — Strategy	498	workflow	split	gate + role:market-researcher + role:strategist + duplicate			If the strategic direction depends on available hours, cash budget, reachable contacts, channel access, license intent, support capacity, response commitments, or decision authority that the operator has not supplied, keep the stage blocked and ask for the highest-impact fact.	split:gate + role:market-researcher + role:strategist + duplicate
R0212	.agents/workflows/pre-development.md	10 — Strategy	498	method	role:*	role:*			A proposed public channel alone does not require proof of an existing account or audience.	kept:role:*
R0213	.agents/workflows/pre-development.md	10 — Strategy	498	prohibition	role:*	role:*			Do not substitute an easier channel or different customer journey for the operator-selected direction.	kept:role:*
R0214	.agents/workflows/pre-development.md	10 — Strategy	506	method	role:*	role:*			Completion requires coherent project goals, audience-growth and sales-product priorities, positioning, product roles traceable to confirmed Brief IDs, a coordinated channel system, activation/conversion/retention/adoption paths, observable outcomes, durable resource-allocation principles and one clear, concrete target state for the whole project.	kept:role:*
R0215	.agents/workflows/pre-development.md	10 — Strategy	506	method	role:*	role:*			That state must satisfy the approved Brief as fully as known constraints allow.	kept:role:*
R0216	.agents/workflows/pre-development.md	10 — Strategy	506	method	role:*	role:*			Choices must fit the available facts and explain material trade-offs.	kept:role:*
R0217	.agents/workflows/pre-development.md	10 — Strategy	506	confirmation	role:*	role:*			Do not substitute a next-step list for the strategic direction or invent ongoing commitments from scoped trial limits or require product-level campaign design to approve Strategy.	kept:role:*
R0218	.agents/workflows/pre-development.md	10 — Strategy	506	evidence	role:*	role:*			Unresolved evidence must have a clear implication for the decision.	kept:role:*
R0219	.agents/workflows/pre-development.md	10 — Strategy	506	workflow	split	gate + role:market-researcher + role:strategist + duplicate			Strategy requires valid user confirmation before the stage completes.	split:gate + role:market-researcher + role:strategist + duplicate
R0220	.agents/workflows/pre-development.md	10 — Strategy	506	method	role:*	role:*			Return the compact marketing direction in the operator's language and keep `10-strategy` blocked on Strategy's strategic-direction section until the operator confirms or corrects it.	kept:role:*
R0221	.agents/workflows/pre-development.md	10 — Strategy	506	workflow	split	gate + role:market-researcher + role:strategist + duplicate			On confirmation, record approval in the Strategy source metadata and only then persist `20-brand`, `in_progress`, and `[brand]`.	split:gate + role:market-researcher + role:strategist + duplicate
R0222	.agents/workflows/pre-development.md	10 — Strategy	506	confirmation	role:*	role:*			Do not duplicate the document approval in body prose.	kept:role:*
R0223	.agents/workflows/pre-development.md	10 — Strategy	525	workflow	split	gate + role:market-researcher + role:strategist + duplicate			No separate stage command is required; a natural-language approval or correction is sufficient.	split:gate + role:market-researcher + role:strategist + duplicate
R0224	.agents/workflows/pre-development.md	20 — Brand	534	gate-candidate	gate	gate			**Required inputs**: operator-approved strategy, relevant product Research and client evidence, any indexed project-specific communication context relevant to this decision, and the current `brand`.	executable:pipeline definition
R0225	.agents/workflows/pre-development.md	20 — Brand	534	method	role:*	role:*			Generic communication methods come from the role; a separate knowledge file is not a prerequisite.	kept:role:*
R0226	.agents/workflows/pre-development.md	20 — Brand	539	evidence	role:*	role:*			**Capabilities**: artifact read/write and selective web research.	kept:role:*
R0227	.agents/workflows/pre-development.md	20 — Brand	541	method	role:*	role:*			`brand.md` is the meaning that should form in the audience's mind.	kept:role:*
R0228	.agents/workflows/pre-development.md	20 — Brand	541	method	role:*	role:*			Neither role puts colors, typography, logos, layouts, photographs, illustrations, prompts, generated files, or channel formats into Brand; those belong to Design.	kept:role:*
R0229	.agents/workflows/pre-development.md	20 — Brand	548	evidence	role:*	role:*			On a full Brand run, replace the complete active brand source from `.agents/templates/brand.md` and stable upstream dependencies.	kept:role:*
R0230	.agents/workflows/pre-development.md	20 — Brand	548	prohibition	role:*	role:*			Do not load the old body as generation input.	kept:role:*
R0231	.agents/workflows/pre-development.md	20 — Brand	548	method	role:*	role:*			Use the five current template sections: Brand identity; Intended perception; Meaning and message hierarchy; Voice and language; Consistency rules.	kept:role:*
R0232	.agents/workflows/pre-development.md	20 — Brand	548	readability	duplicate	workflow (one readability paragraph)			Prefer a result of about 1,400 words without omitting material decisions and state every meaning or communication decision once.	removed:restatement (workflow working rules own it)
R0233	.agents/workflows/pre-development.md	20 — Brand	548	inheritance	role:*	role:*			Record sources in claim-keyed metadata; confirmation stays in metadata and the Studio badge, without Decision status, visible downstream citations, intake history or a second approval summary.	kept:role:*
R0234	.agents/workflows/pre-development.md	20 — Brand	557	evidence	role:*	role:*			Completion requires a reviewable intended perception, message hierarchy, proof limits, objections, voice, naming, governance, resolved material claim and disclosure questions, and valid Brand confirmation metadata.	kept:role:*
R0235	.agents/workflows/pre-development.md	20 — Brand	561	prohibition	role:*	role:*			The Communication Strategist and Brand Designer make the professional communication and visual choices; do not ask the operator to design the answer for them.	kept:role:*
R0236	.agents/workflows/pre-development.md	20 — Brand	561	prohibition	role:*	role:*			Return the resulting direction for confirmation, however, because website work must not silently freeze an unreviewed brand.	kept:role:*
R0237	.agents/workflows/pre-development.md	20 — Brand	561	inheritance	role:*	role:*			Until confirmation, keep `20-brand` blocked on `brand/<layer>.md#intended-perception` and treat the brand and its meaning as proposed.	kept:role:*
R0238	.agents/workflows/pre-development.md	20 — Brand	561	workflow	split	gate + role:communication-strategist + role:brand-designer			On confirmation, record it in the brand artifact's metadata under `.agents/contracts/document-confirmation.md`, then persist `30-design`, `in_progress`, and `[design, assets]`.	split:gate + role:communication-strategist + role:brand-designer
R0239	.agents/workflows/pre-development.md	20 — Brand	561	prohibition	role:*	role:*			Do not duplicate its status in the body.	kept:role:*
R0240	.agents/workflows/pre-development.md	30 — Design	578	method	role:brand-designer	role:brand-designer			**Required inputs**: product models, approved strategy, approved brand, a complete categorized visual-reference intake in the resolved Brief, matching registered Assets, and every upstream correction triggered during design.	kept:role:brand-designer
R0241	.agents/workflows/pre-development.md	30 — Design	583	method	role:brand-designer	role:brand-designer			**Capabilities**: artifact read/write, image inspection/generation and Figma when available, plus static Studio composition; no production data capability.	kept:role:brand-designer
R0242	.agents/workflows/pre-development.md	30 — Design	586	method	role:brand-designer	role:brand-designer			Before loading, generating, or updating Design decisions, inspect the resolved Brief's `Visual reference intake` and the matching registered Assets.	kept:role:brand-designer
R0243	.agents/workflows/pre-development.md	30 — Design	586	gate-candidate	gate	gate			Brief must contain five separately labeled reference sets: interface and website appearance, typography, photography, illustration, and marketing creative.	executable:pipeline definition
R0244	.agents/workflows/pre-development.md	30 — Design	586	method	role:brand-designer	role:brand-designer			For every family it records the required reference set, reference asset IDs, liked and disliked qualities, and category status.	kept:role:brand-designer
R0245	.agents/workflows/pre-development.md	30 — Design	586	gate-candidate	gate	gate			Read the visible preferences together with any exact IDs/status stored in Brief's `visual_references` frontmatter; do not reinsert workflow instructions into the client document.	executable:pipeline definition
R0246	.agents/workflows/pre-development.md	30 — Design	586	method	role:brand-designer	role:brand-designer			Existing project materials stay canonical in Assets rather than being duplicated in each intake row.	kept:role:brand-designer
R0247	.agents/workflows/pre-development.md	30 — Design	586	method	role:brand-designer	role:brand-designer			Every category needs supplied references or an explicit out-of-scope decision; silence is not an answer.	kept:role:brand-designer
R0248	.agents/workflows/pre-development.md	30 — Design	586	method	role:brand-designer	role:brand-designer			A reference expresses preference, not copying permission.	kept:role:brand-designer
R0249	.agents/workflows/pre-development.md	30 — Design	599	workflow	split	gate + role:brand-designer + contract:inheritance + operator-doc + duplicate			If this prerequisite is incomplete, keep `active_stage: 30-design`, set `active_artifacts: [brief, assets]`, and block on `brief/<layer>.md#visual-reference-intake`.	split:gate + role:brand-designer + contract:inheritance + operator-doc + duplicate
R0250	.agents/workflows/pre-development.md	30 — Design	599	method	role:brand-designer	role:brand-designer			Route operator facts to the Account Manager-owned Brief and files to Assets.	kept:role:brand-designer
R0251	.agents/workflows/pre-development.md	30 — Design	599	gate-candidate	gate	gate			The Brand Designer may validate category fit and describe shared traits in any supplied category, returning that proposed description to the Account Manager for client review.	executable:pipeline definition
R0252	.agents/workflows/pre-development.md	30 — Design	599	prohibition	role:brand-designer	role:brand-designer			Do not copy the intake table into `design.md`, select final tokens or project visual territories, write production media prompts, or generate Design assets before the Brief gate passes.	kept:role:brand-designer
R0253	.agents/workflows/pre-development.md	30 — Design	610	method	role:brand-designer	role:brand-designer			The operator supplies each set separately, for example from Pinterest, and labels its category at upload.	kept:role:brand-designer
R0254	.agents/workflows/pre-development.md	30 — Design	610	method	role:brand-designer	role:brand-designer			Interface references must show interface details; typography references must make type character and hierarchy observable; photography references must be actual photographs; illustration references must be illustrations; marketing-creative references must be banners, covers, advertisements, or social posts with visible text and composition.	kept:role:brand-designer
R0255	.agents/workflows/pre-development.md	30 — Design	610	method	role:brand-designer	role:brand-designer			The operator need only indicate that an example appeals to them.	kept:role:brand-designer
R0256	.agents/workflows/pre-development.md	30 — Design	610	inheritance	contract:inheritance	contract:inheritance			Copy accepted files into `assets/<layer>/intake/<category>/`, where `<category>` is `interface`, `typography`, `photography`, `illustration`, or `marketing-creative`; record the same category in Assets.	moved:contract:inheritance
R0257	.agents/workflows/pre-development.md	30 — Design	610	inheritance	contract:inheritance	contract:inheritance			Never place a singlepage input in startup or a startup input in singlepage.	moved:contract:inheritance
R0258	.agents/workflows/pre-development.md	30 — Design	626	prohibition	role:brand-designer	role:brand-designer			Do not accept one mixed or unlabeled moodboard as completion of these gates.	kept:role:brand-designer
R0259	.agents/workflows/pre-development.md	30 — Design	626	method	role:brand-designer	role:brand-designer			Inspect every item, verify that it matches its declared category, and ask the operator to correct or re-upload a mismatch rather than silently repurposing it.	kept:role:brand-designer
R0260	.agents/workflows/pre-development.md	30 — Design	626	method	role:brand-designer	role:brand-designer			A reference can be cited outside its category only as secondary corroboration after that other category has its own valid set.	kept:role:brand-designer
R0261	.agents/workflows/pre-development.md	30 — Design	626	method	role:brand-designer	role:brand-designer			Keep a mixed input `unclassified` only while the operator is deciding how to correct it.	kept:role:brand-designer
R0262	.agents/workflows/pre-development.md	30 — Design	626	confirmation	role:brand-designer	role:brand-designer			If the operator rejects or replaces it, remove its exact file, registry entry, and stale current-artifact mentions after verifying that no current decision still references it.	kept:role:brand-designer
R0263	.agents/workflows/pre-development.md	30 — Design	636	method	role:brand-designer	role:brand-designer			Interface and website-appearance intake covers reusable visual qualities such as density, hierarchy, grid, whitespace, surfaces, shape, translucency, motion, and the balance of type and imagery; it does not define product pages or the visitor journey.	kept:role:brand-designer
R0264	.agents/workflows/pre-development.md	30 — Design	636	method	role:brand-designer	role:brand-designer			Typography intake covers existing font files and rights, liked and disliked type examples, required scripts and languages, reading contexts, and desired or prohibited character.	kept:role:brand-designer
R0265	.agents/workflows/pre-development.md	30 — Design	636	method	role:brand-designer	role:brand-designer			Photography and illustration remain separate media facts.	kept:role:brand-designer
R0266	.agents/workflows/pre-development.md	30 — Design	636	method	role:brand-designer	role:brand-designer			Marketing-creative references establish cross-channel visual preferences during Design, while actual formats, copy, and campaign compositions remain product-local work in `40-products`.	kept:role:brand-designer
R0267	.agents/workflows/pre-development.md	30 — Design	646	method	role:brand-designer	role:brand-designer			When an in-scope category has no valid reference set, keep Design blocked and explain what belongs in that set.	kept:role:brand-designer
R0268	.agents/workflows/pre-development.md	30 — Design	646	prohibition	role:brand-designer	role:brand-designer			Do not substitute agent-invented moodboards, style directions, or generated previews for the client's missing taste input.	kept:role:brand-designer
R0269	.agents/workflows/pre-development.md	30 — Design	646	method	role:brand-designer	role:brand-designer			Typography examples are mandatory even when the operator has not chosen an exact font; they must show desired character, hierarchy, and required scripts.	kept:role:brand-designer
R0270	.agents/workflows/pre-development.md	30 — Design	646	prohibition	role:brand-designer	role:brand-designer			Do not select final visual tokens, register font choices, write a media style master prompt, or generate the registered example set until the categorized intake is complete.	kept:role:brand-designer
R0271	.agents/workflows/pre-development.md	30 — Design	655	method	role:brand-designer	role:brand-designer			After all five categorized sets pass the Brief intake and before proposing the visual system, the Brand Designer writes a `Client visual preference profile` in `design.md`.	kept:role:brand-designer
R0272	.agents/workflows/pre-development.md	30 — Design	655	method	role:brand-designer	role:brand-designer			For each, explain what recurs across its examples, using specific asset IDs for support.	kept:role:brand-designer
R0273	.agents/workflows/pre-development.md	30 — Design	655	method	role:brand-designer	role:brand-designer			Inspect actual images, not only filenames, registry descriptions or one selected image.	kept:role:brand-designer
R0274	.agents/workflows/pre-development.md	30 — Design	655	method	role:brand-designer	role:brand-designer			Keep a lone trait or disagreement separate instead of treating it as shared.	kept:role:brand-designer
R0275	.agents/workflows/pre-development.md	30 — Design	655	confirmation	role:brand-designer	role:brand-designer			Use already confirmed intake descriptions without asking for the same approval again.	kept:role:brand-designer
R0276	.agents/workflows/pre-development.md	30 — Design	655	method	role:brand-designer	role:brand-designer			This synthesis translates every used reference and operator statement into a coherent description across contrast, palette, density, whitespace, grid and rhythm, surface treatment, shape language, type character, image realism, illustration grammar, motion, and cross-channel composition.	kept:role:brand-designer
R0277	.agents/workflows/pre-development.md	30 — Design	655	prohibition	role:brand-designer	role:brand-designer			The Brand Designer discovers and systematizes the client's taste; they do not invent a replacement taste or select a visual direction from generic convention.	kept:role:brand-designer
R0278	.agents/workflows/pre-development.md	30 — Design	655	method	role:brand-designer	role:brand-designer			Return that description in the operator's language for confirmation or correction.	kept:role:brand-designer
R0279	.agents/workflows/pre-development.md	30 — Design	655	method	role:brand-designer	role:brand-designer			Only a confirmed profile may drive the visual territory comparison and the resulting colors, typography, photography, illustration, and reusable graphic language.	kept:role:brand-designer
R0280	.agents/workflows/pre-development.md	30 — Design	655	confirmation	role:brand-designer	role:brand-designer			Approval of one family never implies approval of another.	kept:role:brand-designer
R0281	.agents/workflows/pre-development.md	30 — Design	678	method	role:brand-designer	role:brand-designer			Keep reference-derived style and project-derived scene semantics as separate inputs.	kept:role:brand-designer
R0282	.agents/workflows/pre-development.md	30 — Design	678	inheritance	contract:inheritance	contract:inheritance			Never inherit a reference's location, occupation, object, backdrop, or narrative merely because it appears in the supplied image.	moved:contract:inheritance
R0283	.agents/workflows/pre-development.md	30 — Design	678	method	role:brand-designer	role:brand-designer			A scene-setting preference becomes binding only when the operator explicitly confirms it or the approved project context independently requires it.	kept:role:brand-designer
R0284	.agents/workflows/pre-development.md	30 — Design	678	method	role:brand-designer	role:brand-designer			Before generation, review every content brief against both inputs; when reference atmosphere conflicts with project meaning, preserve the visual technique and replace the scene semantics.	kept:role:brand-designer
R0285	.agents/workflows/pre-development.md	30 — Design	690	method	role:brand-designer	role:brand-designer			A software business does not imply a computer or phone in every photograph.	kept:role:brand-designer
R0286	.agents/workflows/pre-development.md	30 — Design	690	method	role:brand-designer	role:brand-designer			Put subjects, props and scenes in each content brief; make them mandatory only when the current operator direction requires them.	kept:role:brand-designer
R0287	.agents/workflows/pre-development.md	30 — Design	697	prohibition	role:brand-designer	role:brand-designer			`design.md` translates the approved Brand into reusable visual decisions: identity application, colors, typography, spacing, grid, shapes, photography, illustration, iconography, diagrams, motion, accessibility, and do/don't rules.	kept:role:brand-designer
R0288	.agents/workflows/pre-development.md	30 — Design	697	method	role:brand-designer	role:brand-designer			It may contain concise reusable prompts and example purposes, but not pages, forms, success states, campaign formats, or advertisements.	kept:role:brand-designer
R0289	.agents/workflows/pre-development.md	30 — Design	697	readability	duplicate	workflow (one readability paragraph)			Prefer about 1,400 words per page; preserve material decisions if longer.	removed:restatement (workflow working rules own it)
R0290	.agents/workflows/pre-development.md	30 — Design	697	method	role:brand-designer	role:brand-designer			The asset registry owns file provenance and lifecycle; Design references asset IDs without duplicating their full records.	kept:role:brand-designer
R0291	.agents/workflows/pre-development.md	30 — Design	706	method	role:brand-designer	role:brand-designer			Typography is a professional proposal derived from the confirmed preference profile, not a request for the operator to choose an exact font without guidance.	kept:role:brand-designer
R0292	.agents/workflows/pre-development.md	30 — Design	706	readability	duplicate	workflow (one readability paragraph)			Compare two or three viable pairings when no exact family is already mandated, explaining language coverage, readability, character, licensing, and role fit.	removed:restatement (workflow working rules own it)
R0293	.agents/workflows/pre-development.md	30 — Design	706	method	role:brand-designer	role:brand-designer			After the operator selects a pairing, typography becomes structured data, not prose parsing.	kept:role:brand-designer
R0294	.agents/workflows/pre-development.md	30 — Design	706	method	role:brand-designer	role:brand-designer			Every selected type role records an exact CSS family name, available weights, usage, and one registered font asset ID.	kept:role:brand-designer
R0295	.agents/workflows/pre-development.md	30 — Design	706	gate-candidate	gate	gate			The layer stylesheet must declare that same family and asset path.	executable:pipeline definition
R0296	.agents/workflows/pre-development.md	30 — Design	706	method	role:brand-designer	role:brand-designer			Before review, load the real font and verify both `document.fonts.check(...)` and the specimen's computed `font-family`; a browser fallback that merely resembles the selection fails the gate.	kept:role:brand-designer
R0297	.agents/workflows/pre-development.md	30 — Design	706	inheritance	contract:inheritance	contract:inheritance			A startup typography override must provide its own complete role rows, registered font assets, and layered CSS declarations.	moved:contract:inheritance
R0298	.agents/workflows/pre-development.md	30 — Design	721	method	role:brand-designer	role:brand-designer			Photography and illustration are primary Design quality gates, not optional polish.	kept:role:brand-designer
R0299	.agents/workflows/pre-development.md	30 — Design	721	workflow	split	gate + role:brand-designer + contract:inheritance + operator-doc + duplicate			A product visitor encounters their consistency before they can evaluate strategy or implementation detail, so a Design stage cannot complete from written direction alone.	split:gate + role:brand-designer + contract:inheritance + operator-doc + duplicate
R0300	.agents/workflows/pre-development.md	30 — Design	721	gate-candidate	gate	gate			Both media families use the same required document contract under their respective second-level section:	executable:pipeline definition
R0301	.agents/workflows/pre-development.md	30 — Design	727	evidence	role:brand-designer	role:brand-designer			`Purpose and evidence boundary` states the communication job and what the imagery cannot prove.	kept:role:brand-designer
R0302	.agents/workflows/pre-development.md	30 — Design	727	readability	duplicate	workflow (one readability paragraph)			Keep it readable to a person and reusable across scenes.	removed:restatement (workflow working rules own it)
R0303	.agents/workflows/pre-development.md	30 — Design	727	prohibition	role:brand-designer	role:brand-designer			Optional techniques stay optional; do not stack every reference effect into every image.	kept:role:brand-designer
R0304	.agents/workflows/pre-development.md	30 — Design	727	prohibition	role:brand-designer	role:brand-designer			Do not prescribe devices, output dimensions, a fixed composition, object counts, accent percentages or quality-check lists unless the operator explicitly requires them as style.	kept:role:brand-designer
R0305	.agents/workflows/pre-development.md	30 — Design	727	method	role:brand-designer	role:brand-designer			Output format and crop requirements belong to the specific deliverable; internal quality checks belong to the review block and file dimensions to Assets.	kept:role:brand-designer
R0306	.agents/workflows/pre-development.md	30 — Design	727	method	role:brand-designer	role:brand-designer			The content brief states what the image communicates; it does not encode SVG paths, exact primitive placement, or a copied reference composition.	kept:role:brand-designer
R0307	.agents/workflows/pre-development.md	30 — Design	748	method	role:brand-designer	role:brand-designer			Choose illustration backgrounds for the project's visual direction and intended placement; transparency is not a universal requirement.	kept:role:brand-designer
R0308	.agents/workflows/pre-development.md	30 — Design	748	method	role:brand-designer	role:brand-designer			Preserve the original generated master.	kept:role:brand-designer
R0309	.agents/workflows/pre-development.md	30 — Design	756	method	role:brand-designer	role:brand-designer			Correct material style drift and regenerate the affected set before calling the new prompt tested.	kept:role:brand-designer
R0310	.agents/workflows/pre-development.md	30 — Design	756	evidence	role:brand-designer	role:brand-designer			Old images generated from another prompt are comparison material, not evidence that the current prompt works.	kept:role:brand-designer
R0311	.agents/workflows/pre-development.md	30 — Design	756	method	role:brand-designer	role:brand-designer			Record the exact master, content brief and input asset IDs in generation provenance; replace displayed examples with the verified current outputs.	kept:role:brand-designer
R0312	.agents/workflows/pre-development.md	30 — Design	765	method	role:brand-designer	role:brand-designer			Each active media family needs at least three materially different generated or accepted examples before Design review so consistency is tested across content, not inferred from one successful image.	kept:role:brand-designer
R0313	.agents/workflows/pre-development.md	30 — Design	765	evidence	role:brand-designer	role:brand-designer			Review the real registered files together at source size, intended layout size, a small preview, and every declared crop.	kept:role:brand-designer
R0314	.agents/workflows/pre-development.md	30 — Design	765	prohibition	role:brand-designer	role:brand-designer			If one example requires a different visual grammar to work, correct or reject it; do not silently weaken the shared master prompt.	kept:role:brand-designer
R0315	.agents/workflows/pre-development.md	30 — Design	765	method	role:brand-designer	role:brand-designer			Record exact generation prompts and tool provenance in Assets.	kept:role:brand-designer
R0316	.agents/workflows/pre-development.md	30 — Design	765	method	role:brand-designer	role:brand-designer			Design contains the reusable master and semantic content briefs, not mutable pointers standing in for generation provenance.	kept:role:brand-designer
R0317	.agents/workflows/pre-development.md	30 — Design	780	method	role:brand-designer	role:brand-designer			Choose each image's format and composition for its subject and intended use; there is no universal square or centered safe-area requirement.	kept:role:brand-designer
R0318	.agents/workflows/pre-development.md	30 — Design	780	method	role:brand-designer	role:brand-designer			Consistency comes from shared visual treatment across varied subjects and compositions, not identical framing.	kept:role:brand-designer
R0319	.agents/workflows/pre-development.md	30 — Design	786	prohibition	role:brand-designer	role:brand-designer			Spacing, container, column, breakpoint, and radius decisions use named Tailwind utilities from the repository configuration and record their resolved values; do not create a parallel arbitrary-pixel system in Design prose.	kept:role:brand-designer
R0320	.agents/workflows/pre-development.md	30 — Design	791	inheritance	contract:inheritance	contract:inheritance			They belong to the layer that selected them and live only below `assets/<layer>/fonts/`, beside that layer's asset registry.	moved:contract:inheritance
R0321	.agents/workflows/pre-development.md	30 — Design	791	inheritance	contract:inheritance	contract:inheritance			Keep `assets/startup/fonts/` empty until the downstream project selects its own local fonts; never copy inherited singlepage fonts into startup.	moved:contract:inheritance
R0322	.agents/workflows/pre-development.md	30 — Design	791	inheritance	contract:inheritance	contract:inheritance			Resolved presentation styles use startup font declarations when they exist and otherwise continue through the singlepage layer.	moved:contract:inheritance
R0323	.agents/workflows/pre-development.md	30 — Design	798	inheritance	contract:inheritance	contract:inheritance			Generated outputs use one current proposal ID and `proposed` or `approved` lifecycle and live only below `assets/<layer>/generated/<proposal_id>/`.	moved:contract:inheritance
R0324	.agents/workflows/pre-development.md	30 — Design	798	confirmation	role:brand-designer	role:brand-designer			On rejection, record the attributable decision, remove only the owned generated files and rows after checking references, and replace the stale Design decision.	kept:role:brand-designer
R0325	.agents/workflows/pre-development.md	30 — Design	798	prohibition	role:brand-designer	role:brand-designer			Client and public-reference inputs are never removed because of age alone.	kept:role:brand-designer
R0326	.agents/workflows/pre-development.md	30 — Design	798	confirmation	role:brand-designer	role:brand-designer			When an attributable operator decision marks an exact input rejected, replaced, duplicated, or no longer needed, remove its file, registry row, and stale current-artifact mentions together after checking current references.	kept:role:brand-designer
R0327	.agents/workflows/pre-development.md	30 — Design	808	method	role:brand-designer	role:brand-designer			Return Design for operator review.	kept:role:brand-designer
R0328	.agents/workflows/pre-development.md	30 — Design	808	method	role:brand-designer	role:brand-designer			Once its current direction is confirmed, record that status in `design.md`.	kept:role:brand-designer
R0329	.agents/workflows/pre-development.md	30 — Design	808	gate-candidate	gate	gate			No automated prose or prompt validator is part of this workflow.	executable:pipeline definition
R0330	.agents/workflows/pre-development.md	30 — Design	812	gate-candidate	gate	gate			Additional Markdown headings alone do not create visible sections.	executable:pipeline definition
R0331	.agents/workflows/pre-development.md	30 — Design	812	method	role:brand-designer	role:brand-designer			A default-exported TSX/JSX `template` may replace the visual canvas below the shared review header and receive the resolved Design document, asset registry, confirmation, and declared section children.	kept:role:brand-designer
R0332	.agents/workflows/pre-development.md	30 — Design	812	migration	split	gate + role:brand-designer + contract:inheritance + operator-doc + duplicate			With `sections: []`, it can use its own structure without the legacy field schema.	split:gate + role:brand-designer + contract:inheritance + operator-doc + duplicate
R0333	.agents/workflows/pre-development.md	30 — Design	812	inheritance	contract:inheritance	contract:inheritance			Use Tailwind and layered styles; do not edit the shared template for one project's requirements.	moved:contract:inheritance
R0334	.agents/workflows/pre-development.md	30 — Design	825	inheritance	contract:inheritance	contract:inheritance			Keep one neutral Workspace document header above the visual canvas in every non-empty `default`, `singlepage`, and `startup` Design view: confirmation badge, Design H1, purpose, and usage.	moved:contract:inheritance
R0335	.agents/workflows/pre-development.md	30 — Design	825	method	role:brand-designer	role:brand-designer			The shared renderer owns this header even when overview is omitted or a project supplies its own template.	kept:role:brand-designer
R0336	.agents/workflows/pre-development.md	30 — Design	825	prohibition	role:brand-designer	role:brand-designer			Project colors, fonts, layout, and visual examples belong inside the canvas; scope project styles so they do not restyle the review header.	kept:role:brand-designer
R0337	.agents/workflows/pre-development.md	30 — Design	825	prohibition	role:brand-designer	role:brand-designer			Do not duplicate the title, badge, or process metadata inside the mockup.	kept:role:brand-designer
R0338	.agents/workflows/pre-development.md	30 — Design	825	inheritance	contract:inheritance	contract:inheritance			Downstream projects inherit this presentation contract while owning their visual choices; a new startup design must not redesign the Workspace shell.	moved:contract:inheritance
R0339	.agents/workflows/pre-development.md	30 — Design	835	inheritance	contract:inheritance	contract:inheritance			A downstream project must own its brandbook rather than shipping the framework's.	moved:contract:inheritance
R0340	.agents/workflows/pre-development.md	30 — Design	835	gate-candidate	gate	gate			Inheritance is the explicit starting state, so `studio:validate` stays silent until that project's own cursor reaches `30-design`; from then on it requires `design/startup.md` to hold decisions of its own, to carry its own operator confirmation, and `assets/startup.yaml` to register at least one owned asset.	executable:pipeline definition
R0341	.agents/workflows/pre-development.md	30 — Design	835	inheritance	contract:inheritance	contract:inheritance			An inherited singlepage approval never satisfies this gate.	moved:contract:inheritance
R0342	.agents/workflows/pre-development.md	30 — Design	835	workflow	split	gate + role:brand-designer + contract:inheritance + operator-doc + duplicate			Either write the startup layer or move the cursor back to the stage that is actually current; do not silence the check by copying framework prose into the startup file.	split:gate + role:brand-designer + contract:inheritance + operator-doc + duplicate
R0343	.agents/workflows/pre-development.md	30 — Design	844	gate-candidate	gate	gate			A non-empty startup layout replaces it completely; all declared files must exist in its own layer.	executable:pipeline definition
R0344	.agents/workflows/pre-development.md	30 — Design	844	inheritance	contract:inheritance	contract:inheritance			Document section inheritance in `design/<layer>.md`, Assets resolution, and CSS cascading remain independent.	moved:contract:inheritance
R0345	.agents/workflows/pre-development.md	30 — Design	844	evidence	role:brand-designer	role:brand-designer			Keep source inspection separate from the resolved default and preserve the document status.	kept:role:brand-designer
R0346	.agents/workflows/pre-development.md	30 — Design	853	prohibition	role:brand-designer	role:brand-designer			Choose relevant visual families from the client brief; do not retain photography, illustration, or another block solely because the starter includes it.	kept:role:brand-designer
R0347	.agents/workflows/pre-development.md	30 — Design	853	method	role:brand-designer	role:brand-designer			Hiding a block does not satisfy an unresolved requirement or out-of-scope decision.	kept:role:brand-designer
R0348	.agents/workflows/pre-development.md	30 — Design	853	confirmation	role:brand-designer	role:brand-designer			Primary document confirmation does not automatically approve additional components or media.	kept:role:brand-designer
R0349	.agents/workflows/pre-development.md	30 — Design	853	confirmation	role:brand-designer	role:brand-designer			Review semantic impact after changes and mark affected documents stale until resolved.	kept:role:brand-designer
R0350	.agents/workflows/pre-development.md	30 — Design	862	prohibition	role:brand-designer	role:brand-designer			The default opening block states the visual concept once and applies reusable graphic-language and do/don't rules.	kept:role:brand-designer
R0351	.agents/workflows/pre-development.md	30 — Design	862	prohibition	role:brand-designer	role:brand-designer			Their Production specification is exposed through an accessible information tooltip beside `Style master prompt`, never as a separate card.	kept:role:brand-designer
R0352	.agents/workflows/pre-development.md	30 — Design	862	gate-candidate	gate	gate			Their Review and quality gate remains in canonical Markdown for agent validation but is not rendered as a human-review card.	executable:pipeline definition
R0353	.agents/workflows/pre-development.md	30 — Design	862	method	role:brand-designer	role:brand-designer			Paragraph or bullet guidance must work in the tooltip, while empty decorative panels are prohibited.	kept:role:brand-designer
R0354	.agents/workflows/pre-development.md	30 — Design	871	method	role:brand-designer	role:brand-designer			Design ships rendered specimens, not only rules.	kept:role:brand-designer
R0355	.agents/workflows/pre-development.md	30 — Design	871	inheritance	contract:inheritance	contract:inheritance			Declare them as layer-owned HTML sections in `design/<layer>/layout.yaml`; Studio inlines a Design HTML file so plain Tailwind resolves against the project's own `--workspace-brand-*` tokens.	moved:contract:inheritance
R0356	.agents/workflows/pre-development.md	30 — Design	871	prohibition	role:brand-designer	role:brand-designer			Keep them framework-free, express state with CSS because injected scripts do not run, and print each specimen's exact class recipe beside it so a product surface is built from the string rather than from an approximation.	kept:role:brand-designer
R0357	.agents/workflows/pre-development.md	30 — Design	878	method	role:brand-designer	role:brand-designer			Controls: one dominant action with its secondary, plain, disabled, and separated destructive variants; selection as a chip and as a grouped choice, each carrying a non-colour signal as well; status and progress; fields and data rows; navigation for a public page and for a work screen with a selected item; and the dark pair whenever the colour system declares a dark column.	kept:role:brand-designer
R0358	.agents/workflows/pre-development.md	30 — Design	878	method	role:brand-designer	role:brand-designer			Compositions: an editorial entry, a content card carrying the project's own confirmed imagery at its original aspect ratio, an icon card on the declared icon grid, and a repeated item grid.	kept:role:brand-designer
R0359	.agents/workflows/pre-development.md	30 — Design	878	method	role:brand-designer	role:brand-designer			Omit a specimen only with an explicit out-of-scope decision; an absent block is not a silent answer.	kept:role:brand-designer
R0360	.agents/workflows/pre-development.md	30 — Design	891	method	role:brand-designer	role:brand-designer			"Every specimen declares itself with `data-specimen=""<id>""` on its container, so completeness is checked rather than assumed."	kept:role:brand-designer
R0361	.agents/workflows/pre-development.md	30 — Design	891	gate-candidate	gate	gate			`studio:validate` requires `actions`, `selection`, `status`, `fields`, `navigation`, `editorial-entry`, `content-card`, `icon-card` and `item-grid` as soon as a layer documents an `Interface and product surfaces` section, and adds `dark-pair` once the Semantic color system declares a Dark column.	executable:pipeline definition
R0362	.agents/workflows/pre-development.md	30 — Design	891	inheritance	contract:inheritance	contract:inheritance			It reads the layout that actually renders, so a replacement startup layout owes its own specimens.	moved:contract:inheritance
R0363	.agents/workflows/pre-development.md	30 — Design	891	method	role:brand-designer	role:brand-designer			To drop one, record `interface_review.omitted_specimens.<id>` with the reason it is out of scope; an empty reason does not satisfy the gate.	kept:role:brand-designer
R0364	.agents/workflows/pre-development.md	30 — Design	901	method	role:brand-designer	role:brand-designer			Every specimen uses the confirmed semantic roles and type steps.	kept:role:brand-designer
R0365	.agents/workflows/pre-development.md	30 — Design	901	prohibition	role:brand-designer	role:brand-designer			Do not invent a size, a radius, or a colour that the Design document does not define: if a needed step is missing, add it to the document as a proposal and obtain confirmation instead of improvising in the markup.	kept:role:brand-designer
R0366	.agents/workflows/pre-development.md	30 — Design	901	prohibition	role:brand-designer	role:brand-designer			Never frame supplied artwork with a second background, because a registered master keeps its own off-white and no container colour can match every one of them.	kept:role:brand-designer
R0367	.agents/workflows/pre-development.md	30 — Design	901	method	role:brand-designer	role:brand-designer			Review the specimens in a browser and verify computed styles, not appearance alone.	kept:role:brand-designer
R0368	.agents/workflows/pre-development.md	30 — Design	909	gate-candidate	gate	gate			Completion requires the resolved Brief to contain five separately labeled and validated reference sets for interface and website appearance, typography, photography, illustration, and marketing creative, or an explicit out-of-scope decision for a genuinely unused family; an operator-confirmed Client visual preference profile; a reusable visual system; the symmetric photography and illustration contract above; at least three visually reviewed examples for each active media family; a reconciled asset registry; the required rendered specimens above with their class recipes; accessibility and evidence boundaries; resolved material design constraints; and valid confirmation of the complete Design.	executable:pipeline definition
R0369	.agents/workflows/pre-development.md	30 — Design	909	method	role:brand-designer	role:brand-designer			Design must stay reusable across products: marketing references inform its cross-channel visual language, but it does not contain a product page, campaign, sales deck, or other offer-specific composition.	kept:role:brand-designer
R0370	.agents/workflows/pre-development.md	30 — Design	923	workflow	split	gate + role:brand-designer + contract:inheritance + operator-doc + duplicate			When complete, persist `40-products`, `in_progress`, and `[products]` before handoff.	split:gate + role:brand-designer + contract:inheritance + operator-doc + duplicate
R0371	.agents/workflows/pre-development.md	40 — Products	930	method	role:*	role:*			**Owners**: Business Analyst for model coherence and process; Strategist refines each `product.md`; Web Designer for each `website.md`; Brand Designer for each `marketing-creative.md`; Communication Strategist and Brand Designer for each presentation.	kept:role:*
R0372	.agents/workflows/pre-development.md	40 — Products	934	evidence	role:*	role:*			**Required inputs**: the operator-confirmed Brief products, each active product's Research and Sales process, initial product models, approved Strategy containing the product roles, marketing direction and separate priorities, approved Brand, approved Design, the product Research, and the resolved asset registry.	kept:role:*
R0373	.agents/workflows/pre-development.md	40 — Products	939	method	duplicate	.agents/workflows/pre-development.md:583	.agents/workflows/pre-development.md:583		**Capabilities**: artifact read/write, image inspection/generation and Figma when available, plus static Studio composition; no production data capability.	removed:duplicate (.agents/workflows/pre-development.md:583)
R0374	.agents/workflows/pre-development.md	40 — Products	942	method	role:*	role:*			Describe how the product should work without presenting planned capabilities, adoption or revenue as observed.	kept:role:*
R0375	.agents/workflows/pre-development.md	40 — Products	942	workflow	split	gate + role:* + contract:inheritance + duplicate			Installation checks, runtime tests, bug repair and release/license-source audits are not completion gates for this stage.	split:gate + role:* + contract:inheritance + duplicate
R0376	.agents/workflows/pre-development.md	40 — Products	942	prohibition	role:*	role:*			Do not turn product documents into an implementation audit.	kept:role:*
R0377	.agents/workflows/pre-development.md	40 — Products	942	prohibition	role:*	role:*			Static artifact, visual, link and accessibility review still verify the materials being delivered here; they do not certify the future product's runtime behavior.	kept:role:*
R0378	.agents/workflows/pre-development.md	40 — Products	952	inheritance	contract:inheritance	contract:inheritance			Apply this method in both source layers.	moved:contract:inheritance
R0379	.agents/workflows/pre-development.md	40 — Products	952	inheritance	contract:inheritance	contract:inheritance			Each downstream project supplies its own business facts and intentions; it does not inherit the framework's offer, numbers or approvals.	moved:contract:inheritance
R0380	.agents/workflows/pre-development.md	40 — Products	952	evidence	role:*	role:*			Commercial assumptions and forecasts retain their basis and classification; never invent operator budgets, capacity, customers, revenue or targets.	kept:role:*
R0381	.agents/workflows/pre-development.md	40 — Products	952	method	role:*	role:*			Follow `.agents/contracts/product-models.md` for ownership and the business boundary.	kept:role:*
R0382	.agents/workflows/pre-development.md	40 — Products	959	gate-candidate	gate	gate			Products are a catalog, not four global documents.	executable:pipeline definition
R0383	.agents/workflows/pre-development.md	40 — Products	959	gate-candidate	gate	gate			Keep both `singlepage` and `startup` folders with their own catalog from the outset, matching the explicit extension boundary in `libs/modules`.	executable:pipeline definition
R0384	.agents/workflows/pre-development.md	40 — Products	959	inheritance	contract:inheritance	contract:inheritance			Do not create duplicate framework products under startup.	moved:contract:inheritance
R0385	.agents/workflows/pre-development.md	40 — Products	959	evidence	role:*	role:*			Each product owns these data sources: the Research prepared before strategic selection and Sales intake recorded during product models:	kept:role:*
R0386	.agents/workflows/pre-development.md	40 — Products	979	gate-candidate	gate	gate			Retain the catalog entries created during `00-business` for every operator-confirmed Brief product, regardless of launch or marketing priority.	executable:pipeline definition
R0387	.agents/workflows/pre-development.md	40 — Products	979	evidence	role:*	role:*			Every entry must trace to a confirmed Brief product and own Research and Sales, plus its normalized product models mechanics.	kept:role:*
R0388	.agents/workflows/pre-development.md	40 — Products	979	prohibition	role:*	role:*			Do not infer a product from a showcase, reference project, web page, repository folder, possible future monetization, or an agent's idea.	kept:role:*
R0389	.agents/workflows/pre-development.md	40 — Products	979	method	role:*	role:*			If product identity is absent or ambiguous, return to Brief before creating product files.	kept:role:*
R0390	.agents/workflows/pre-development.md	40 — Products	979	prohibition	role:*	role:*			Missing commercial decisions remain explicit in the owned documents and do not hide a confirmed product.	kept:role:*
R0391	.agents/workflows/pre-development.md	40 — Products	979	gate-candidate	gate	gate			If product work uncovers a genuinely new offer, add and confirm it upstream first; never append it directly to the catalog.	executable:pipeline definition
R0392	.agents/workflows/pre-development.md	40 — Products	994	method	role:*	role:*			Product owns goals and metric definitions; Marketing Creative owns channel formats, content and campaign tracking; models own money and resources.	kept:role:*
R0393	.agents/workflows/pre-development.md	40 — Products	994	method	role:*	role:*			It is not an installation trial, technical test plan or release gate.	kept:role:*
R0394	.agents/workflows/pre-development.md	40 — Products	994	prohibition	role:*	role:*			Add campaign schedules or business experiments only when needed for a selected commercial decision, never as a mandatory first-experiment section.	kept:role:*
R0395	.agents/workflows/pre-development.md	40 — Products	1004	method	role:*	role:*			Each segment connects its pains, needs, motives, objections and acquisition to a Customer Journey Map (CJM).	kept:role:*
R0396	.agents/workflows/pre-development.md	40 — Products	1004	method	role:*	role:*			Product owns the segment IDs; Website and Creative use the matching segment and journey moment when authoring materials.	kept:role:*
R0397	.agents/workflows/pre-development.md	40 — Products	1004	inheritance	contract:inheritance	contract:inheritance			Sales v2 pages are generated from the same layer-owned YAML, including Markdown export; shared Studio utilities own the navigation and map rendering.	moved:contract:inheritance
R0398	.agents/workflows/pre-development.md	40 — Products	1004	readability	duplicate	workflow (one readability paragraph)			Existing v1 intake stays readable until revised.	removed:restatement (workflow working rules own it)
R0399	.agents/workflows/pre-development.md	40 — Products	1004	method	role:*	role:*			`readiness: ready` means its material business decisions are complete, even before the product is implemented.	kept:role:*
R0400	.agents/workflows/pre-development.md	40 — Products	1004	prohibition	role:*	role:*			Do not put software errors, debugging or runtime acceptance tests in the customer process.	kept:role:*
R0401	.agents/workflows/pre-development.md	40 — Products	1004	prohibition	role:*	role:*			Keep blockers limited to missing business decisions that actually prevent its formation; proposed professional choices never substitute for operator facts.	kept:role:*
R0402	.agents/workflows/pre-development.md	40 — Products	1019	evidence	role:*	role:*			At 40-products, apply `.agents/contracts/research-sales-audit.md`: inspect every Sales segment and route, record evidence verdicts, and retain competitor detail in the shared Research tree before using conclusions in Website or Creative.	kept:role:*
R0403	.agents/workflows/pre-development.md	40 — Products	1019	workflow	split	gate + role:* + contract:inheritance + duplicate			Preserve factual technical observations as source metadata when material, or leave them in Git history; they do not block this business stage.	split:gate + role:* + contract:inheritance + duplicate
R0404	.agents/workflows/pre-development.md	40 — Products	1026	method	role:*	role:*			Use Jobs to Be Done only to expose the circumstances, functional, social, and emotional forces, and progress behind a decision; it does not prove demand.	kept:role:*
R0405	.agents/workflows/pre-development.md	40 — Products	1026	method	role:*	role:*			Use the Value Proposition Canvas only to connect customer jobs, pains, and gains to the offer; the mapping does not prove product-market fit.	kept:role:*
R0406	.agents/workflows/pre-development.md	40 — Products	1026	method	role:*	role:*			Use April Dunford's positioning sequence to relate actual competitive alternatives, differentiated capabilities, customer value, best-fit customers, and market category; an internal positioning exercise does not replace observed customer choices.	kept:role:*
R0407	.agents/workflows/pre-development.md	40 — Products	1026	evidence	role:*	role:*			Record the authoritative sources, project fit, limitations, and effect on a material decision beside that decision in the consuming document.	kept:role:*
R0408	.agents/workflows/pre-development.md	40 — Products	1026	method	role:*	role:*			General method instructions remain in the canonical role.	kept:role:*
R0409	.agents/workflows/pre-development.md	40 — Products	1037	gate-candidate	gate	gate			On generation or rerun, inspect the existing Product, unique extensions and source attribution before editing.	executable:pipeline definition
R0410	.agents/workflows/pre-development.md	40 — Products	1037	gate-candidate	gate	gate			Use `.agents/templates/product.md` for the canonical sections; preserve every material fact and whole topic.	executable:pipeline definition
R0411	.agents/workflows/pre-development.md	40 — Products	1037	prohibition	role:*	role:*			Reconcile changes with the approved dependency closure; never discard old content blindly.	kept:role:*
R0412	.agents/workflows/pre-development.md	40 — Products	1037	readability	duplicate	workflow (one readability paragraph)			Prefer about 1,400 words per page without discarding material information, state each decision once, and distinguish facts, proposed behavior and commercial uncertainty without filling a section with generic product language.	removed:restatement (workflow working rules own it)
R0413	.agents/workflows/pre-development.md	40 — Products	1049	method	role:*	role:*			Derive the route inventory from the complete applicable Sales CJM.	kept:role:*
R0414	.agents/workflows/pre-development.md	40 — Products	1049	prohibition	role:*	role:*			Do not reduce a whole customer journey to a landing page, intake form and success page.	kept:role:*
R0415	.agents/workflows/pre-development.md	40 — Products	1049	method	role:*	role:*			In the rendered Website body, retain only states that materially change the customer's decision, promise, next action or recovery.	kept:role:*
R0416	.agents/workflows/pre-development.md	40 — Products	1049	evidence	role:*	role:*			Keep framework source mechanics, approved-design reminders, generic responsive/accessibility rules, confirmation prose, implementation notes and backend/security architecture in roles, templates, metadata and engineering.	kept:role:*
R0417	.agents/workflows/pre-development.md	40 — Products	1059	method	role:*	role:*			The Website overview owns the visitor journey and site tree.	kept:role:*
R0418	.agents/workflows/pre-development.md	40 — Products	1059	gate-candidate	gate	gate			Each route has one catalog page with `route`, `representations.text` and optional `representations.preview`, nested with `children` as needed.	executable:pipeline definition
R0419	.agents/workflows/pre-development.md	40 — Products	1059	method	role:*	role:*			Develop page copy in its own Markdown before its layout; Studio provides Text/Layout views of that same page.	kept:role:*
R0420	.agents/workflows/pre-development.md	40 — Products	1059	readability	duplicate	workflow (one readability paragraph)			Wording changes made during layout work update the owning text in the same change; separately authored HTML must also be synchronized explicitly.	removed:restatement (workflow working rules own it)
R0421	.agents/workflows/pre-development.md	40 — Products	1059	method	role:*	role:*			Follow `.agents/templates/website.md` and the workspace README.	kept:role:*
R0422	.agents/workflows/pre-development.md	40 — Products	1068	gate-candidate	gate	gate			`marketing-creative.md` contains only the formats selected for that product by the current strategy: objective, audience situation, channel and format, exact message, proof/disclosure, composition, dimensions, crop or timing behavior, variants, prompts, indexed assets, rights, accessibility, destination, tracking event, owner, and review state.	executable:pipeline definition
R0423	.agents/workflows/pre-development.md	40 — Products	1074	gate-candidate	gate	gate			Every catalog path resolves below `products/<layer>/`; Sales and Presentation data YAML remain with the product documents.	executable:pipeline definition
R0424	.agents/workflows/pre-development.md	40 — Products	1079	evidence	role:*	role:*			Do not make the deck an internal QA checklist, technical evaluation protocol or source-release audit.	kept:role:*
R0425	.agents/workflows/pre-development.md	40 — Products	1079	method	role:*	role:*			A prospective presentation does not require a live product.	kept:role:*
R0426	.agents/workflows/pre-development.md	40 — Products	1085	method	role:*	role:*			Every document owns its complete content.	kept:role:*
R0427	.agents/workflows/pre-development.md	40 — Products	1085	prohibition	role:*	role:*			Presentation has its own `presentation/data.yaml` and a React entry point; Studio must never extract its text from Strategy, Product, product models, Brand, or another document.	kept:role:*
R0428	.agents/workflows/pre-development.md	40 — Products	1085	method	role:*	role:*			Shared rendering components and style tokens remain reusable.	kept:role:*
R0429	.agents/workflows/pre-development.md	40 — Products	1085	method	role:*	role:*			PDF and PNG exports are derivatives only.	kept:role:*
R0430	.agents/workflows/pre-development.md	40 — Products	1085	evidence	role:*	role:*			Agents may consult relevant documents during authoring, but update the owned source explicitly after semantic review.	kept:role:*
R0431	.agents/workflows/pre-development.md	40 — Products	1087	inheritance	contract:inheritance	contract:inheritance			JSX/TSX, HTML, Markdown, images, media, and other working files stay in the product's layer folder.	moved:contract:inheritance
R0432	.agents/workflows/pre-development.md	40 — Products	1087	method	role:*	role:*			Shared parsers and loaders stay in `utils/products/`.	kept:role:*
R0433	.agents/workflows/pre-development.md	40 — Products	1087	method	role:*	role:*			Preserve existing core documents and their Overview view.	kept:role:*
R0434	.agents/workflows/pre-development.md	40 — Products	1087	prohibition	role:*	role:*			Do not create empty sections or add every helper file to navigation.	kept:role:*
R0435	.agents/workflows/pre-development.md	40 — Products	1087	gate-candidate	gate	gate			Validate all declared page files with the Studio validator and browser-check relative assets, nested navigation, and the chosen source layer.	executable:pipeline definition
R0436	.agents/workflows/pre-development.md	40 — Products	1087	gate-candidate	gate	gate			Follow the workspace README examples and keep page trees inside the atomically selected catalog.	executable:pipeline definition
R0437	.agents/workflows/pre-development.md	40 — Products	1099	method	role:*	role:*			Its entry point can live in any nested product folder; the files and data model behind that component belong to the product: they may be transcripts, lesson data, images, covers, documents, interactive previews, or another content system.	kept:role:*
R0438	.agents/workflows/pre-development.md	40 — Products	1099	method	role:*	role:*			The framework does not require a Content Markdown document, prescribe content types, or show an empty tab when the product has no Content surface.	kept:role:*
R0439	.agents/workflows/pre-development.md	40 — Products	1099	evidence	role:*	role:*			When it is declared, agents updating Product, Website, Marketing Creative, or Presentation inspect the relevant product-owned Content sources because those sources may provide more precise language and proof boundaries; Content never silently overrides an approved upstream decision.	kept:role:*
R0440	.agents/workflows/pre-development.md	40 — Products	1099	workflow	split	gate + role:* + contract:inheritance + duplicate			Customer guides are optional Product Content; debugging instructions, installation checklists and technical test plans are not required deliverables or business-stage gates.	split:gate + role:* + contract:inheritance + duplicate
R0441	.agents/workflows/pre-development.md	40 — Products	1112	gate-candidate	gate	gate			If `products/startup/catalog.yaml` has no products, `default` is the complete singlepage catalog.	executable:pipeline definition
R0442	.agents/workflows/pre-development.md	40 — Products	1112	inheritance	contract:inheritance	contract:inheritance			As soon as startup defines at least one product, `default` contains only startup products.	moved:contract:inheritance
R0443	.agents/workflows/pre-development.md	40 — Products	1112	gate-candidate	gate	gate			Never merge product entries across layers: products from different businesses must not leak into one catalog.	executable:pipeline definition
R0444	.agents/workflows/pre-development.md	40 — Products	1112	inheritance	contract:inheritance	contract:inheritance			Each startup product owns every referenced document, presentation data and React entry point; there is no partial per-product fallback to a singlepage folder.	moved:contract:inheritance
R0445	.agents/workflows/pre-development.md	40 — Products	1119	inheritance	contract:inheritance	contract:inheritance			Studio groups sources under the `40 Products` sidebar folder: singlepage and startup are siblings, each listing only its own products.	moved:contract:inheritance
R0446	.agents/workflows/pre-development.md	40 — Products	1119	evidence	role:*	role:*			Empty sources remain visible with a No products state.	kept:role:*
R0447	.agents/workflows/pre-development.md	40 — Products	1119	method	role:*	role:*			Default resolution remains available to loaders without a third sidebar branch.	kept:role:*
R0448	.agents/workflows/pre-development.md	40 — Products	1119	gate-candidate	gate	gate			Groups are derived from catalogs; never maintain a second product inventory in stories.	executable:pipeline definition
R0449	.agents/workflows/pre-development.md	40 — Products	1119	method	role:*	role:*			Explicit custom sections follow the core sequence.	kept:role:*
R0450	.agents/workflows/pre-development.md	40 — Products	1119	prohibition	role:*	role:*			Supporting pages may have arbitrary nesting and do not need Markdown wrappers.	kept:role:*
R0451	.agents/workflows/pre-development.md	40 — Products	1119	method	role:*	role:*			Outputs may be reviewed separately, but the product is not complete until all applicable files are coherent with one another.	kept:role:*
R0452	.agents/workflows/pre-development.md	40 — Products	1119	method	role:*	role:*			Record an explicit not-applicable decision instead of creating a placeholder.	kept:role:*
R0453	.agents/workflows/pre-development.md	40 — Products	1119	method	role:*	role:*			Stop before production components, APIs, analytics instrumentation, QA, publication, or deployment.	kept:role:*
R0454	.agents/workflows/pre-development.md	40 — Products	1119	method	role:*	role:*			The Analytics document may still record inspected observations and explicit measurement gaps.	kept:role:*
R0455	.agents/workflows/pre-development.md	40 — Products	1138	gate-candidate	gate	gate			Completion requires the catalog to match the client-confirmed Brief product inventory, with neither omitted nor inferred entries, and every catalog entry to have a bounded and reviewable `product.md`, `analytics.md` with sourced observations or explicit `not measured` gaps, concrete website design when in scope, complete selected-channel creative when in scope, a reviewable presentation when in scope, accessibility and evidence boundaries, with material offer, intended customer-process, economics and communication decisions resolved or explicitly inapplicable in their owning documents.	executable:pipeline definition
R0456	.agents/workflows/pre-development.md	40 — Products	1149	method	role:*	role:*			Apply the material-workspace contract in `.agents/contracts/product-models.md`: selected creative deliverables are real editable materials with Text/Layout; presentations have slide navigation and shared PNG/PDF export; optional motion uses shared Remotion/browser MP4 utilities.	kept:role:*
R0457	.agents/workflows/pre-development.md	40 — Products	1149	method	role:*	role:*			Confirmation badges belong beside material titles, outside exported layouts.	kept:role:*
R0458	.agents/workflows/pre-development.md	40 — Products	1155	evidence	role:*	role:*			Studio remains a read-only review surface over the same sources.	kept:role:*
R0459	.agents/workflows/pre-development.md	40 — Products	1155	inheritance	contract:inheritance	contract:inheritance			Shared artifacts keep empty `startup` as pass-through and resolve `singlepage → startup → default` in memory.	moved:contract:inheritance
R0460	.agents/workflows/pre-development.md	40 — Products	1155	evidence	role:*	role:*			React stories may render the result, but Markdown/YAML and the product-local presentation source remain what agents edit and operators review.	kept:role:*
R0461	.agents/workflows/pre-development.md	40 — Products	1161	workflow	split	gate + role:* + contract:inheritance + duplicate			When complete, keep `40-products`, set `status: complete`, and persist empty `active_artifacts` and `blockers`.	split:gate + role:* + contract:inheritance + duplicate
R0462	.agents/workflows/pre-development.md	Ownership and concurrency	1166	method	workflow	workflow			One specialist owns one living artifact at a time.	kept:workflow
R0463	.agents/workflows/pre-development.md	Ownership and concurrency	1166	prohibition	workflow	workflow			Two agents never edit the same file concurrently.	kept:workflow
R0464	.agents/workflows/pre-development.md	Ownership and concurrency	1166	gate-candidate	workflow	workflow			Only the workflow coordinator serializes index changes; there is no separate coordinator role.	kept:workflow
R0465	.agents/workflows/pre-development.md	Ownership and concurrency	1166	inheritance	workflow	workflow			A downstream specialist must challenge an upstream assumption when new evidence invalidates it, then route the correction to the owning artifact.	kept:workflow
R0466	.agents/workflows/pre-development.md	Ownership and concurrency	1166	inheritance	workflow	workflow			The coordinator updates that earliest owner first, computes reverse dependencies, and re-runs only contradicted artifacts before accepting the downstream output.	kept:workflow
R0467	.agents/workflows/pre-development.md	Ownership and concurrency	1166	evidence	workflow	workflow			The coordinator alone updates `pre-development.yaml`; specialists edit their owned artifacts and return completion evidence to the coordinator.	kept:workflow
R0468	.agents/workflows/pre-development.md	Tool launch	1180	method	split	workflow + duplicate			The provider adapters contain discovery metadata and explicit pointers only.	split:workflow + duplicate
R0469	.agents/workflows/pre-development.md	Tool launch	1180	method	split	workflow + duplicate			They load the canonical responsibility from `.agents/roles/<role>.md`, which also contains the reusable professional method.	split:workflow + duplicate
R0470	.agents/workflows/pre-development.md	Tool launch	1180	evidence	split	workflow + duplicate			Source provenance lives in `.agents/roles/SOURCES.md` and is not routine agent context.	split:workflow + duplicate
R0471	.agents/workflows/pre-development.md	Tool launch	1180	method	split	workflow + duplicate			A registry ID or a URL by itself does not load any knowledge.	split:workflow + duplicate
R0472	.agents/workflows/pre-development.md	Tool launch	1187	gate-candidate	split	workflow + duplicate			Resolve required capability IDs from `.agents/tools/catalog.yaml` through the active provider mapping.	split:workflow + duplicate
R0473	.agents/workflows/pre-development.md	Tool launch	1187	evidence	split	workflow + duplicate			Record provenance for research and generated assets.	split:workflow + duplicate
R0474	.agents/workflows/pre-development.md	Tool launch	1187	prohibition	split	workflow + duplicate			If a required capability is unavailable, use its declared fallback or stop with an explicit missing-capability result; never simulate a search, browser action, image, or design-tool output.	split:workflow + duplicate
R0475	.agents/workflows/pre-development.md	Tool launch	1193	gate-candidate	split	workflow + duplicate			Load `.agents/templates/<artifact>.<md|yaml>` only when creating the artifact or repairing missing required sections.	split:workflow + duplicate
R0476	.agents/workflows/pre-development.md	Tool launch	1193	prohibition	split	workflow + duplicate			Templates never replace the role and are not loaded as a bundle.	split:workflow + duplicate
R0477	.agents/workflows/pre-development.md	Tool launch	1193	gate-candidate	split	workflow + duplicate			Pipeline reconciliation may compare only headings and schema keys across the relevant current templates before a gap is found; it must not add all template bodies to professional generation context.	split:workflow + duplicate
R0478	.agents/workflows/pre-development.md	Handoff	1203	workflow	workflow	workflow			active stage, status, and active artifacts after reconciliation; decisions made and their evidence classification; files changed; unresolved evidence or project questions; invalidated downstream artifacts; pipeline compatibility gaps repaired or still blocking; the next useful action.	kept:workflow
R0479	.agents/workflows/pre-development.md	Handoff	1211	method	workflow	workflow			When input is required, end with exactly one plain-language question in the operator's language.	kept:workflow
R0480	.agents/workflows/pre-development.md	Handoff	1211	workflow	workflow	workflow			A handoff may be as detailed as needed for confident review; never omit material reasoning or evidence to reduce length.	kept:workflow
R0481	.agents/workflows/pre-development.md	Handoff	1211	prohibition	workflow	workflow			Do not return role-play dialogue, a biography, or a narrative of routine work.	kept:workflow
R0482	.agents/workflows/pre-development.md	Final editorial pass	1218	gate-candidate	duplicate	contract:editorial			When the work contains prose intended for a person, apply `.agents/contracts/editorial-pass.md` after the facts, evidence, links, identifiers, required structure, and approval state are correct.	removed:duplicate (contract:editorial)
R0483	.agents/workflows/pre-development.md	Final editorial pass	1218	method	duplicate	contract:editorial			This is the last content-editing step before returning or storing the text.	removed:duplicate (contract:editorial)
R0484	.agents/contracts/artifact-lifecycle.md	Living artifact contract	3	confirmation	contract:confirmation	contract:confirmation			Project facts, questions, constraints, and sources live in their owning workspace documents; do not maintain a separate decision checklist or approval summary.	moved:contract:confirmation
R0485	.agents/contracts/artifact-lifecycle.md	Living artifact contract	3	workflow	workflow	workflow			The layer-local `apps/studio/workspace/utils/pre-development/<layer>.yaml` stores only the resumable workflow cursor.	kept:workflow
R0486	.agents/contracts/artifact-lifecycle.md	Living artifact contract	3	workflow	workflow	workflow			It never stores business decisions or resolved artifact copies and is reconciled against the canonical artifacts at every launch.	kept:workflow
R0487	.agents/contracts/artifact-lifecycle.md	Living artifact contract	3	gate-candidate	split	contract:inheritance + contract:confirmation + contract:evidence + workflow + duplicate			After reading that cursor, reconcile the current Workspace against the current checked-out pre-development workflow, templates, roles, contracts, index, and completion rules using `.agents/contracts/pipeline-reconciliation.md`.	split:contract:inheritance + contract:confirmation + contract:evidence + workflow + duplicate
R0488	.agents/contracts/artifact-lifecycle.md	Living artifact contract	3	migration	split	contract:inheritance + contract:confirmation + contract:evidence + workflow + duplicate			Run the comparison every time instead of storing a pipeline version or migration log.	split:contract:inheritance + contract:confirmation + contract:evidence + workflow + duplicate
R0489	.agents/contracts/artifact-lifecycle.md	Living artifact contract	3	gate-candidate	split	contract:inheritance + contract:confirmation + contract:evidence + workflow + duplicate			Route missing files, sections, schema keys, and requirements to the earliest owning stage before normal work resumes.	split:contract:inheritance + contract:confirmation + contract:evidence + workflow + duplicate
R0490	.agents/contracts/artifact-lifecycle.md	Living artifact contract	3	gate-candidate	split	contract:inheritance + contract:confirmation + contract:evidence + workflow + duplicate			Editable living sources remain under `apps/studio/workspace/<artifact>/<layer>.<md|yaml>`; `apps/studio/workspace/utils/index/<layer>.yaml` points to them and remains the artifact graph.	split:contract:inheritance + contract:confirmation + contract:evidence + workflow + duplicate
R0491	.agents/contracts/artifact-lifecycle.md	Living artifact contract	3	method	split	contract:inheritance + contract:confirmation + contract:evidence + workflow + duplicate			Shared components, stories, and technical helpers live in `workspace/utils/`; `assets/`, `products/`, and `styles/` stay at the workspace root.	split:contract:inheritance + contract:confirmation + contract:evidence + workflow + duplicate
R0492	.agents/contracts/artifact-lifecycle.md	Living artifact contract	3	method	split	contract:inheritance + contract:confirmation + contract:evidence + workflow + duplicate			Product React entry points and YAML remain with their Markdown.	split:contract:inheritance + contract:confirmation + contract:evidence + workflow + duplicate
R0493	.agents/contracts/artifact-lifecycle.md	Living artifact contract	3	inheritance	contract:inheritance	contract:inheritance			Startup living artifacts begin as zero-content files and contain only project-specific additions and overrides; consumers read their in-memory resolved projection.	moved:contract:inheritance
R0494	.agents/contracts/artifact-lifecycle.md	Living artifact contract	3	prohibition	split	contract:inheritance + contract:confirmation + contract:evidence + workflow + duplicate			Do not create release versions, snapshots, run journals, recovery stores, resolved copies, or a second editable artifact set.	split:contract:inheritance + contract:confirmation + contract:evidence + workflow + duplicate
R0495	.agents/contracts/artifact-lifecycle.md	Living artifact contract	3	method	split	contract:inheritance + contract:confirmation + contract:evidence + workflow + duplicate			The active workspace is not a provenance archive.	split:contract:inheritance + contract:confirmation + contract:evidence + workflow + duplicate
R0496	.agents/contracts/artifact-lifecycle.md	Living artifact contract	3	method	split	contract:inheritance + contract:confirmation + contract:evidence + workflow + duplicate			When a generated proposal is rejected, withdrawn, superseded, or invalidated, remove its generated files and asset-registry entries in the same change.	split:contract:inheritance + contract:confirmation + contract:evidence + workflow + duplicate
R0497	.agents/contracts/artifact-lifecycle.md	Living artifact contract	3	method	split	contract:inheritance + contract:confirmation + contract:evidence + workflow + duplicate			Remove its detailed design from the living artifact as well.	split:contract:inheritance + contract:confirmation + contract:evidence + workflow + duplicate
R0498	.agents/contracts/artifact-lifecycle.md	Living artifact contract	3	method	split	contract:inheritance + contract:confirmation + contract:evidence + workflow + duplicate			Before cleanup, record the current constraint in the owning document using the exact statement `The operator rejected visual proposal <proposal_id>.` with the proposal ID in backticks.	split:contract:inheritance + contract:confirmation + contract:evidence + workflow + duplicate
R0499	.agents/contracts/artifact-lifecycle.md	Living artifact contract	3	prohibition	split	contract:inheritance + contract:confirmation + contract:evidence + workflow + duplicate			A proposal ID recorded as rejected can never remain current or be reused.	split:contract:inheritance + contract:confirmation + contract:evidence + workflow + duplicate
R0500	.agents/contracts/artifact-lifecycle.md	Living artifact contract	3	confirmation	contract:confirmation	contract:confirmation			Before removing an asset, resolve the exact registry entry and path, confirm `source_type: generated`, keep the path inside the active workspace asset tree, and verify that no current proposed or approved artifact references it.	moved:contract:confirmation
R0501	.agents/contracts/artifact-lifecycle.md	Living artifact contract	3	prohibition	split	contract:inheritance + contract:confirmation + contract:evidence + workflow + duplicate			Never apply this automatic cleanup to `client`, `stock`, or `public-reference` inputs.	split:contract:inheritance + contract:confirmation + contract:evidence + workflow + duplicate
R0502	.agents/contracts/artifact-lifecycle.md	Living artifact contract	3	method	split	contract:inheritance + contract:confirmation + contract:evidence + workflow + duplicate			If provenance, ownership, path, or current use is ambiguous, stop and ask the operator instead of deleting.	split:contract:inheritance + contract:confirmation + contract:evidence + workflow + duplicate
R0503	.agents/contracts/artifact-lifecycle.md	Living artifact contract	3	gate-candidate	split	contract:inheritance + contract:confirmation + contract:evidence + workflow + duplicate			Stage completion is derived from required sections, evidence, dependencies, and material unresolved questions in their owning documents; the workflow state records the last reconciled `00`, `10`, `20`, `30`, or `40` cursor so a fresh model context can resume deterministically.	split:contract:inheritance + contract:confirmation + contract:evidence + workflow + duplicate
R0504	.agents/contracts/artifact-lifecycle.md	Living artifact contract	3	evidence	contract:evidence	contract:evidence			Never skip a material question, research step, specialist review, or correction to make the workflow shorter.	moved:contract:evidence
R0505	.agents/contracts/artifact-lifecycle.md	Living artifact contract	3	method	split	contract:inheritance + contract:confirmation + contract:evidence + workflow + duplicate			Primary review documents are written for an operator, not for the workflow.	split:contract:inheritance + contract:confirmation + contract:evidence + workflow + duplicate
R0506	.agents/contracts/artifact-lifecycle.md	Living artifact contract	3	readability	duplicate	workflow (one readability paragraph)			`brief`, model sources, `strategy`, `brand`, `design`, each product Research, and every product-local `product`, `website`, and `marketing-creative` document must strongly target a five-to-seven-minute review per page (about 1,400 words).	removed:restatement (workflow working rules own it)
R0507	.agents/contracts/artifact-lifecycle.md	Living artifact contract	3	evidence	contract:evidence	contract:evidence			This is a preference, never a completeness gate or aggregate source limit.	moved:contract:evidence
R0508	.agents/contracts/artifact-lifecycle.md	Living artifact contract	3	readability	duplicate	workflow (one readability paragraph)			Follow `.agents/contracts/document-readability.md`; preserve material evidence and decisions even when longer pages are necessary.	removed:restatement (workflow working rules own it)
R0509	.agents/contracts/artifact-lifecycle.md	Living artifact contract	3	gate-candidate	split	contract:inheritance + contract:confirmation + contract:evidence + workflow + duplicate			The asset index is a reference register rather than linear reading; it keeps only current material rows and concise limitations.	split:contract:inheritance + contract:confirmation + contract:evidence + workflow + duplicate
R0510	.agents/contracts/artifact-lifecycle.md	Living artifact contract	3	confirmation	contract:confirmation	contract:confirmation			Edit the earliest artifact that owns a changed fact or decision, then compute and review reverse dependencies.	moved:contract:confirmation
R0511	.agents/contracts/artifact-lifecycle.md	Living artifact contract	3	workflow	workflow	workflow			Before every pre-development invocation, run the GitHub reconciliation contract without selecting a layer in the caller.	kept:workflow
R0512	.agents/contracts/artifact-lifecycle.md	Living artifact contract	3	inheritance	contract:inheritance	contract:inheritance			Use its repository-derived layer for the ledger, state and living sources.	moved:contract:inheritance
R0513	.agents/contracts/artifact-lifecycle.md	Living artifact contract	3	workflow	workflow	workflow			Treat matching committed paths as review triggers, record every inspected relevant commit as `material` or `no-material-effect`, and apply dependency and approval side effects before normal stage work.	kept:workflow
R0514	.agents/contracts/artifact-lifecycle.md	Living artifact contract	3	workflow	workflow	workflow			A synchronized shared-pipeline change is effective on the next invocation in the framework and every downstream project.	kept:workflow
R0515	.agents/contracts/artifact-lifecycle.md	Living artifact contract	3	inheritance	contract:inheritance	contract:inheritance			Existing artifacts are never grandfathered onto an obsolete shape: applicable inheritance may remain, but missing project-specific content cannot be satisfied by unrelated inherited SinglePageStartup prose.	moved:contract:inheritance
R0516	.agents/contracts/artifact-lifecycle.md	Living artifact contract	3	method	split	contract:inheritance + contract:confirmation + contract:evidence + workflow + duplicate			During initial interview, keep partial facts in the brief.	split:contract:inheritance + contract:confirmation + contract:evidence + workflow + duplicate
R0517	.agents/contracts/artifact-lifecycle.md	Living artifact contract	3	inheritance	contract:inheritance	contract:inheritance			Do not regenerate all downstream artifacts after every answer.	moved:contract:inheritance
R0518	.agents/contracts/artifact-lifecycle.md	Living artifact contract	3	method	split	contract:inheritance + contract:confirmation + contract:evidence + workflow + duplicate			Keep one current decision per topic.	split:contract:inheritance + contract:confirmation + contract:evidence + workflow + duplicate
R0519	.agents/contracts/artifact-lifecycle.md	Living artifact contract	3	confirmation	contract:confirmation	contract:confirmation			Replace or amend stale content instead of appending session transcripts.	moved:contract:confirmation
R0520	.agents/contracts/artifact-lifecycle.md	Living artifact contract	3	confirmation	contract:confirmation	contract:confirmation			Before saving an updated document, find every earlier statement about each changed fact and replace or remove it in the same edit.	moved:contract:confirmation
R0521	.agents/contracts/artifact-lifecycle.md	Living artifact contract	3	prohibition	split	contract:inheritance + contract:confirmation + contract:evidence + workflow + duplicate			Never append a new answer below a contradictory or obsolete answer.	split:contract:inheritance + contract:confirmation + contract:evidence + workflow + duplicate
R0522	.agents/contracts/artifact-lifecycle.md	Living artifact contract	3	evidence	contract:evidence	contract:evidence			State the decision once; keep only the material source attribution and limits beside its owning statement.	moved:contract:evidence
R0523	.agents/contracts/artifact-lifecycle.md	Living artifact contract	3	prohibition	split	contract:inheritance + contract:confirmation + contract:evidence + workflow + duplicate			Start from that artifact's template and replace the prior body; do not use the prior body as generation input.	split:contract:inheritance + contract:confirmation + contract:evidence + workflow + duplicate
R0524	.agents/contracts/artifact-lifecycle.md	Living artifact contract	3	method	split	contract:inheritance + contract:confirmation + contract:evidence + workflow + duplicate			Preserve a prior decision only when its owning upstream artifact still states it and the new professional review selects it again.	split:contract:inheritance + contract:confirmation + contract:evidence + workflow + duplicate
R0525	.agents/contracts/artifact-lifecycle.md	Living artifact contract	3	gate-candidate	split	contract:inheritance + contract:confirmation + contract:evidence + workflow + duplicate			Document confirmation is owned by source metadata under `.agents/contracts/document-confirmation.md`; the UI and agent loader resolve its content fingerprint and source layer identically.	split:contract:inheritance + contract:confirmation + contract:evidence + workflow + duplicate
R0526	.agents/contracts/artifact-lifecycle.md	Living artifact contract	3	confirmation	contract:confirmation	contract:confirmation			Keep approval state current and compact.	moved:contract:confirmation
R0527	.agents/contracts/artifact-lifecycle.md	Living artifact contract	3	readability	duplicate	workflow (one readability paragraph)			The artifact records the current status, attributable approval or blocker, and current decisions; chronological interviews, superseded wording, and invalidation history belong to Git; coordinator handoffs belong in the workflow response.	removed:restatement (workflow working rules own it)
R0528	.agents/contracts/artifact-lifecycle.md	Living artifact contract	3	confirmation	contract:confirmation	contract:confirmation			Keep proposed, approved, and stale meaning explicit.	moved:contract:confirmation
R0529	.agents/contracts/artifact-lifecycle.md	Living artifact contract	3	method	split	contract:inheritance + contract:confirmation + contract:evidence + workflow + duplicate			A professional proposal is not an approved upstream dependency.	split:contract:inheritance + contract:confirmation + contract:evidence + workflow + duplicate
R0530	.agents/contracts/artifact-lifecycle.md	Living artifact contract	3	workflow	workflow	workflow			When a confirmed correction changes its premise, treat every contradicted downstream artifact as stale, move the cursor to the earliest affected stage, and do not consume stale content until its owner has reconciled it.	kept:workflow
R0531	.agents/contracts/artifact-lifecycle.md	Living artifact contract	3	prohibition	split	contract:inheritance + contract:confirmation + contract:evidence + workflow + duplicate			Do not grandfather existing prose.	split:contract:inheritance + contract:confirmation + contract:evidence + workflow + duplicate
R0532	.agents/contracts/artifact-lifecycle.md	Living artifact contract	3	gate-candidate	split	contract:inheritance + contract:confirmation + contract:evidence + workflow + duplicate			A completed heading or fluent generic prose is not a completed artifact.	split:contract:inheritance + contract:confirmation + contract:evidence + workflow + duplicate
R0533	.agents/contracts/artifact-lifecycle.md	Living artifact contract	3	confirmation	contract:confirmation	contract:confirmation			Resolve facts needed for the current decision, record required user approval in its source, and leave unresolved questions and justified inapplicability explicit in their owning documents.	moved:contract:confirmation
R0534	.agents/contracts/artifact-lifecycle.md	Living artifact contract	3	evidence	contract:evidence	contract:evidence			An assumption cannot answer an operator-controlled fact.	moved:contract:evidence
R0535	.agents/contracts/artifact-lifecycle.md	Living artifact contract	3	prohibition	split	contract:inheritance + contract:confirmation + contract:evidence + workflow + duplicate			Do not duplicate any of those concerns inside an artifact.	split:contract:inheritance + contract:confirmation + contract:evidence + workflow + duplicate
R0536	.agents/contracts/artifact-lifecycle.md	Living artifact contract	3	gate-candidate	split	contract:inheritance + contract:confirmation + contract:evidence + workflow + duplicate			The operator reviews the complete resolved `default` projection, not an automated prose validator.	split:contract:inheritance + contract:confirmation + contract:evidence + workflow + duplicate
R0537	.agents/contracts/artifact-lifecycle.md	Living artifact contract	3	workflow	workflow	workflow			The owning agent must report the document word count, the decisions replaced, and any unresolved contradiction in its handoff.	kept:workflow
R0538	.agents/contracts/artifact-lifecycle.md	Living artifact contract	3	gate-candidate	split	contract:inheritance + contract:confirmation + contract:evidence + workflow + duplicate			Assets remain files referenced by the indexed, colocated `assets/<layer>.yaml` registry.	split:contract:inheritance + contract:confirmation + contract:evidence + workflow + duplicate
R0539	.agents/contracts/artifact-lifecycle.md	Living artifact contract	3	method	split	contract:inheritance + contract:confirmation + contract:evidence + workflow + duplicate			Reuse or deliberately replace them through that registry rather than generating disconnected copies.	split:contract:inheritance + contract:confirmation + contract:evidence + workflow + duplicate
R0540	.agents/contracts/artifact-lifecycle.md	Living artifact contract	3	migration	split	contract:inheritance + contract:confirmation + contract:evidence + workflow + duplicate			Generated entries use only `lifecycle: proposed` or `lifecycle: approved`; never retain a retired state.	split:contract:inheritance + contract:confirmation + contract:evidence + workflow + duplicate
R0541	.agents/contracts/artifact-lifecycle.md	Living artifact contract	3	inheritance	contract:inheritance	contract:inheritance			Every current generated entry carries the same stable `proposal_id` declared by `Visual proposal ID` in the living design artifact and lives below `assets/<layer>/generated/<proposal_id>/`.	moved:contract:inheritance
R0542	.agents/contracts/artifact-lifecycle.md	Living artifact contract	3	workflow	workflow	workflow			Before handoff, reconcile Design design references, registry entries, and the complete generated asset tree in both directions so no registered path is missing, no output is orphaned, and no stale brand asset reference survives.	kept:workflow
R0543	.agents/contracts/artifact-lifecycle.md	Living artifact contract	3	evidence	contract:evidence	contract:evidence			Presentation source is semantic HTML rendered by presentation-only React stories inside the owning product folder in Studio.	moved:contract:evidence
R0544	.agents/contracts/artifact-lifecycle.md	Living artifact contract	3	prohibition	split	contract:inheritance + contract:confirmation + contract:evidence + workflow + duplicate			Never generate slide pages as raster images.	split:contract:inheritance + contract:confirmation + contract:evidence + workflow + duplicate
R0545	.agents/contracts/artifact-lifecycle.md	Living artifact contract	3	evidence	contract:evidence	contract:evidence			PDF and PNG are deterministic derivatives of the rendered HTML and are never canonical project knowledge, attributed sources, registered brand assets, or editable design sources.	moved:contract:evidence
R0546	.agents/contracts/artifact-lifecycle.md	Living artifact contract	3	gate-candidate	split	contract:inheritance + contract:confirmation + contract:evidence + workflow + duplicate			Product catalogs resolve atomically.	split:contract:inheritance + contract:confirmation + contract:evidence + workflow + duplicate
R0547	.agents/contracts/artifact-lifecycle.md	Living artifact contract	3	inheritance	contract:inheritance	contract:inheritance			Every active product owns its Research, Sales, Product, Analytics, Website, Marketing Creative, and Presentation files in one layer.	moved:contract:inheritance
R0548	.agents/contracts/artifact-lifecycle.md	Living artifact contract	3	gate-candidate	split	contract:inheritance + contract:confirmation + contract:evidence + workflow + duplicate			Never mix product folders or partially inherit a singlepage product into a startup catalog.	split:contract:inheritance + contract:confirmation + contract:evidence + workflow + duplicate
R0549	.agents/contracts/artifact-lifecycle.md	Living artifact contract	3	inheritance	contract:inheritance	contract:inheritance			It writes derivatives only below `apps/studio/output/<singlepage|startup>/`; a caller assertion that conflicts with repository identity must stop the export.	moved:contract:inheritance
R0550	.agents/contracts/context-loading.md	Resolution	5	method	split	contract:inheritance + gate			Resolve repository identity from the `origin` remote, then fall back to `TARGET_REPO` or `GITHUB_REPOSITORY` only when `origin` has no recognizable GitHub identity.	split:contract:inheritance + gate
R0551	.agents/contracts/context-loading.md	Resolution	5	method	split	contract:inheritance + gate			When repository identity exists, apply its mapping from `apps/studio/workspace/utils/config.yaml`, then `default_layer`.	split:contract:inheritance + gate
R0552	.agents/contracts/context-loading.md	Resolution	5	prohibition	split	contract:inheritance + gate			A conflicting gitignored `config.local.yaml` is an error; it cannot change repository ownership.	split:contract:inheritance + gate
R0553	.agents/contracts/context-loading.md	Resolution	5	method	split	contract:inheritance + gate			Only when repository identity is unavailable, use `active_layer` from `config.local.yaml`, then the committed `default_layer`.	split:contract:inheritance + gate
R0554	.agents/contracts/context-loading.md	Resolution	15	gate-candidate	gate	gate			Explicit layer arguments exist only for validators and read-only Studio source projections.	executable:pipeline definition
R0555	.agents/contracts/context-loading.md	Resolution	15	workflow	split	contract:inheritance + gate			The pre-development workflow and GitHub preflight do not supply one.	split:contract:inheritance + gate
R0556	.agents/contracts/context-loading.md	Resolution	19	prohibition	split	contract:inheritance + gate			The gitignored config may contain only `active_layer`; it cannot replace the committed repository map or default.	split:contract:inheritance + gate
R0557	.agents/contracts/context-loading.md	Resolution	22	inheritance	contract:inheritance	contract:inheritance			The canonical `singlepagestartup/singlepagestartup` repository is explicitly mapped to `singlepage`, so downstream users need no configuration.	moved:contract:inheritance
R0558	.agents/contracts/context-loading.md	Resolution	26	gate-candidate	gate	gate			Product-local sources are referenced by their product catalog entry; before catalog assembly they resolve from confirmed Brief product IDs and their product folders.	executable:pipeline definition
R0559	.agents/contracts/context-loading.md	Resolution	32	method	split	contract:inheritance + gate			Operational workflow files follow a separate loading order.	split:contract:inheritance + gate
R0560	.agents/contracts/context-loading.md	Resolution	32	workflow	split	contract:inheritance + gate			First run the GitHub preflight using the committed relevance and reconciliation ledger at `apps/studio/workspace/utils/pre-development/github/<layer>.yaml`; then read `apps/studio/workspace/utils/pre-development/<layer>.yaml`, follow `.agents/contracts/pipeline-reconciliation.md`, and only then accept the cursor and resolve artifact dependencies.	split:contract:inheritance + gate
R0561	.agents/contracts/context-loading.md	Resolution	32	workflow	split	contract:inheritance + gate			The preflight and artifact loader call the same repository-layer resolver; callers do not pass an independently chosen layer.	split:contract:inheritance + gate
R0562	.agents/contracts/context-loading.md	Resolution	32	inheritance	contract:inheritance	contract:inheritance			Both operational files are layer-local and are not inherited.	moved:contract:inheritance
R0563	.agents/contracts/context-loading.md	Resolution	32	workflow	split	contract:inheritance + gate			The latter stores only the durable pre-development cursor defined by `.agents/workflows/pre-development.md`.	split:contract:inheritance + gate
R0564	.agents/contracts/context-loading.md	Resolution	43	gate-candidate	gate	gate			The indexes are registries, not content stores.	executable:pipeline definition
R0565	.agents/contracts/context-loading.md	Resolution	43	method	split	contract:inheritance + gate			Brief is the root client input and has no semantic `uses` dependencies on later decisions, including Assets.	split:contract:inheritance + gate
R0566	.agents/contracts/context-loading.md	Resolution	43	confirmation	split	contract:inheritance + gate			Its raw client attachments and exact reference asset IDs are provenance, not approval edges.	split:contract:inheritance + gate
R0567	.agents/contracts/context-loading.md	Resolution	43	evidence	split	contract:inheritance + gate			Inspect them when the intake requires it; do not reconstruct Brief facts from Product, model, Research, Strategy, Brand or Design decisions.	split:contract:inheritance + gate
R0568	.agents/contracts/context-loading.md	Resolution	49	method	split	contract:inheritance + gate			Assets and font licenses remain directly accessible.	split:contract:inheritance + gate
R0569	.agents/contracts/context-loading.md	Resolution	49	gate-candidate	gate	gate			Products keep their catalog, Markdown, YAML data, and product-specific React entry points together.	executable:pipeline definition
R0570	.agents/contracts/context-loading.md	Resolution	83	gate-candidate	gate	gate			All catalog paths, including document data and React entry points, resolve below `products/<layer>/`.	executable:pipeline definition
R0571	.agents/contracts/context-loading.md	Resolution	83	prohibition	split	contract:inheritance + gate			Components accept their own product data and may import their product's supporting files; they must not import another document's decisions at render time.	split:contract:inheritance + gate
R0572	.agents/contracts/context-loading.md	Resolution	83	method	split	contract:inheritance + gate			No compatibility copy is kept at old paths.	split:contract:inheritance + gate
R0573	.agents/contracts/context-loading.md	Resolution	90	evidence	split	contract:inheritance + gate			product models records product Sales intake from client inputs; Market Researcher creates product Research at the start of Strategy, before strategic selection.	split:contract:inheritance + gate
R0574	.agents/contracts/context-loading.md	Resolution	90	gate-candidate	gate	gate			Resolve paths from confirmed Brief IDs or an existing catalog, without loading later delivery files.	executable:pipeline definition
R0575	.agents/contracts/context-loading.md	Resolution	90	evidence	split	contract:inheritance + gate			There is no shared Research file.	split:contract:inheritance + gate
R0576	.agents/contracts/context-loading.md	Resolution	90	evidence	split	contract:inheritance + gate			Load only the relevant product findings; product models never loads them as client facts.	split:contract:inheritance + gate
R0577	.agents/contracts/context-loading.md	Resolution	97	gate-candidate	gate	gate			Only layer folders live directly in `products/`; shared loading/validation code and tests live in `utils/products/`.	executable:pipeline definition
R0578	.agents/contracts/context-loading.md	Resolution	97	inheritance	contract:inheritance	contract:inheritance			Product-local JSX/TSX, HTML, images, data, and nested folders stay inside `products/<layer>/<product-id>/`.	moved:contract:inheritance
R0579	.agents/contracts/context-loading.md	Resolution	101	evidence	split	contract:inheritance + gate			Each has `id`, `title`, and `pages`; page nodes have `id`, `title`, optional `source`, and recursive `children`.	split:contract:inheritance + gate
R0580	.agents/contracts/context-loading.md	Resolution	101	method	split	contract:inheritance + gate			Read only the declared page and supporting files needed for the current decision.	split:contract:inheritance + gate
R0581	.agents/contracts/context-loading.md	Resolution	101	evidence	split	contract:inheritance + gate			These groups are shared navigation, not new editable sources.	split:contract:inheritance + gate
R0582	.agents/contracts/context-loading.md	Resolution	101	prohibition	split	contract:inheritance + gate			Other section IDs add tabs; files do not become navigation automatically.	split:contract:inheritance + gate
R0583	.agents/contracts/context-loading.md	Resolution	101	inheritance	contract:inheritance	contract:inheritance			Every page source stays within its product and selected layer.	moved:contract:inheritance
R0584	.agents/contracts/context-loading.md	Resolution	101	confirmation	split	contract:inheritance + gate			Markdown pages use their own confirmation; changes to supporting React/HTML/media require semantic review of their owning document, not automatic approval.	split:contract:inheritance + gate
R0585	.agents/contracts/context-loading.md	Resolution	115	gate-candidate	gate	gate			When a catalog entry declares `content`, load the entry component and only the supporting files relevant to the current product decision.	executable:pipeline definition
R0586	.agents/contracts/context-loading.md	Resolution	115	gate-candidate	gate	gate			Do not assume Markdown, a video schema, or a universal set of content types; follow the component's imports and the product's local organization.	executable:pipeline definition
R0587	.agents/contracts/context-loading.md	Resolution	121	gate-candidate	gate	gate			Resolve paths from `apps/studio/workspace/utils/index/<layer>.yaml`; do not hard-code a parallel content path or treat a generated inventory as project knowledge.	executable:pipeline definition
R0588	.agents/contracts/context-loading.md	Resolution	121	method	split	contract:inheritance + gate			There is no second repository-root `workspace/` namespace.	split:contract:inheritance + gate
R0589	.agents/contracts/context-loading.md	Project artifact resolution	129	method	contract:inheritance	contract:inheritance			Brand owns intended meaning and communication; Design is its medium-independent visual translation.	moved:contract:inheritance
R0590	.agents/contracts/context-loading.md	Project artifact resolution	129	prohibition	contract:inheritance	contract:inheritance			Product-local Website, Marketing Creative, and Presentation apply those shared decisions and never serve as Brand or Design inputs.	moved:contract:inheritance
R0591	.agents/contracts/context-loading.md	Project artifact resolution	129	evidence	contract:inheritance	contract:inheritance			Their shared navigation does not change source ownership or dependency direction.	moved:contract:inheritance
R0592	.agents/contracts/context-loading.md	Project artifact resolution	138	confirmation	contract:inheritance	contract:inheritance			Do not maintain a separate decision checklist or approval register in workspace, and do not move project content into the reusable agent definitions.	moved:contract:inheritance
R0593	.agents/contracts/context-loading.md	Project artifact resolution	144	migration	contract:inheritance	contract:inheritance			Workspace contains current inputs and executable support, not migration archives or role comparisons.	moved:contract:inheritance
R0594	.agents/contracts/context-loading.md	Project artifact resolution	144	migration	contract:inheritance	contract:inheritance			Remove retired files together with index imports/exports, `uses` edges, and obsolete review fingerprints.	moved:contract:inheritance
R0595	.agents/contracts/context-loading.md	Project artifact resolution	144	method	contract:inheritance	contract:inheritance			Preserve current document bodies, approvals, and unresolved semantic impact.	moved:contract:inheritance
R0596	.agents/contracts/context-loading.md	Project artifact resolution	144	gate-candidate	contract:inheritance	contract:inheritance			Keep both `products/singlepage/` and `products/startup/` from the outset, each with its own `catalog.yaml`, even when startup has `products: []`.	moved:contract:inheritance
R0597	.agents/contracts/context-loading.md	Project artifact resolution	144	gate-candidate	contract:inheritance	contract:inheritance			This follows the explicit base/extension folders in `libs/modules`; product catalogs still replace atomically rather than merging module-style variant keys.	moved:contract:inheritance
R0598	.agents/contracts/context-loading.md	Project artifact resolution	144	inheritance	contract:inheritance	contract:inheritance			Do not copy base product folders into startup.	moved:contract:inheritance
R0599	.agents/contracts/context-loading.md	Project artifact resolution	144	method	contract:inheritance	contract:inheritance			Check references before deleting.	moved:contract:inheritance
R0600	.agents/contracts/context-loading.md	Project artifact resolution	155	gate-candidate	contract:inheritance	contract:inheritance			Every layered startup index entry explicitly names its singlepage source with `extends` and its merge `strategy`.	moved:contract:inheritance
R0601	.agents/contracts/context-loading.md	Project artifact resolution	158	gate-candidate	contract:inheritance	contract:inheritance			treat a declared but empty startup file as no override; `sections`: merge Markdown headings and let non-empty startup sections win; `replace`: once startup has meaningful content, replace the entire domain-specific knowledge document; `keyed`: merge YAML objects and ID-keyed arrays with startup values winning;	moved:contract:inheritance
R0602	.agents/contracts/context-loading.md	Project artifact resolution	164	gate-candidate	contract:inheritance	contract:inheritance			`product-catalog`: if startup has no products, inherit the complete singlepage catalog; otherwise use only the complete startup catalog and never merge entries across business layers; keep one effective artifact in context and retain both canonical source paths as provenance.	moved:contract:inheritance
R0603	.agents/contracts/context-loading.md	Project artifact resolution	170	evidence	contract:inheritance	contract:inheritance			There is no standalone Evidence source or row-level override register.	moved:contract:inheritance
R0604	.agents/contracts/context-loading.md	Project artifact resolution	174	inheritance	contract:inheritance	contract:inheritance			The resolved body determines the stamp; base confirmation never approves changed startup content.	moved:contract:inheritance
R0605	.agents/contracts/context-loading.md	Project artifact resolution	174	gate-candidate	contract:inheritance	contract:inheritance			The read-only source projection validates a startup stamp against its resolved body while displaying the local fragment.	moved:contract:inheritance
R0606	.agents/contracts/context-loading.md	Project artifact resolution	174	confirmation	contract:inheritance	contract:inheritance			Before consuming an artifact, resolve its status and inspect `stale` sources through the review helper.	moved:contract:inheritance
R0607	.agents/contracts/context-loading.md	Project artifact resolution	174	workflow	contract:inheritance	contract:inheritance			Agents must follow the contract's impact-review transitions, not infer freshness from a cursor, commit, or raw `confirmed: true` field.	moved:contract:inheritance
R0608	.agents/contracts/context-loading.md	Project artifact resolution	182	prohibition	contract:inheritance	contract:inheritance			Do not write a resolved copy.	moved:contract:inheritance
R0609	.agents/contracts/context-loading.md	Project artifact resolution	182	method	contract:inheritance	contract:inheritance			Agents and Studio use the same in-memory result.	moved:contract:inheritance
R0610	.agents/contracts/context-loading.md	Project artifact resolution	182	gate-candidate	contract:inheritance	contract:inheritance			An agent writes only the indexed source for the active layer.	moved:contract:inheritance
R0611	.agents/contracts/context-loading.md	Project artifact resolution	187	inheritance	contract:inheritance	contract:inheritance			In the canonical framework repository, GitHub reconciliation writes only `singlepage` sources.	moved:contract:inheritance
R0612	.agents/contracts/context-loading.md	Project artifact resolution	187	inheritance	contract:inheritance	contract:inheritance			In a downstream repository, it writes only `startup` sources, including when synchronized framework code changes affect the downstream project.	moved:contract:inheritance
R0613	.agents/contracts/context-loading.md	Project artifact resolution	187	inheritance	contract:inheritance	contract:inheritance			It never modifies the inherited `singlepage` base there.	moved:contract:inheritance
R0614	.agents/contracts/context-loading.md	Shared agent resources	194	method	contract:inheritance	contract:inheritance			Only material that does not change between projects belongs beside the agents:	moved:contract:inheritance
R0615	.agents/contracts/context-loading.md	Shared agent resources	201	method	contract:inheritance	contract:inheritance			Each profession's responsibility and method live together in one role file.	moved:contract:inheritance
R0616	.agents/contracts/context-loading.md	Shared agent resources	201	gate-candidate	contract:inheritance	contract:inheritance			Templates, taxonomies, and other invariant resources remain selective: startup may load an indexed resource only when the singlepage index exports its ID and the startup index imports the same ID.	moved:contract:inheritance
R0617	.agents/contracts/context-loading.md	Shared agent resources	201	evidence	contract:inheritance	contract:inheritance			Do not move project findings, channel searches, or communication decisions into `.agents`.	moved:contract:inheritance
R0618	.agents/contracts/context-loading.md	Shared agent resources	207	method	contract:inheritance	contract:inheritance			This is deterministic semantic isolation over a normally merged Git repository; it is not a promise of physical confidentiality.	moved:contract:inheritance
R0619	.agents/contracts/context-loading.md	Decision-scoped context	212	gate-candidate	workflow	workflow			Load the effective active artifact, all relevant transitive `uses` dependencies, the active role, the numbered workflow stage that invokes it, and the indexed knowledge selected for the decision.	kept:workflow
R0620	.agents/contracts/context-loading.md	Decision-scoped context	212	workflow	workflow	workflow			Begin from the durable cursor and verify current pipeline compatibility before accepting its prerequisite closure; do not mix completed downstream artifacts into an earlier decision unless invalidation makes them relevant.	kept:workflow
R0621	.agents/contracts/context-loading.md	Decision-scoped context	212	workflow	workflow	workflow			Read the current stage's completion criteria in `.agents/` and the material questions in the owning documents, plus any additional material needed to verify their claims.	kept:workflow
R0622	.agents/contracts/context-loading.md	Decision-scoped context	212	method	workflow	workflow			Project-specific domain, discovery, acquisition, and communication dependencies resolve to one effective overlay just like the project documents.	kept:workflow
R0623	.agents/contracts/context-loading.md	Decision-scoped context	212	inheritance	workflow	workflow			Do not mix both complete layers, unrelated roles, unrelated stages, unrelated channel knowledge, or every template into one model context.	kept:workflow
R0624	.agents/contracts/context-loading.md	Decision-scoped context	212	gate-candidate	workflow	workflow			The compatibility scan may compare headings and schema keys without loading every document body.	kept:workflow
R0625	.agents/contracts/context-loading.md	Decision-scoped context	212	evidence	workflow	workflow			This separation prevents semantic collisions, not thorough research.	kept:workflow
R0626	.agents/contracts/context-loading.md	Decision-scoped context	227	gate-candidate	workflow	workflow			For product-local Research/Sales, also follow confirmed Brief product IDs, catalog references, and citations in Strategy and downstream outputs.	kept:workflow
R0627	.agents/contracts/context-loading.md	Decision-scoped context	227	method	workflow	workflow			Record explicit product paths in those citations.	kept:workflow
R0628	.agents/contracts/context-loading.md	Decision-scoped context	227	confirmation	workflow	workflow			A changed product finding invalidates its consumers only; it does not rewrite client facts or unrelated product research.	kept:workflow
R0629	.agents/contracts/context-loading.md	Decision-scoped context	227	prohibition	workflow	workflow			Do not add a business-wide summary or a parallel dependency registry.	kept:workflow
R0630	.agents/contracts/context-loading.md	Presentation content contract	237	gate-candidate	gate	gate			The product catalog declares `presentation` (React entry point) and `presentation_data` (its own YAML source).	executable:pipeline definition
R0631	.agents/contracts/context-loading.md	Presentation content contract	237	prohibition	operator-doc	operator-doc			The renderer is a default React component receiving `{ content }`; it never loads other documents for copy.	kept:operator-doc
R0632	.agents/contracts/context-loading.md	Presentation content contract	237	gate-candidate	gate	gate			The shared catalog loader validates product ownership and passes only that source's content.	executable:pipeline definition
R0633	.agents/contracts/context-loading.md	Presentation content contract	237	method	operator-doc	operator-doc			A product may define its own content shape and compose shared layout/export components.	kept:operator-doc
R0634	.agents/contracts/context-loading.md	Presentation content contract	246	migration	split	gate + operator-doc			For structural migrations, preserve existing rendered content once in this source; do not keep a live extraction binding.	split:gate + operator-doc
R0635	.agents/contracts/context-loading.md	Presentation content contract	246	confirmation	split	gate + operator-doc			Review relationships remain semantic: changed inputs trigger impact review, never automatic text replacement.	split:gate + operator-doc
R0636	.agents/contracts/context-loading.md	Design layout context	252	inheritance	contract:inheritance	contract:inheritance			Read `design/<layer>/layout.yaml` when changing the Design review structure.	moved:contract:inheritance
R0637	.agents/contracts/context-loading.md	Design layout context	252	inheritance	contract:inheritance	contract:inheritance			Load only its declared template/sections and their relevant imports, from the selected layout's layer.	moved:contract:inheritance
R0638	.agents/contracts/context-loading.md	Design layout context	252	method	operator-doc	operator-doc			Full templates may use their own structure.	kept:operator-doc
R0639	.agents/contracts/context-loading.md	Design layout context	252	inheritance	contract:inheritance	contract:inheritance			Design Markdown, Assets, and CSS inheritance remain separate.	moved:contract:inheritance
R0640	.agents/contracts/context-loading.md	Design layout context	252	gate-candidate	split	contract:inheritance + operator-doc			Use the workspace README for schema/props; shared helpers stay in utils.	split:contract:inheritance + operator-doc
R0641	.agents/contracts/context-loading.md	Design layout context	252	gate-candidate	split	contract:inheritance + operator-doc			Do not load every custom file into context or rebuild an old fixed template merely to match historical headings.	split:contract:inheritance + operator-doc
R0642	.agents/contracts/context-loading.md	Design layout context	252	confirmation	split	contract:inheritance + operator-doc			After changes, inspect the rendered result and review semantic impact; confirmation of the primary document does not approve every additional source.	split:contract:inheritance + operator-doc
R0643	.agents/contracts/context-loading.md	Design layout context	252	confirmation	split	contract:inheritance + operator-doc			Record unresolved impact as stale in affected documents.	split:contract:inheritance + operator-doc
R0644	.agents/contracts/context-loading.md	Design layout context	264	evidence	split	contract:inheritance + operator-doc			Model sources, source ownership and acyclic review edges follow `product-models.md`.	split:contract:inheritance + operator-doc
R0645	.agents/contracts/context-loading.md	Design layout context	264	gate-candidate	split	contract:inheritance + operator-doc			Load a linked shared model once for all its consumers; never merge model collections across replaced catalogs.	split:contract:inheritance + operator-doc
R0646	.agents/contracts/document-confirmation.md	Document confirmation	3	method	split	contract:confirmation + gate			Each primary review document owns a `confirmation` parameter.	split:contract:confirmation + gate
R0647	.agents/contracts/document-confirmation.md	Document confirmation	3	gate-candidate	gate	gate			Markdown uses YAML frontmatter; Sales and other YAML review sources use the same root key.	executable:pipeline definition
R0648	.agents/contracts/document-confirmation.md	Document confirmation	3	workflow	split	contract:confirmation + gate			Missing metadata is unconfirmed, never implicitly approved from fluent prose, a completed cursor, or a commit.	split:contract:confirmation + gate
R0649	.agents/contracts/document-confirmation.md	Document confirmation	3	evidence	split	contract:confirmation + gate			Keep document titles in the source; Studio omits the leading Markdown H1 when its page header already supplies a title.	split:contract:confirmation + gate
R0650	.agents/contracts/document-confirmation.md	Document confirmation	3	gate-candidate	gate	gate			Frontmatter is never rendered as prose.	executable:pipeline definition
R0651	.agents/contracts/document-confirmation.md	Document confirmation	10	method	split	contract:confirmation + gate			After explicit user confirmation, record:	split:contract:confirmation + gate
R0652	.agents/contracts/document-confirmation.md	Document confirmation	21	method	split	contract:confirmation + gate			Only an attributable user decision authorizes setting true.	split:contract:confirmation + gate
R0653	.agents/contracts/document-confirmation.md	Document confirmation	21	evidence	split	contract:confirmation + gate			This metadata is not a digital signature or independent proof of the document's factual claims.	split:contract:confirmation + gate
R0654	.agents/contracts/document-confirmation.md	Document confirmation	21	confirmation	contract:confirmation	contract:confirmation			Approval of scope, one font, one asset, or another partial decision does not confirm an entire document.	moved:contract:confirmation
R0655	.agents/contracts/document-confirmation.md	Document confirmation	21	gate-candidate	gate	gate			Partial decisions remain explicitly scoped in their owning source, including frontmatter when status prose would clutter the body.	executable:pipeline definition
R0656	.agents/contracts/document-confirmation.md	Document confirmation	21	evidence	split	contract:confirmation + gate			Brief may retain `intake.scope` with its confirmed subject/product IDs and attributable source; this is not whole-document `confirmation` and must be revisited when that scope changes.	split:contract:confirmation + gate
R0657	.agents/contracts/document-confirmation.md	Document confirmation	37	prohibition	split	contract:confirmation + gate			It is read-only; never treat running it as confirmation.	split:contract:confirmation + gate
R0658	.agents/contracts/document-confirmation.md	Document confirmation	37	confirmation	contract:confirmation	contract:confirmation			Copy its hash only after reviewing the exact current body and receiving approval.	moved:contract:confirmation
R0659	.agents/contracts/document-confirmation.md	Document confirmation	37	gate-candidate	gate	gate			On a substantive correction, retain the old fingerprint as invalid until review, or set false; never silently regenerate a valid confirmation stamp.	executable:pipeline definition
R0660	.agents/contracts/document-confirmation.md	Document confirmation	37	confirmation	contract:confirmation	contract:confirmation			The resolver reports changed content or an incomplete true record as needing confirmation again.	moved:contract:confirmation
R0661	.agents/contracts/document-confirmation.md	Document confirmation	37	method	split	contract:confirmation + gate			Hashing ignores metadata and outer whitespace, not body edits.	split:contract:confirmation + gate
R0662	.agents/contracts/document-confirmation.md	Content ownership and semantic dependencies	47	method	contract:confirmation	contract:confirmation			Each document owns its content.	moved:contract:confirmation
R0663	.agents/contracts/document-confirmation.md	Content ownership and semantic dependencies	47	method	contract:confirmation	contract:confirmation			A dependency is a semantic review relationship, not a runtime import, formula, or text substitution.	moved:contract:confirmation
R0664	.agents/contracts/document-confirmation.md	Content ownership and semantic dependencies	47	readability	duplicate	workflow (one readability paragraph)			If a model changes a price, mark affected product materials stale, compare their claims with the model, and edit their derived wording when needed, and obtain any required renewed confirmation.	removed:restatement (workflow working rules own it)
R0665	.agents/contracts/document-confirmation.md	Content ownership and semantic dependencies	47	confirmation	contract:confirmation	contract:confirmation			Do not rewrite its body automatically or update its approval hash from another document.	moved:contract:confirmation
R0666	.agents/contracts/document-confirmation.md	Content ownership and semantic dependencies	47	evidence	contract:confirmation	contract:confirmation			A source change with no material effect needs only an impact review and snapshot refresh.	moved:contract:confirmation
R0667	.agents/contracts/document-confirmation.md	Content ownership and semantic dependencies	47	method	contract:confirmation	contract:confirmation			Presentation follows the same rule with its own content and confirmation.	moved:contract:confirmation
R0668	.agents/contracts/document-confirmation.md	Status and upstream review	57	method	split	contract:confirmation + gate			Use exactly four resolved document states:	split:contract:confirmation + gate
R0669	.agents/contracts/document-confirmation.md	Status and upstream review	64	confirmation	contract:confirmation	contract:confirmation			`stale` takes precedence over the other states; `confirmed: true` in source metadata is a historical approval, not permission to consume a stale result.	moved:contract:confirmation
R0670	.agents/contracts/document-confirmation.md	Status and upstream review	64	prohibition	split	contract:confirmation + gate			Missing dependency snapshots never make a previously confirmed document green.	split:contract:confirmation + gate
R0671	.agents/contracts/document-confirmation.md	Status and upstream review	64	confirmation	contract:confirmation	contract:confirmation			New drafts without a snapshot stay unconfirmed; initialize their snapshot after checking the current inputs.	moved:contract:confirmation
R0672	.agents/contracts/document-confirmation.md	Status and upstream review	64	gate-candidate	gate	gate			Metadata-only edits do not change body fingerprints.	executable:pipeline definition
R0673	.agents/contracts/document-confirmation.md	Status and upstream review	70	method	split	contract:confirmation + gate			Each document records its last reviewed direct inputs in its own metadata:	split:contract:confirmation + gate
R0674	.agents/contracts/document-confirmation.md	Status and upstream review	83	gate-candidate	gate	gate			The resolver adds product inputs from the selected atomic catalog: Model and product review edges follow `product-models.md`.	executable:pipeline definition
R0675	.agents/contracts/document-confirmation.md	Status and upstream review	83	confirmation	contract:confirmation	contract:confirmation			Research remains the evidence owner; tested-assumption links never create reciprocal approval dependencies.	moved:contract:confirmation
R0676	.agents/contracts/document-confirmation.md	Status and upstream review	83	method	split	contract:confirmation + gate			Added or removed inputs require review.	split:contract:confirmation + gate
R0677	.agents/contracts/document-confirmation.md	Status and upstream review	83	gate-candidate	gate	gate			Under `research-sales-audit.md`, Research also observes Sales as the hypothesis being tested: the raw body fingerprint is stored in `review.dependencies`, but Sales approval/staleness is not recursively inherited through that observation.	executable:pipeline definition
R0678	.agents/contracts/document-confirmation.md	Status and upstream review	83	confirmation	contract:confirmation	contract:confirmation			Only regular `uses` edges propagate upstream stale states; both edge kinds detect changed/missing inspected content.	moved:contract:confirmation
R0679	.agents/contracts/document-confirmation.md	Status and upstream review	99	method	split	contract:confirmation + gate			Before consuming an artifact, inspect its resolved status with the workspace loader or review helper.	split:contract:confirmation + gate
R0680	.agents/contracts/document-confirmation.md	Status and upstream review	99	method	split	contract:confirmation + gate			After editing an owning upstream document:	split:contract:confirmation + gate
R0681	.agents/contracts/document-confirmation.md	Status and upstream review	102	method	split	contract:confirmation + gate			Resolve reverse dependencies, including product-local files.	split:contract:confirmation + gate
R0682	.agents/contracts/document-confirmation.md	Status and upstream review	102	gate-candidate	gate	gate			Body fingerprint differences, missing/added/removed inputs, and upstream `stale` propagate to dependents, even if their own bodies did not change.	executable:pipeline definition
R0683	.agents/contracts/document-confirmation.md	Status and upstream review	102	method	split	contract:confirmation + gate			Automatic detection is a review trigger; it does not establish that the semantic decision is wrong.	split:contract:confirmation + gate
R0684	.agents/contracts/document-confirmation.md	Status and upstream review	102	method	split	contract:confirmation + gate			For no material effect, update only that artifact's dependency snapshot.	split:contract:confirmation + gate
R0685	.agents/contracts/document-confirmation.md	Status and upstream review	102	confirmation	contract:confirmation	contract:confirmation			Preserve an unchanged valid user confirmation; do not ask the user to approve the same decision again.	moved:contract:confirmation
R0686	.agents/contracts/document-confirmation.md	Status and upstream review	102	method	split	contract:confirmation + gate			Explain a consequential no-effect judgment in the task response or Git change text, not in a new project log.	split:contract:confirmation + gate
R0687	.agents/contracts/document-confirmation.md	Status and upstream review	102	prohibition	split	contract:confirmation + gate			Keep this marker until the correction and any required user confirmation are complete; merely copying current hashes must not clear a known problem.	split:contract:confirmation + gate
R0688	.agents/contracts/document-confirmation.md	Status and upstream review	102	confirmation	contract:confirmation	contract:confirmation			Once the owner's decision is current, update its dependency snapshot and remove `review.stale`.	moved:contract:confirmation
R0689	.agents/contracts/document-confirmation.md	Status and upstream review	102	method	split	contract:confirmation + gate			Refresh confirmation only after explicit user confirmation of the revised body.	split:contract:confirmation + gate
R0690	.agents/contracts/document-confirmation.md	Status and upstream review	120	confirmation	contract:confirmation	contract:confirmation			There is no standalone Evidence document, approval registry, or change register.	moved:contract:confirmation
R0691	.agents/contracts/document-confirmation.md	Status and upstream review	120	evidence	split	contract:confirmation + gate			Client facts and material source attribution stay with the owning statement; external sources stay in the product Research; asset provenance stays in Assets.	split:contract:confirmation + gate
R0692	.agents/contracts/document-confirmation.md	Status and upstream review	120	inheritance	split	contract:confirmation + gate			Never turn a commit, an agent answer, a review snapshot, or an inherited approval into new user consent.	split:contract:confirmation + gate
R0693	.agents/contracts/document-confirmation.md	Layer resolution	128	inheritance	contract:confirmation	contract:confirmation			The projection/navigation names singlepage while the status badge stays concise; this is not confirmation by the startup project's user.	moved:contract:confirmation
R0694	.agents/contracts/document-confirmation.md	Layer resolution	128	inheritance	contract:confirmation	contract:confirmation			New or changed startup content without its own confirmation is unconfirmed, even when its singlepage base is approved.	moved:contract:confirmation
R0695	.agents/contracts/document-confirmation.md	Layer resolution	128	inheritance	contract:confirmation	contract:confirmation			An explicit startup false overrides base true, including a metadata-only file.	moved:contract:confirmation
R0696	.agents/contracts/document-confirmation.md	Layer resolution	128	inheritance	contract:confirmation	contract:confirmation			Startup may explicitly confirm inherited text without copying it.	moved:contract:confirmation
R0697	.agents/contracts/document-confirmation.md	Layer resolution	128	method	contract:confirmation	contract:confirmation			Its hash covers the full resolved document, including every retained base section.	moved:contract:confirmation
R0698	.agents/contracts/document-confirmation.md	Layer resolution	128	inheritance	contract:confirmation	contract:confirmation			For partial overrides, record the full resolved body's hash, never just the startup fragment.	moved:contract:confirmation
R0699	.agents/contracts/document-confirmation.md	Layer resolution	128	inheritance	contract:confirmation	contract:confirmation			Both default and startup source views evaluate that same confirmation while the source view still displays only its local fragment.	moved:contract:confirmation
R0700	.agents/contracts/document-confirmation.md	Layer resolution	128	inheritance	contract:confirmation	contract:confirmation			A change hidden by a startup replacement does not change the effective body.	moved:contract:confirmation
R0701	.agents/contracts/document-confirmation.md	Layer resolution	128	inheritance	contract:confirmation	contract:confirmation			An unchanged inherited document inherits its input snapshot; a changed startup body needs its own.	moved:contract:confirmation
R0702	.agents/contracts/document-confirmation.md	Layer resolution	128	inheritance	contract:confirmation	contract:confirmation			A metadata-only startup `review` replaces that review object atomically, so a local impact review can clear inherited staleness without copying the body.	moved:contract:confirmation
R0703	.agents/contracts/document-confirmation.md	Layer resolution	128	inheritance	contract:confirmation	contract:confirmation			Its confirmation still belongs to the user/layer that actually approved it.	moved:contract:confirmation
R0704	.agents/contracts/document-confirmation.md	Layer resolution	128	inheritance	contract:confirmation	contract:confirmation			Compare effective inputs: hidden changes in replaced base sections do not invalidate startup dependents.	moved:contract:confirmation
R0705	.agents/contracts/document-confirmation.md	Layer resolution	128	gate-candidate	contract:confirmation	contract:confirmation			Products keep atomic catalogs: confirmation belongs to files in the selected product's own layer, with no per-product fallback or cross-product approval.	moved:contract:confirmation
R0706	.agents/contracts/document-confirmation.md	Layer resolution	151	method	contract:confirmation	contract:confirmation			The shared agent loader and Studio use the same parser, merger, and confirmation resolver.	moved:contract:confirmation
R0707	.agents/contracts/document-confirmation.md	Layer resolution	151	confirmation	contract:confirmation	contract:confirmation			Do not write a default file, approval registry, or a second editable status copy.	moved:contract:confirmation
R0708	.agents/contracts/document-confirmation.md	Layer resolution	151	evidence	contract:confirmation	contract:confirmation			Source descriptions and header help explain the document's purpose and how the operator uses it; editing paths and technical dependency information stay in the source metadata area below the document.	moved:contract:confirmation
R0709	.agents/contracts/document-confirmation.md	Stage gates and GitHub baseline	159	inheritance	split	gate + contract:github			Strategy, Brand, and complete Design approval gates read valid confirmation metadata for the active project's layer.	split:gate + contract:github
R0710	.agents/contracts/document-confirmation.md	Stage gates and GitHub baseline	159	inheritance	split	gate + contract:github			Inherited framework approval cannot satisfy a startup approval gate.	split:gate + contract:github
R0711	.agents/contracts/document-confirmation.md	Stage gates and GitHub baseline	159	confirmation	split	gate + contract:github			Read approval directly from the owning document; do not duplicate it in a gate table or separate checklist.	split:gate + contract:github
R0712	.agents/contracts/document-confirmation.md	Stage gates and GitHub baseline	159	method	split	gate + contract:github			Other document statuses report review state without replacing their existing factual completion criteria.	split:gate + contract:github
R0713	.agents/contracts/document-confirmation.md	Stage gates and GitHub baseline	159	evidence	split	gate + contract:github			Document confirmation never certifies individual market claims, runtime behavior, generated assets, or permission to publish.	split:gate + contract:github
R0714	.agents/contracts/document-confirmation.md	Stage gates and GitHub baseline	167	gate-candidate	gate	gate			Once metadata is present it is authoritative: false or a mismatched fingerprint cannot be rescued by an old approved sentence in the body.	executable:pipeline definition
R0715	.agents/contracts/document-readability.md	Review readability and completeness	3	readability	duplicate	workflow (one readability paragraph)			Strongly prefer one reviewable topic per page, normally readable in five to seven minutes (roughly 1,400 words).	removed:restatement (workflow working rules own it)
R0716	.agents/contracts/document-readability.md	Review readability and completeness	3	method	split	workflow + duplicate			This is an editorial target, not a pass/fail limit.	split:workflow + duplicate
R0717	.agents/contracts/document-readability.md	Review readability and completeness	3	readability	duplicate	workflow (one readability paragraph)			There is no maximum word, line, source, segment, table-row or aggregate-file count.	removed:restatement (workflow working rules own it)
R0718	.agents/contracts/document-readability.md	Review readability and completeness	3	gate-candidate	split	workflow + duplicate			Do not count either as one linear review page or truncate it in loaders, validators, exports or agent output.	split:workflow + duplicate
R0719	.agents/contracts/document-readability.md	Review readability and completeness	10	method	split	workflow + duplicate			Keep the main document self-contained for its decision.	split:workflow + duplicate
R0720	.agents/contracts/document-readability.md	Review readability and completeness	10	gate-candidate	split	workflow + duplicate			Remove repeated prose, then group long material into named, navigable pages registered in the product catalog.	split:workflow + duplicate
R0721	.agents/contracts/document-readability.md	Review readability and completeness	10	evidence	split	workflow + duplicate			An overview summarizes conclusions and points to detail; it never replaces or silently drops the evidence.	split:workflow + duplicate
R0722	.agents/contracts/document-readability.md	Review readability and completeness	10	method	split	workflow + duplicate			If splitting would break necessary context, keep a longer page.	split:workflow + duplicate
R0723	.agents/contracts/document-readability.md	Review readability and completeness	10	prohibition	split	workflow + duplicate			Missing information cannot be justified by the reading-time target.	split:workflow + duplicate
R0724	.agents/contracts/document-readability.md	Review readability and completeness	19	gate-candidate	split	workflow + duplicate			Use the canonical primary headings and existing shared page browser; additional pages need no uniform Markdown body schema.	split:workflow + duplicate
R0725	.agents/contracts/document-readability.md	Review readability and completeness	19	evidence	split	workflow + duplicate			Summarization must preserve meaning, source ownership and traceability.	split:workflow + duplicate
R0726	.agents/contracts/document-readability.md	Review readability and completeness	19	confirmation	split	workflow + duplicate			Do not create duplicate facts or an approval summary.	split:workflow + duplicate
R0727	.agents/contracts/document-readability.md	Review readability and completeness	19	method	split	workflow + duplicate			Review status stays in metadata and the header, not in editorial prose.	split:workflow + duplicate
R0728	.agents/contracts/editorial-pass.md	Final editorial pass	3	evidence	duplicate	contract:editorial			Apply this contract whenever an agent writes or returns prose intended for a person: workspace documents, research, plans, reports, issue and PR text, handoffs, documentation, interface copy, presentation text, emails, comments, and the prose around technical results.	removed:duplicate (contract:editorial)
R0729	.agents/contracts/editorial-pass.md	Final editorial pass	8	gate-candidate	duplicate	contract:editorial			Run the pass after the content is complete and its facts, evidence, links, identifiers, paths, commands, required structure, and approval state are correct.	removed:duplicate (contract:editorial)
R0730	.agents/contracts/editorial-pass.md	Final editorial pass	8	method	duplicate	contract:editorial			This is the final content-editing step before the text is stored, published, or returned.	removed:duplicate (contract:editorial)
R0731	.agents/contracts/editorial-pass.md	Final editorial pass	13	method	duplicate	contract:editorial			Other providers apply this contract directly.	removed:duplicate (contract:editorial)
R0732	.agents/contracts/editorial-pass.md	Final editorial pass	13	method	duplicate	contract:editorial			The requested language and the author's intended voice remain in force.	removed:duplicate (contract:editorial)
R0733	.agents/contracts/editorial-pass.md	Editing rules	19	method	contract:editorial	contract:editorial			Read the complete text in context before changing it.	moved:contract:editorial
R0734	.agents/contracts/editorial-pass.md	Editing rules	19	method	contract:editorial	contract:editorial			Preserve meaning, facts, uncertainty, attribution, terminology, numbers, citations, links, formatting, and the operator's voice.	moved:contract:editorial
R0735	.agents/contracts/editorial-pass.md	Editing rules	19	method	contract:editorial	contract:editorial			Remove generic filler, repeated conclusions, empty importance framing, vague authority, unsupported benefits, marketing inflation, fake conversational transitions, and phrases that merely announce what the text is doing.	moved:contract:editorial
R0736	.agents/contracts/editorial-pass.md	Editing rules	19	readability	duplicate	workflow (one readability paragraph)			Replace abstract or ambiguous wording with the actual actor, action, condition, decision, input, or result when the source supports it.	removed:restatement (workflow working rules own it)
R0737	.agents/contracts/editorial-pass.md	Editing rules	19	readability	duplicate	workflow (one readability paragraph)			Prefer ordinary words and sentences that are natural in the requested language.	removed:restatement (workflow working rules own it)
R0738	.agents/contracts/editorial-pass.md	Editing rules	19	prohibition	contract:editorial	contract:editorial			Do not translate unless the artifact calls for translation.	moved:contract:editorial
R0739	.agents/contracts/editorial-pass.md	Editing rules	19	method	contract:editorial	contract:editorial			Keep a caveat when it carries material information, but state the condition directly instead of adding defensive boilerplate.	moved:contract:editorial
R0740	.agents/contracts/editorial-pass.md	Editing rules	19	evidence	contract:editorial	contract:editorial			Do not add facts, examples, guarantees, evidence, metrics, praise, urgency, or certainty to make the text sound stronger.	moved:contract:editorial
R0741	.agents/contracts/editorial-pass.md	Editing rules	19	readability	duplicate	workflow (one readability paragraph)			Do not edit source code, machine-readable values, logs, quoted material, legal text, or exact commands unless the task explicitly requires it.	removed:restatement (workflow working rules own it)
R0742	.agents/contracts/editorial-pass.md	Editing rules	19	method	contract:editorial	contract:editorial			Edit only the surrounding human-facing prose.	moved:contract:editorial
R0743	.agents/contracts/editorial-pass.md	Editing rules	19	prohibition	contract:editorial	contract:editorial			Do not mention the editorial pass inside the artifact.	moved:contract:editorial
R0744	.agents/contracts/editorial-pass.md	Completion check	40	evidence	contract:editorial	contract:editorial			Before returning the text, check that every paragraph has a specific purpose, every claim is as precise as its evidence allows, one concept keeps one name, and no sentence sounds reusable in an unrelated project without changes.	moved:contract:editorial
R0745	.agents/contracts/evidence.md	Claims	5	evidence	contract:evidence	contract:evidence			Classify every consequential claim as one of:	moved:contract:evidence
R0746	.agents/contracts/evidence.md	Claims	15	inheritance	contract:evidence	contract:evidence			Finding IDs use the short form `<product-prefix>-<SPS|S>-<number>`, such as `EX-SPS-01` for `singlepage` or `EX-S-01` for `startup`.	moved:contract:evidence
R0747	.agents/contracts/evidence.md	Claims	15	gate-candidate	contract:evidence	contract:evidence			A prefix starts with an uppercase letter, contains only uppercase letters/digits, and must be unique among products in the same source-layer catalog.	moved:contract:evidence
R0748	.agents/contracts/evidence.md	Claims	15	evidence	contract:evidence	contract:evidence			Every citation and `finding_ids` entry uses the complete short ID; expand ranges into explicit IDs.	moved:contract:evidence
R0749	.agents/contracts/evidence.md	Claims	15	inheritance	contract:evidence	contract:evidence			Finding declarations must match the document's source layer and registered product prefix; duplicate declarations are invalid, while repeated citations are allowed.	moved:contract:evidence
R0750	.agents/contracts/evidence.md	Claims	15	inheritance	contract:evidence	contract:evidence			Inherited findings retain their original source marker; `default` is never an owner.	moved:contract:evidence
R0751	.agents/contracts/evidence.md	Claims	15	evidence	contract:evidence	contract:evidence			Source-table IDs such as `S1` may remain local to one Research document; an external reference to one must also name that document, so local source labels never become ambiguous global identifiers.	moved:contract:evidence
R0752	.agents/contracts/evidence.md	Claims	15	readability	duplicate	workflow (one readability paragraph)			Client wording is not independently verified evidence.	removed:restatement (workflow working rules own it)
R0753	.agents/contracts/evidence.md	Claims	35	method	contract:evidence	contract:evidence			A GitHub commit and file snapshot may verify the exact committed content at its full SHA.	moved:contract:evidence
R0754	.agents/contracts/evidence.md	Claims	35	confirmation	contract:evidence	contract:evidence			A changed path alone is not a changed claim, and committed source does not by itself verify runtime behavior, integration, compatibility, adoption, or outcomes.	moved:contract:evidence
R0755	.agents/contracts/evidence.md	Claims	35	evidence	contract:evidence	contract:evidence			Record those limitations beside the affected claim during GitHub reconciliation.	moved:contract:evidence
R0756	.agents/contracts/evidence.md	Claims	40	method	contract:evidence	contract:evidence			For workflow routing, separately classify who can resolve an unknown:	moved:contract:evidence
R0757	.agents/contracts/evidence.md	Claims	42	evidence	contract:evidence	contract:evidence			an `operator-fact` requires operator input or an existing attributable operator source; a `research-question` requires external evidence; a `professional-choice` is proposed by the owning role; an `evidence-gap` remains missing until proof exists or an experiment produces it.	moved:contract:evidence
R0758	.agents/contracts/evidence.md	Claims	49	evidence	contract:evidence	contract:evidence			An `assumption` may make a proposal explicit but cannot satisfy an `operator-fact`, including budget, available time, reachable contacts, current customers or users, rights and license intent, support capacity, geography, decision authority, assets, or non-goals.	moved:contract:evidence
R0759	.agents/contracts/evidence.md	Source ownership	56	evidence	contract:evidence	contract:evidence			There is no separate project Evidence document or global fact/change register.	moved:contract:evidence
R0760	.agents/contracts/evidence.md	Source ownership	56	method	contract:evidence	contract:evidence			Record client answers and material constraints once in Brief or product models.	moved:contract:evidence
R0761	.agents/contracts/evidence.md	Source ownership	56	confirmation	contract:evidence	contract:evidence			The dialogue and explicit document confirmation establish the user's decisions; do not create a second record of every question, answer, edit, or approval.	moved:contract:evidence
R0762	.agents/contracts/evidence.md	Source ownership	56	evidence	contract:evidence	contract:evidence			Keep only source attribution or limitations needed to interpret a current claim.	moved:contract:evidence
R0763	.agents/contracts/evidence.md	Source ownership	62	evidence	contract:evidence	contract:evidence			External market findings, dated sources, inference, and missing proof belong to the relevant product Research.	moved:contract:evidence
R0764	.agents/contracts/evidence.md	Source ownership	62	method	contract:evidence	contract:evidence			File origin and usage rights belong to Assets.	moved:contract:evidence
R0765	.agents/contracts/evidence.md	Source ownership	62	method	contract:evidence	contract:evidence			Document metadata owns confirmation and upstream review status.	moved:contract:evidence
R0766	.agents/contracts/evidence.md	Source ownership	62	workflow	contract:evidence	contract:evidence			Current documents must be self-contained; do not force agents to reread Git history for ordinary stage work.	moved:contract:evidence
R0767	.agents/contracts/evidence.md	Source ownership	68	migration	contract:evidence	contract:evidence			"In a current document, a source title, retired register code, or phrase such as ""operator confirmation"" is not enough on its own."	moved:contract:evidence
R0768	.agents/contracts/evidence.md	Source ownership	68	confirmation	contract:evidence	contract:evidence			For an approval, say what was approved and what remains outside it.	moved:contract:evidence
R0769	.agents/contracts/evidence.md	Source ownership	68	prohibition	contract:evidence	contract:evidence			Keep working links and asset IDs for navigation, but never make their labels the only explanation.	moved:contract:evidence
R0770	.agents/contracts/evidence.md	Source ownership	68	migration	contract:evidence	contract:evidence			When retiring a source, recover only the material meaning from attributable records; do not invent missing context or copy its full history into the document.	moved:contract:evidence
R0771	.agents/contracts/evidence.md	Source ownership	77	gate-candidate	contract:evidence	contract:evidence			Its source classification, date, scope and scoped confirmation may be keyed to that fact or section in frontmatter; they need not be repeated as narrative attribution.	moved:contract:evidence
R0772	.agents/contracts/evidence.md	Source ownership	77	evidence	contract:evidence	contract:evidence			Do not infer absence of team testing from absence of external adoption evidence.	moved:contract:evidence
R0773	.agents/contracts/evidence.md	Source ownership	77	evidence	contract:evidence	contract:evidence			A supplied internal-test statement remains an attributable client claim; it neither needs an external testimonial nor establishes measured customer outcomes.	moved:contract:evidence
R0774	.agents/contracts/evidence.md	Source ownership	85	gate-candidate	contract:evidence	contract:evidence			Strategy may likewise keep exact URLs, dates, finding IDs, classifications and limitations in frontmatter keyed to its current decisions.	moved:contract:evidence
R0775	.agents/contracts/evidence.md	Source ownership	85	method	contract:evidence	contract:evidence			Traceability remains required for agents; visible citation prose is not required for this internal review document.	moved:contract:evidence
R0776	.agents/contracts/evidence.md	Source ownership	92	inheritance	contract:evidence	contract:evidence			Inherited framework facts are reference context, not automatically the client's facts.	moved:contract:evidence
R0777	.agents/contracts/evidence.md	Source ownership	92	inheritance	contract:evidence	contract:evidence			Record applicable client answers in the startup owner and obtain the required project-specific confirmation.	moved:contract:evidence
R0778	.agents/contracts/evidence.md	Source ownership	92	evidence	contract:evidence	contract:evidence			A research finding cannot silently overwrite client input; ask when it contradicts that input.	moved:contract:evidence
R0779	.agents/contracts/evidence.md	Assets	99	evidence	contract:evidence	contract:evidence			Every asset entry records a stable ID, source type (`client`, `generated`, `stock`, or `public-reference`), evidence flag, rights status, purpose, related artifacts, allowed use, prohibited use, prompt when applicable, and source/tool.	moved:contract:evidence
R0780	.agents/contracts/evidence.md	Assets	99	inheritance	split	contract:evidence + gate			Store accepted client and public-reference source files below `assets/<layer>/intake/`; the layer that accepts the input owns the physical file even when its registry entry is later visible through inheritance.	split:contract:evidence + gate
R0781	.agents/contracts/evidence.md	Assets	99	confirmation	split	contract:evidence + gate			Every `generated` entry also records `lifecycle: proposed` until operator approval changes it to `approved`, plus the stable `proposal_id` declared as the current `Visual proposal ID` in the design artifact.	split:contract:evidence + gate
R0782	.agents/contracts/evidence.md	Assets	99	confirmation	split	contract:evidence + gate			Rejection, withdrawal, supersession, or upstream invalidation removes both the generated file and its registry entry; do not add a `withdrawn`, `rejected`, `superseded`, `stale`, or provenance-only lifecycle.	split:contract:evidence + gate
R0783	.agents/contracts/evidence.md	Assets	113	migration	split	contract:evidence + gate			Before cleanup, preserve the current constraint in its owning Design/Brief section and identify the exact retired proposal in the change description.	split:contract:evidence + gate
R0784	.agents/contracts/evidence.md	Assets	113	prohibition	split	contract:evidence + gate			Git retains the rejection history; do not create a second rejection register.	split:contract:evidence + gate
R0785	.agents/contracts/evidence.md	Assets	113	migration	split	contract:evidence + gate			The retired proposal cannot remain current in Design, Assets, or generated files.	split:contract:evidence + gate
R0786	.agents/contracts/evidence.md	Assets	118	method	split	contract:evidence + gate			Before visual Design generation, record whether existing project assets and preferred external references were supplied or explicitly absent.	split:contract:evidence + gate
R0787	.agents/contracts/evidence.md	Assets	118	method	split	contract:evidence + gate			For owned materials, record provenance, rights, and whether use is mandatory, adaptable, replaceable, or reference-only.	split:contract:evidence + gate
R0788	.agents/contracts/evidence.md	Assets	118	evidence	contract:evidence	contract:evidence			For every materially used external reference, record the source and the specific observable quality to pursue or avoid.	moved:contract:evidence
R0789	.agents/contracts/evidence.md	Assets	118	confirmation	split	contract:evidence + gate			Keep unconfirmed visual inference distinguishable from a client requirement; absence of professional vocabulary is not missing taste input.	split:contract:evidence + gate
R0790	.agents/contracts/evidence.md	Assets	118	evidence	contract:evidence	contract:evidence			Reference status alone does not establish permission to publish or reuse a third-party source file.	moved:contract:evidence
R0791	.agents/contracts/evidence.md	Assets	118	method	split	contract:evidence + gate			Inspect that asset's recorded origin, license and allowed use.	split:contract:evidence + gate
R0792	.agents/contracts/evidence.md	Assets	118	method	split	contract:evidence + gate			Distinguish third-party examples from the project's supplied logo, selected colors and fonts permitted for use: those project choices are inputs to apply.	split:contract:evidence + gate
R0793	.agents/contracts/evidence.md	Assets	118	prohibition	split	contract:evidence + gate			Do not turn a reference label into a blanket ban on matching colors, using selected fonts or applying supplied identity assets.	split:contract:evidence + gate
R0794	.agents/contracts/evidence.md	Assets	136	evidence	contract:evidence	contract:evidence			Generated, stock, or public-reference imagery must not be presented as the client's portfolio, completed work, customer result, team, office, or owned equipment without explicit evidence and rights confirmation.	moved:contract:evidence
R0795	.agents/contracts/evidence.md	Assets	140	method	split	contract:evidence + gate			Automatic cleanup is limited to exact paths owned by `generated` entries that are no longer referenced by a current proposed or approved artifact.	split:contract:evidence + gate
R0796	.agents/contracts/evidence.md	Assets	140	method	split	contract:evidence + gate			Remove a client, stock, or public-reference input only after an attributable owning decision marks the exact item rejected, replaced, duplicated, or no longer needed.	split:contract:evidence + gate
R0797	.agents/contracts/evidence.md	Assets	140	confirmation	split	contract:evidence + gate			Verify its registry ID, exact path, and current references first, then remove the file, registry entry, and stale current-artifact mentions in one change.	split:contract:evidence + gate
R0798	.agents/contracts/evidence.md	Assets	140	prohibition	split	contract:evidence + gate			Git retains history; age alone never authorizes deletion.	split:contract:evidence + gate
R0799	.agents/contracts/evidence.md	Assets	140	workflow	split	contract:evidence + gate			A handoff fails when Design, registry, and file do not share one current proposal ID, a generated registry path is missing, a generated output remains orphaned anywhere below `assets/<layer>/generated/`, or Design still names an asset absent from the active registry.	split:contract:evidence + gate
R0800	.agents/contracts/evidence.md	Research conduct	154	evidence	contract:evidence	contract:evidence			Record material limitations, uncertainty, conflicts of interest, and the date a source was accessed.	moved:contract:evidence
R0801	.agents/contracts/evidence.md	Research conduct	154	prohibition	contract:evidence	contract:evidence			Do not fabricate participants, quotations, market size, competitor facts, or causal conclusions.	moved:contract:evidence
R0802	.agents/contracts/github-reconciliation.md	Purpose and boundary	5	workflow	contract:github	contract:github			Before every `singlepagestartup` invocation, inspect the configured GitHub repository for relevant commits published after the first approved strategy commit.	moved:contract:github
R0803	.agents/contracts/github-reconciliation.md	Purpose and boundary	5	method	contract:github	contract:github			Chat is not the change detector.	moved:contract:github
R0804	.agents/contracts/github-reconciliation.md	Purpose and boundary	5	workflow	contract:github	contract:github			Local, uncommitted, and unpushed files are outside this preflight and remain protected as user work.	moved:contract:github
R0805	.agents/contracts/github-reconciliation.md	Purpose and boundary	10	workflow	contract:github	contract:github			Run this before reading or reconciling the normal stage cursor:	moved:contract:github
R0806	.agents/contracts/github-reconciliation.md	Purpose and boundary	16	inheritance	contract:github	contract:github			The command resolves the repository identity and active layer through the same workspace resolver used to load artifacts, then fetches that layer's configured GitHub remote, resolves its canonical branch, and returns structured JSON.	moved:contract:github
R0807	.agents/contracts/github-reconciliation.md	Purpose and boundary	16	inheritance	contract:github	contract:github			The caller does not select a layer.	moved:contract:github
R0808	.agents/contracts/github-reconciliation.md	Purpose and boundary	16	inheritance	contract:github	contract:github			`--layer` may be supplied only as a diagnostic assertion and fails when it disagrees with automatic resolution.	moved:contract:github
R0809	.agents/contracts/github-reconciliation.md	Purpose and boundary	16	workflow	contract:github	contract:github			A GitHub or fetch failure is fail-closed: stop before professional work and report the unavailable preflight.	moved:contract:github
R0810	.agents/contracts/github-reconciliation.md	Purpose and boundary	16	confirmation	contract:github	contract:github			Never claim that no changes exist from a stale local remote-tracking ref.	moved:contract:github
R0811	.agents/contracts/github-reconciliation.md	Purpose and boundary	27	workflow	contract:github	contract:github			`singlepagestartup/singlepagestartup` resolves to `singlepage` and may update only `singlepage` state, ledger, and living sources; an unlisted downstream repository resolves to `startup` and may update only `startup` state, ledger, and living sources; a conflicting gitignored `active_layer` is a hard failure and cannot override a detected repository identity; every strategy path and affected artifact ID in a reconciliation config must belong to its filename's layer, or the preflight fails before fetching or writing anything.	moved:contract:github
R0812	.agents/contracts/github-reconciliation.md	Purpose and boundary	37	inheritance	contract:github	contract:github			A downstream checkout never writes the inherited `singlepage` sources.	moved:contract:github
R0813	.agents/contracts/github-reconciliation.md	Purpose and boundary	37	inheritance	contract:github	contract:github			When a framework change is synchronized into a downstream repository, inspect its effect on that project's resolved behavior and record only project-specific adoption, contradiction, or evidence in `startup` sources.	moved:contract:github
R0814	.agents/contracts/github-reconciliation.md	Baseline and ledger	52	workflow	contract:github	contract:github			The baseline is discovered on every invocation as the earliest commit on the configured GitHub branch whose layer Strategy has valid user-confirmation metadata.	moved:contract:github
R0815	.agents/contracts/github-reconciliation.md	Baseline and ledger	52	prohibition	contract:github	contract:github			Do not guess or store a chat-derived baseline.	moved:contract:github
R0816	.agents/contracts/github-reconciliation.md	Baseline and ledger	52	method	contract:github	contract:github			Before that commit is published, `waiting-for-baseline` is expected and the normal workflow may continue; report that GitHub monitoring is not active yet.	moved:contract:github
R0817	.agents/contracts/github-reconciliation.md	Baseline and ledger	60	method	contract:github	contract:github			The scan covers every later commit.	moved:contract:github
R0818	.agents/contracts/github-reconciliation.md	Baseline and ledger	60	confirmation	contract:github	contract:github			A commit is pending only when one of its changed or renamed paths matches a configured relevance rule and its full SHA is absent from `reconciliations`.	moved:contract:github
R0819	.agents/contracts/github-reconciliation.md	Baseline and ledger	60	method	contract:github	contract:github			Irrelevant commits require no ledger row.	moved:contract:github
R0820	.agents/contracts/github-reconciliation.md	Baseline and ledger	60	inheritance	contract:github	contract:github			Layer-configured ignore paths must exclude the reconciliation ledger and other workflow-only files from broad application-code rules so recording a result cannot trigger itself.	moved:contract:github
R0821	.agents/contracts/github-reconciliation.md	Reconciliation	71	method	contract:github	contract:github			For each pending relevant commit, inspect its GitHub snapshot and diff without checking out or overwriting the operator's working tree.	moved:contract:github
R0822	.agents/contracts/github-reconciliation.md	Reconciliation	71	confirmation	contract:github	contract:github			A matching path is a review trigger, not proof that a public claim changed.	moved:contract:github
R0823	.agents/contracts/github-reconciliation.md	Reconciliation	77	evidence	contract:github	contract:github			`no-material-effect`: the current file change does not alter a business fact, proof boundary, decision, claim, experiment gate, brand rule, website behavior, or selected marketing creative; `material`: the current GitHub snapshot changes at least one of those items.	moved:contract:github
R0824	.agents/contracts/github-reconciliation.md	Reconciliation	84	method	contract:github	contract:github			Preserve a commit/path reference beside that statement only when needed to support its meaning.	moved:contract:github
R0825	.agents/contracts/github-reconciliation.md	Reconciliation	84	method	contract:github	contract:github			A committed file proves its content, not runtime behavior or outcomes.	moved:contract:github
R0826	.agents/contracts/github-reconciliation.md	Reconciliation	84	evidence	contract:github	contract:github			Do not create an Evidence row or a duplicate changelog.	moved:contract:github
R0827	.agents/contracts/github-reconciliation.md	Reconciliation	84	method	contract:github	contract:github			Resolve reverse dependencies, including product files, under the document confirmation contract.	moved:contract:github
R0828	.agents/contracts/github-reconciliation.md	Reconciliation	84	confirmation	contract:github	contract:github			Review `stale` inputs and rerun only contradicted owners; refresh dependency snapshots only after checking the impact.	moved:contract:github
R0829	.agents/contracts/github-reconciliation.md	Reconciliation	84	inheritance	contract:github	contract:github			Record the commit, `material` outcome, affected artifacts, and a compact English summary in the layer ledger only after every required side effect succeeds.	moved:contract:github
R0830	.agents/contracts/github-reconciliation.md	Reconciliation	97	method	contract:github	contract:github			For `no-material-effect`, record the commit and a concrete English reason after inspection.	moved:contract:github
R0831	.agents/contracts/github-reconciliation.md	Reconciliation	97	workflow	contract:github	contract:github			Do not add document prose or move the stage cursor merely because a configured path changed.	moved:contract:github
R0832	.agents/contracts/github-reconciliation.md	Reconciliation	101	prohibition	contract:github	contract:github			If any side effect fails, do not add the reconciliation row.	moved:contract:github
R0833	.agents/contracts/github-reconciliation.md	Reconciliation	101	workflow	contract:github	contract:github			The commit must remain pending on the next invocation.	moved:contract:github
R0834	.agents/contracts/github-reconciliation.md	Approval effects	106	confirmation	contract:github	contract:github			Satisfying a gate already selected by an approved strategy does not itself invalidate that approval.	moved:contract:github
R0835	.agents/contracts/github-reconciliation.md	Approval effects	106	evidence	contract:github	contract:github			For example, verified MIT License publication removes the publication blocker and updates proof and claim boundaries while the approved audience, offer, acquisition focus, and experiment may remain intact.	moved:contract:github
R0836	.agents/contracts/github-reconciliation.md	Approval effects	111	workflow	contract:github	contract:github			When a GitHub change alters an approved audience, offer, positioning, acquisition focus, budget, threshold, or other material direction, mark that professional artifact stale under the document-confirmation contract, move the cursor to its stage, and require fresh operator approval of the corrected document before downstream work.	moved:contract:github
R0837	.agents/contracts/pipeline-reconciliation.md	Purpose	5	gate-candidate	gate	gate			The current checked-out `.agents/workflows/pre-development.md`, its referenced roles, templates, contracts, and the active Workspace index define the pipeline that every framework and downstream project must satisfy.	executable:pipeline definition
R0838	.agents/contracts/pipeline-reconciliation.md	Purpose	5	workflow	workflow	workflow			After those shared files are synchronized into a repository, the next `singlepagestartup` invocation must discover any artifact work introduced by the new pipeline without relying on chat history, context compaction, a stored pipeline version, or a separate user command.	kept:workflow
R0839	.agents/contracts/pipeline-reconciliation.md	Purpose	13	workflow	workflow	workflow			Run this reconciliation on every invocation after the mandatory GitHub preflight and after reading the repository-owned layer cursor, but before accepting the cursor or launching a professional owner.	kept:workflow
R0840	.agents/contracts/pipeline-reconciliation.md	Purpose	13	migration	split	gate + workflow			The repeated comparison is the change detector; do not add a workflow version, migration ledger, timestamp, or pipeline hash to the cursor or living artifacts.	split:gate + workflow
R0841	.agents/contracts/pipeline-reconciliation.md	Purpose	20	gate-candidate	gate	gate			It is not an automated prose-quality score and it never marks a professional artifact complete merely because headings exist.	executable:pipeline definition
R0842	.agents/contracts/pipeline-reconciliation.md	Retiring the former Decision Profile	26	migration	migration	migration			Do not recreate `knowledge/decision-profile/<layer>.md` or its template.	removed:retired-procedure
R0843	.agents/contracts/pipeline-reconciliation.md	Retiring the former Decision Profile	26	migration	migration	migration			If an older checkout still has it, inspect that active layer once during migration.	removed:retired-procedure
R0844	.agents/contracts/pipeline-reconciliation.md	Retiring the former Decision Profile	26	gate-candidate	migration	migration			Move only unique current facts, questions, constraints, sources, and partial client decisions into their owning documents; omit duplicated or stale stage summaries.	removed:retired-procedure
R0845	.agents/contracts/pipeline-reconciliation.md	Retiring the former Decision Profile	26	prohibition	migration	migration			Reusable rules belong in `.agents/`, never in another workspace checklist.	removed:retired-procedure
R0846	.agents/contracts/pipeline-reconciliation.md	Retiring the former Decision Profile	26	confirmation	migration	migration			Preserve whole-document approvals in source metadata; profile-only approval rows do not establish approval of a complete document.	removed:retired-procedure
R0847	.agents/contracts/pipeline-reconciliation.md	Retiring the former Decision Profile	34	migration	migration	migration			Remove the retired source, template bindings, index entries, `uses` references, and obsolete review fingerprints after reconciling its consumers.	removed:retired-procedure
R0848	.agents/contracts/pipeline-reconciliation.md	Retiring the former Decision Profile	34	method	migration	migration			Preserve remaining semantic dependencies and unresolved impact.	removed:retired-procedure
R0849	.agents/contracts/pipeline-reconciliation.md	Retiring the former Decision Profile	34	migration	migration	migration			If an old cursor names `decision-profile`, route it to the earliest affected owning document in `00-business` or a later stage; do not infer completion from deleting the file.	removed:retired-procedure
R0850	.agents/contracts/pipeline-reconciliation.md	Retiring the former Decision Profile	34	gate-candidate	migration	migration			Empty startup overrides and atomic product-catalog inheritance remain unchanged.	removed:retired-procedure
R0851	.agents/contracts/pipeline-reconciliation.md	Retiring standalone Business	43	workflow	migration	migration			Apply `product-models.md` before accepting an old cursor or stage completion.	removed:retired-procedure
R0852	.agents/contracts/pipeline-reconciliation.md	Retiring standalone Business	43	inheritance	migration	migration			Inspect the active layer's old Business, Product Overview, Research, Sales, custom pages and bindings.	removed:retired-procedure
R0853	.agents/contracts/pipeline-reconciliation.md	Retiring standalone Business	43	method	migration	migration			Make a section/field transfer map before deleting anything.	removed:retired-procedure
R0854	.agents/contracts/pipeline-reconciliation.md	Retiring standalone Business	43	evidence	migration	migration			Brief receives request/authority/initial constraints; Product receives customer/value/offer/acceptance; model sources receive revenue/resources/costs/ funding; whole processes stay in Sales; Research keeps connected evidence.	removed:retired-procedure
R0855	.agents/contracts/pipeline-reconciliation.md	Retiring standalone Business	43	gate-candidate	migration	migration			Unique material, source IDs and uncertainty must survive.	removed:retired-procedure
R0856	.agents/contracts/pipeline-reconciliation.md	Retiring standalone Business	43	prohibition	migration	migration			Do not automatically split a whole topic across BMC blocks or copy facts into every model.	removed:retired-procedure
R0857	.agents/contracts/pipeline-reconciliation.md	Retiring standalone Business	52	workflow	migration	migration			A later cursor must also return there if initial model membership or client-factual coverage is incomplete; only affected decisions are blocked.	removed:retired-procedure
R0858	.agents/contracts/pipeline-reconciliation.md	Retiring standalone Business	52	workflow	migration	migration			`00-business` remains the stage ID, never a new Business page.	removed:retired-procedure
R0859	.agents/contracts/pipeline-reconciliation.md	Retiring standalone Business	52	gate-candidate	migration	migration			V1 catalogs remain readable while content attribution is pending.	removed:retired-procedure
R0860	.agents/contracts/pipeline-reconciliation.md	Retiring standalone Business	52	evidence	migration	migration			Upgrade to v2 only after model boundaries are explicitly chosen and sources created.	removed:retired-procedure
R0861	.agents/contracts/pipeline-reconciliation.md	Retiring standalone Business	52	inheritance	migration	migration			Preserve all products and extensions; empty startup stays empty.	removed:retired-procedure
R0862	.agents/contracts/pipeline-reconciliation.md	Retiring standalone Business	52	gate-candidate	migration	migration			Remove Business sources, stories, template/index/uses entries and obsolete fingerprints only after the transfer is checked; mark affected consumers stale without copying new hashes.	removed:retired-procedure
R0863	.agents/contracts/pipeline-reconciliation.md	Compact Brief migration	65	method	migration	migration			Use the six current Brief template sections.	removed:retired-procedure
R0864	.agents/contracts/pipeline-reconciliation.md	Compact Brief migration	65	migration	migration	migration			Restore the concise client-supplied business/resource facts formerly replaced by links; do not derive them from later professional proposals.	removed:retired-procedure
R0865	.agents/contracts/pipeline-reconciliation.md	Compact Brief migration	65	method	migration	migration			Compaction must preserve all five reference categories and their separately reviewed descriptions, not merely keep file IDs.	removed:retired-procedure
R0866	.agents/contracts/pipeline-reconciliation.md	Compact Brief migration	65	prohibition	migration	migration			Do not discard or restart confirmed visual discovery.	removed:retired-procedure
R0867	.agents/contracts/pipeline-reconciliation.md	Compact Brief migration	65	method	migration	migration			Missing per-category analysis is completed from supplied images by the professional owner; the client need not write it.	removed:retired-procedure
R0868	.agents/contracts/pipeline-reconciliation.md	Compact Brief migration	65	gate-candidate	migration	migration			Preserve exact source and asset IDs, category readiness and unchanged scope confirmation in frontmatter.	removed:retired-procedure
R0869	.agents/contracts/pipeline-reconciliation.md	Compact Brief migration	65	evidence	migration	migration			Discuss contradictions with the operator; retain only a material unresolved discrepancy in source metadata.	removed:retired-procedure
R0870	.agents/contracts/pipeline-reconciliation.md	Compact Brief migration	65	migration	migration	migration			Do not restore the retired quotation, scope-status or unknowns sections to satisfy old headings.	removed:retired-procedure
R0871	.agents/contracts/pipeline-reconciliation.md	Compact Brief migration	65	inheritance	migration	migration			Remove Brief's downstream `uses` edges and obsolete snapshots after inspection.	removed:retired-procedure
R0872	.agents/contracts/pipeline-reconciliation.md	Compact Brief migration	81	inheritance	migration	migration			Review downstream impact before consuming it.	removed:retired-procedure
R0873	.agents/contracts/pipeline-reconciliation.md	Compact Brief migration	81	confirmation	migration	migration			Pure relocation is not a new business decision; changed value, support, goals or facts can require substantive model, research, strategy or brand work.	removed:retired-procedure
R0874	.agents/contracts/pipeline-reconciliation.md	Compact Brief migration	81	migration	migration	migration			Preserve unresolved stale markers and valid partial decisions; never renew document approval during this migration.	removed:retired-procedure
R0875	.agents/contracts/pipeline-reconciliation.md	Compact Strategy migration	88	method	migration	migration			Strategy uses the five current template sections and owns the project-wide marketing direction: goals, audiences, positioning, product roles, coordinated channels, customer journey, retention, measurement and resource priorities.	removed:retired-procedure
R0876	.agents/contracts/pipeline-reconciliation.md	Compact Strategy migration	88	migration	migration	migration			Replace an experiment-centric legacy strategy instead of just renaming its headings.	removed:retired-procedure
R0877	.agents/contracts/pipeline-reconciliation.md	Compact Strategy migration	88	method	migration	migration			Preserve current facts and strategic choices.	removed:retired-procedure
R0878	.agents/contracts/pipeline-reconciliation.md	Compact Strategy migration	88	evidence	migration	migration			Keep still-applicable operator-supplied trial limits in their owning product/model sources; do not promote them to ongoing budgets.	removed:retired-procedure
R0879	.agents/contracts/pipeline-reconciliation.md	Compact Strategy migration	88	method	migration	migration			Replace roadmap, phased transition, backlog-style “next step”, preparation and configuration prose with one concrete final picture of the whole project that satisfies the approved Brief as fully as known constraints allow, plus durable management rules.	removed:retired-procedure
R0880	.agents/contracts/pipeline-reconciliation.md	Compact Strategy migration	88	workflow	migration	migration			Keep the actual unfinished deliverables in their product documents or coordinator handoff.	removed:retired-procedure
R0881	.agents/contracts/pipeline-reconciliation.md	Compact Strategy migration	88	method	migration	migration			Detailed campaign and business-learning plans belong to product work; engineering tests and runtime verification remain in the engineering workflow.	removed:retired-procedure
R0882	.agents/contracts/pipeline-reconciliation.md	Compact Strategy migration	103	migration	migration	migration			Remove a legacy Decision status section after retaining material unresolved decisions beside their owning choice.	removed:retired-procedure
R0883	.agents/contracts/pipeline-reconciliation.md	Compact Strategy migration	103	confirmation	migration	migration			Confirmation and stale state belong to metadata and the Studio badge.	removed:retired-procedure
R0884	.agents/contracts/pipeline-reconciliation.md	Compact Strategy migration	103	gate-candidate	migration	migration			Move consequential attribution to decision-keyed frontmatter; remove empty blocker tables, downstream-document citations and interview-history qualifiers.	removed:retired-procedure
R0885	.agents/contracts/pipeline-reconciliation.md	Compact Strategy migration	103	confirmation	migration	migration			This does not renew approval.	removed:retired-procedure
R0886	.agents/contracts/pipeline-reconciliation.md	Strategy consistency across projects	113	inheritance	contract:inheritance	contract:inheritance			The five sections in `.agents/templates/strategy.md` and the substantive completion criteria in `pre-development.md` apply to both source layers.	moved:contract:inheritance
R0887	.agents/contracts/pipeline-reconciliation.md	Strategy consistency across projects	113	inheritance	contract:inheritance	contract:inheritance			There is no reduced downstream version of the marketing strategy.	moved:contract:inheritance
R0888	.agents/contracts/pipeline-reconciliation.md	Strategy consistency across projects	117	inheritance	contract:inheritance	contract:inheritance			For a new downstream project, use its own Brief and relevant external research to author `strategy/startup.md`.	moved:contract:inheritance
R0889	.agents/contracts/pipeline-reconciliation.md	Strategy consistency across projects	117	workflow	split	contract:inheritance + gate + role:strategist			An empty startup file can show the framework example in Studio, but cannot complete that project's Strategy stage.	split:contract:inheritance + gate + role:strategist
R0890	.agents/contracts/pipeline-reconciliation.md	Strategy consistency across projects	117	method	role:strategist	role:strategist			Reuse the method, not the example's business choices.	kept:role:strategist
R0891	.agents/contracts/pipeline-reconciliation.md	Strategy consistency across projects	117	inheritance	contract:inheritance	contract:inheritance			Do not inherit its product count, audiences, monetization, channels, human/agent roles, metrics or resource commitments without project-specific grounds.	moved:contract:inheritance
R0892	.agents/contracts/pipeline-reconciliation.md	Strategy consistency across projects	117	method	role:strategist	role:strategist			Describe only outcomes and cross-product paths that fit the actual project.	kept:role:strategist
R0893	.agents/contracts/pipeline-reconciliation.md	Strategy consistency across projects	117	workflow	split	contract:inheritance + gate + role:strategist			For an existing downstream project, the next `singlepagestartup` invocation after the shared files are synchronized checks the resolved Strategy even when the cursor is already later than `10-strategy`.	split:contract:inheritance + gate + role:strategist
R0894	.agents/contracts/pipeline-reconciliation.md	Strategy consistency across projects	117	method	role:strategist	role:strategist			Missing sections or an experiment-centric/tactic-only body route back to Strategy unless an earlier affected input also needs work.	kept:role:strategist
R0895	.agents/contracts/pipeline-reconciliation.md	Strategy consistency across projects	117	inheritance	contract:inheritance	contract:inheritance			Repair the startup source, preserve applicable facts and flag materially affected dependents for review.	moved:contract:inheritance
R0896	.agents/contracts/pipeline-reconciliation.md	Strategy consistency across projects	117	inheritance	contract:inheritance	contract:inheritance			Inherited sections may remain only when their applicability is explicitly confirmed in the owning startup source.	moved:contract:inheritance
R0897	.agents/contracts/pipeline-reconciliation.md	Strategy consistency across projects	117	inheritance	contract:inheritance	contract:inheritance			Framework confirmation never approves a startup Strategy.	moved:contract:inheritance
R0898	.agents/contracts/pipeline-reconciliation.md	Strategy consistency across projects	117	readability	duplicate	workflow (one readability paragraph)			Changed wording requires that project's review under the document-confirmation contract; synchronization does not renew approval.	removed:restatement (workflow working rules own it)
R0899	.agents/contracts/pipeline-reconciliation.md	Strategy consistency across projects	117	method	role:strategist	role:strategist			Review whether the goals, audiences, positioning, product roles, channels, journey, continued use and measures form a coherent project-specific target state that fulfills the approved Brief as fully as known constraints allow.	kept:role:strategist
R0900	.agents/contracts/pipeline-reconciliation.md	Strategy consistency across projects	117	gate-candidate	gate	gate			Do not claim that a structural validator alone certifies strategic quality.	executable:pipeline definition
R0901	.agents/contracts/pipeline-reconciliation.md	Strategy consistency across projects	143	migration	split	contract:inheritance + gate + role:strategist			They do not update unsynchronized repositories or require a separate stored pipeline version or manual migration command.	split:contract:inheritance + gate + role:strategist
R0902	.agents/contracts/pipeline-reconciliation.md	Business-plan product consistency across projects	149	gate-candidate	gate	gate			Apply the current `40-products` business-planning contract to both framework and downstream product sets, including non-empty documents whose cursor is later or whose previous headings already passed validation.	executable:pipeline definition
R0903	.agents/contracts/pipeline-reconciliation.md	Business-plan product consistency across projects	155	evidence	role:*	role:*			Inspect Product, model, Sales, Analytics, Research, Website, Creative, Presentation and optional customer content for implementation-audit framing.	kept:role:*
R0904	.agents/contracts/pipeline-reconciliation.md	Business-plan product consistency across projects	155	workflow	split	role:* + gate + migration			Installation checks, runtime acceptance matrices, bug repair, release/license-source audits and next-verification tasks cannot substitute for business decisions or gate this stage.	split:role:* + gate + migration
R0905	.agents/contracts/pipeline-reconciliation.md	Business-plan product consistency across projects	155	method	role:*	role:*			Route affected product documents to `40-products`, not back to unchanged Brief, Strategy, Brand or Design merely because runtime proof is absent.	kept:role:*
R0906	.agents/contracts/pipeline-reconciliation.md	Business-plan product consistency across projects	155	migration	split	role:* + gate + migration			Replace the former `Evidence and decision rules` section with project-specific goals, intended outcomes and useful business metrics.	split:role:* + gate + migration
R0907	.agents/contracts/pipeline-reconciliation.md	Business-plan product consistency across projects	155	evidence	role:*	role:*			Preserve attributable client facts, market findings and commercial choices; distinguish planned outcomes and forecasts from measured results.	kept:role:*
R0908	.agents/contracts/pipeline-reconciliation.md	Business-plan product consistency across projects	155	prohibition	role:*	role:*			Never invent operator figures.	kept:role:*
R0909	.agents/contracts/pipeline-reconciliation.md	Business-plan product consistency across projects	155	method	role:*	role:*			Remove implementation-only blockers and replace technical `failure` text with relevant commercial alternatives, abandonment and help or continuation paths.	kept:role:*
R0910	.agents/contracts/pipeline-reconciliation.md	Business-plan product consistency across projects	155	prohibition	role:*	role:*			Re-evaluate real business gaps; do not mark a process ready just by renaming fields.	kept:role:*
R0911	.agents/contracts/pipeline-reconciliation.md	Business-plan product consistency across projects	155	method	role:*	role:*			Keep the journey in Overview and pair each route's Markdown text and optional React/HTML layout in one node using `representations`.	kept:role:*
R0912	.agents/contracts/pipeline-reconciliation.md	Business-plan product consistency across projects	155	method	role:*	role:*			Preserve actual copy and existing compositions when separating mixed overview/text/layout entries.	kept:role:*
R0913	.agents/contracts/pipeline-reconciliation.md	Business-plan product consistency across projects	155	method	role:*	role:*			Missing layout does not prevent work on text.	kept:role:*
R0914	.agents/contracts/pipeline-reconciliation.md	Business-plan product consistency across projects	155	inheritance	role:*	role:*			Apply this structure within the owning product layer; generic optional content stays free to use the existing mixed-format page contract.	kept:role:*
R0915	.agents/contracts/pipeline-reconciliation.md	Business-plan product consistency across projects	155	evidence	role:*	role:*			Keep Research focused on market and business decisions and Presentation focused on its business audience.	kept:role:*
R0916	.agents/contracts/pipeline-reconciliation.md	Business-plan product consistency across projects	155	evidence	role:*	role:*			Preserve material technical observations in source metadata when useful; Git retains removed history.	kept:role:*
R0917	.agents/contracts/pipeline-reconciliation.md	Business-plan product consistency across projects	155	prohibition	role:*	role:*			Do not require customer guides, debugging material or test plans to complete the product set.	kept:role:*
R0918	.agents/contracts/pipeline-reconciliation.md	Business-plan product consistency across projects	155	method	role:*	role:*			Preserve valid approvals of unchanged upstream decisions.	kept:role:*
R0919	.agents/contracts/pipeline-reconciliation.md	Business-plan product consistency across projects	155	confirmation	role:*	role:*			Review the semantic impact of revised product material, refresh only genuinely inspected dependency snapshots when there is no material effect, and keep changed document approvals unrenewed.	kept:role:*
R0920	.agents/contracts/pipeline-reconciliation.md	Business-plan product consistency across projects	155	confirmation	role:*	role:*			Never copy a new hash to approve the rewritten plan.	kept:role:*
R0921	.agents/contracts/pipeline-reconciliation.md	Business-plan product consistency across projects	155	gate-candidate	gate	gate			Apply changes only to the repository-owned layer and retain the atomic product catalog.	executable:pipeline definition
R0922	.agents/contracts/pipeline-reconciliation.md	Business-plan product consistency across projects	155	inheritance	role:*	role:*			A startup receives the method, not framework-specific customers, business targets, channels or product content.	kept:role:*
R0923	.agents/contracts/pipeline-reconciliation.md	Business-plan product consistency across projects	189	workflow	split	role:* + gate + migration			This reconciliation runs after shared files are synchronized on the next normal invocation, without a separate command, stored version or blanket approval reset.	split:role:* + gate + migration
R0924	.agents/contracts/pipeline-reconciliation.md	Compact Brand migration	194	method	migration	migration			Use the five current Brand template sections.	removed:retired-procedure
R0925	.agents/contracts/pipeline-reconciliation.md	Compact Brand migration	194	method	migration	migration			Replace Decision status with Brand identity, retaining exact names and brand/product relationships.	removed:retired-procedure
R0926	.agents/contracts/pipeline-reconciliation.md	Compact Brand migration	194	method	migration	migration			Replace process-heavy Governance with material Consistency rules.	removed:retired-procedure
R0927	.agents/contracts/pipeline-reconciliation.md	Compact Brand migration	194	confirmation	migration	migration			Approval records and source attribution stay in metadata; preserve current meaning, messages, claims and any scoped naming decisions.	removed:retired-procedure
R0928	.agents/contracts/pipeline-reconciliation.md	Compact Brand migration	194	confirmation	migration	migration			Route old Brand approval anchors to `#intended-perception`.	removed:retired-procedure
R0929	.agents/contracts/pipeline-reconciliation.md	Compact Brand migration	194	inheritance	migration	migration			A changed meaning requires review and cannot inherit an old body approval; valid visual inputs remain in Brief and Assets for Design.	removed:retired-procedure
R0930	.agents/contracts/pipeline-reconciliation.md	Inspection scope	204	gate-candidate	gate	gate			Use the current workflow and active index to inspect:	executable:pipeline definition
R0931	.agents/contracts/pipeline-reconciliation.md	Inspection scope	206	gate-candidate	gate	gate			every artifact and dependency belonging to a stage the cursor claims is complete; the recorded active artifacts and their prerequisite closure; every later non-empty living artifact, so an existing downstream document is not left on an obsolete shape merely because the cursor moved backward; product Research and Sales already created for confirmed Brief products, including sources prepared before the Products catalog; every product entry already present in the active resolved catalog and all files referenced by that entry.	executable:pipeline definition
R0932	.agents/contracts/pipeline-reconciliation.md	Inspection scope	216	method	gate	gate		.agents/workflows/pre-development.md:142	Load full artifact content only for a discovered gap and its dependency closure.	executable:pipeline definition
R0933	.agents/contracts/pipeline-reconciliation.md	Inspection scope	221	migration	gate	gate			Migrate only existing attributable whole-document approvals; otherwise use false.	executable:pipeline definition
R0934	.agents/contracts/pipeline-reconciliation.md	Inspection scope	221	inheritance	gate	gate			Empty startup remains pass-through.	executable:pipeline definition
R0935	.agents/contracts/pipeline-reconciliation.md	Inspection scope	221	confirmation	gate	gate			Remove duplicated approval-status prose after preserving any partial decisions.	executable:pipeline definition
R0936	.agents/contracts/pipeline-reconciliation.md	Inspection scope	226	gate-candidate	gate	gate			For Markdown artifacts, the current artifact template's second-level headings are required structural sections unless the workflow explicitly says otherwise.	executable:pipeline definition
R0937	.agents/contracts/pipeline-reconciliation.md	Inspection scope	226	gate-candidate	gate	gate			For YAML artifacts, require the schema and keys used by the current template and workflow.	executable:pipeline definition
R0938	.agents/contracts/pipeline-reconciliation.md	Inspection scope	226	gate-candidate	gate	gate			For Products, require both `products/singlepage/catalog.yaml` and `products/startup/catalog.yaml`.	executable:pipeline definition
R0939	.agents/contracts/pipeline-reconciliation.md	Inspection scope	226	migration	gate	gate			When migrating the earlier flat layer-named catalog files, move each existing catalog into its own layer folder, preserving its content and approval metadata, and update the index and source imports.	executable:pipeline definition
R0940	.agents/contracts/pipeline-reconciliation.md	Inspection scope	226	gate-candidate	gate	gate			Keep the empty startup catalog as an explicit extension point; do not populate it with framework product copies.	executable:pipeline definition
R0941	.agents/contracts/pipeline-reconciliation.md	Inspection scope	226	gate-candidate	gate	gate			Resolve every document and component field under `products/<layer>/`, then require the atomic catalog shape and every referenced `research.md`, `analytics.md`, `sales.yaml`, `product.md`, and every declared model source.	executable:pipeline definition
R0942	.agents/contracts/pipeline-reconciliation.md	Inspection scope	226	gate-candidate	gate	gate			Every current product must declare its own `analytics` source.	executable:pipeline definition
R0943	.agents/contracts/pipeline-reconciliation.md	Inspection scope	226	migration	gate	gate			An older product without it is valid migration input, not a compatible final catalog: create the source in the repository-owned layer from the current template, preserve any attributable observations found in existing materials, and record unavailable measurements explicitly as `not measured`.	executable:pipeline definition
R0944	.agents/contracts/pipeline-reconciliation.md	Inspection scope	226	prohibition	gate	gate			Never copy framework observations, infer zero values, or renew confirmation.	executable:pipeline definition
R0945	.agents/contracts/pipeline-reconciliation.md	Inspection scope	226	gate-candidate	gate	gate			Website, Creative and Presentation are required at their delivery stage, not at initial intake; if declared, their files must exist, including both Presentation React entry and `presentation_data`.	executable:pipeline definition
R0946	.agents/contracts/pipeline-reconciliation.md	Inspection scope	226	gate-candidate	gate	gate			When a catalog entry declares optional `content`, require its referenced React entry point but do not require any particular supporting file extension or content schema.	executable:pipeline definition
R0947	.agents/contracts/pipeline-reconciliation.md	Inspection scope	226	gate-candidate	gate	gate			For optional `sections`, recursively validate unique navigation IDs, page sources inside their selected product folder, and file existence.	executable:pipeline definition
R0948	.agents/contracts/pipeline-reconciliation.md	Inspection scope	226	gate-candidate	gate	gate			Require Analytics canonical headings and preserve current values, periods, sources and explicit measurement gaps.	executable:pipeline definition
R0949	.agents/contracts/pipeline-reconciliation.md	Inspection scope	226	gate-candidate	gate	gate			Do not recreate removed pages from the base catalog in startup.	executable:pipeline definition
R0950	.agents/contracts/pipeline-reconciliation.md	Inspection scope	226	method	gate	gate			React PDF pages must keep the shared mounted-slide contract.	executable:pipeline definition
R0951	.agents/contracts/pipeline-reconciliation.md	Inspection scope	226	method	gate	gate			No extra section is required merely because the template demonstrates one.	executable:pipeline definition
R0952	.agents/contracts/pipeline-reconciliation.md	Layer and inheritance rules	271	inheritance	contract:inheritance	contract:inheritance			Resolve the active layer through the repository resolver before inspecting sources.	moved:contract:inheritance
R0953	.agents/contracts/pipeline-reconciliation.md	Layer and inheritance rules	274	inheritance	contract:inheritance	contract:inheritance			In the framework repository, reconcile and write only `singlepage` sources.	moved:contract:inheritance
R0954	.agents/contracts/pipeline-reconciliation.md	Layer and inheritance rules	274	inheritance	contract:inheritance	contract:inheritance			In a downstream repository, inspect the resolved `default` artifact but write project-specific repairs only to `startup` sources.	moved:contract:inheritance
R0955	.agents/contracts/pipeline-reconciliation.md	Layer and inheritance rules	274	inheritance	contract:inheritance	contract:inheritance			An empty startup source remains valid pass-through until that artifact becomes active for the downstream project.	moved:contract:inheritance
R0956	.agents/contracts/pipeline-reconciliation.md	Layer and inheritance rules	274	inheritance	contract:inheritance	contract:inheritance			It cannot satisfy a project-specific scope, approval or evidence gate merely by inheriting an unrelated SinglePageStartup decision.	moved:contract:inheritance
R0957	.agents/contracts/pipeline-reconciliation.md	Layer and inheritance rules	274	inheritance	contract:inheritance	contract:inheritance			When a newly added section is inherited from singlepage, inspect whether its content is genuinely applicable to the downstream project.	moved:contract:inheritance
R0958	.agents/contracts/pipeline-reconciliation.md	Layer and inheritance rules	274	inheritance	contract:inheritance	contract:inheritance			Keep valid inheritance unchanged; write a startup section when the project needs a different answer; block and ask when applicability depends on an unknown operator fact.	moved:contract:inheritance
R0959	.agents/contracts/pipeline-reconciliation.md	Layer and inheritance rules	274	inheritance	contract:inheritance	contract:inheritance			Do not copy an entire singlepage document into startup just to match a new template.	moved:contract:inheritance
R0960	.agents/contracts/pipeline-reconciliation.md	Layer and inheritance rules	274	method	contract:inheritance	contract:inheritance			Add only the project-owned section or decision required by the current pipeline.	moved:contract:inheritance
R0961	.agents/contracts/pipeline-reconciliation.md	Layer and inheritance rules	274	gate-candidate	contract:inheritance	contract:inheritance			Once startup owns any product, reconcile only the complete startup catalog; never repair it with a singlepage product fallback.	moved:contract:inheritance
R0962	.agents/contracts/pipeline-reconciliation.md	Layer and inheritance rules	274	inheritance	contract:inheritance	contract:inheritance			Use only that layer's attributable sources, preserve product IDs and current content, and check references before removing obsolete owned files.	moved:contract:inheritance
R0963	.agents/contracts/pipeline-reconciliation.md	Layer and inheritance rules	274	prohibition	contract:inheritance	contract:inheritance			Supporting activities stay in Brief/Strategy; they do not need a replacement registry.	moved:contract:inheritance
R0964	.agents/contracts/pipeline-reconciliation.md	Layer and inheritance rules	298	migration	contract:inheritance	contract:inheritance			When retiring a shared Research document, move each attributable finding and its sources into the product it actually describes.	moved:contract:inheritance
R0965	.agents/contracts/pipeline-reconciliation.md	Layer and inheritance rules	298	evidence	contract:inheritance	contract:inheritance			Preserve source dates and IDs; relocation is not fresh verification.	moved:contract:inheritance
R0966	.agents/contracts/pipeline-reconciliation.md	Layer and inheritance rules	298	prohibition	contract:inheritance	contract:inheritance			Ask only when product attribution cannot be established.	moved:contract:inheritance
R0967	.agents/contracts/pipeline-reconciliation.md	Layer and inheritance rules	298	gate-candidate	contract:inheritance	contract:inheritance			Remove obsolete global index, sidebar, and dependency references after updating consumers.	moved:contract:inheritance
R0968	.agents/contracts/pipeline-reconciliation.md	Layer and inheritance rules	298	method	contract:inheritance	contract:inheritance			Separate market hypotheses and designed funnels from client product models facts; preserve confirmed intentions with attribution.	moved:contract:inheritance
R0969	.agents/contracts/pipeline-reconciliation.md	Layer and inheritance rules	298	confirmation	contract:inheritance	contract:inheritance			Keep existing approvals unless the underlying decision changed.	moved:contract:inheritance
R0970	.agents/contracts/pipeline-reconciliation.md	Layer and inheritance rules	307	migration	contract:inheritance	contract:inheritance			When retiring the Evidence register, keep only material current facts, source attribution, and constraints in their existing owners; preserve document approval metadata.	moved:contract:inheritance
R0971	.agents/contracts/pipeline-reconciliation.md	Layer and inheritance rules	307	gate-candidate	contract:inheritance	contract:inheritance			Replace remaining register links and presentation data bindings, then remove the source, story, template, index entries, and mandatory loading steps.	moved:contract:inheritance
R0972	.agents/contracts/pipeline-reconciliation.md	Layer and inheritance rules	307	prohibition	contract:inheritance	contract:inheritance			Do not copy the register into another knowledge file or a duplicate log.	moved:contract:inheritance
R0973	.agents/contracts/pipeline-reconciliation.md	Layer and inheritance rules	307	method	contract:inheritance	contract:inheritance			Git retains history; client dialogue and document confirmation remain the review flow.	moved:contract:inheritance
R0974	.agents/contracts/pipeline-reconciliation.md	Layer and inheritance rules	314	migration	contract:inheritance	contract:inheritance			Also scan the child-owned Brief, product models, Strategy, Brand, Design, nested product Markdown/YAML, and data bindings for dangling register paths and old row codes (including `ST-EV-*` and `SP-EV-*`).	moved:contract:inheritance
R0975	.agents/contracts/pipeline-reconciliation.md	Layer and inheritance rules	314	evidence	contract:inheritance	contract:inheritance			Recover each material meaning from that child's earlier Git sources and replace the code with a short explanation and attribution, retaining dates and limits where relevant.	moved:contract:inheritance
R0976	.agents/contracts/pipeline-reconciliation.md	Layer and inheritance rules	314	method	contract:inheritance	contract:inheritance			Deleting the code or substituting only a document title loses context.	moved:contract:inheritance
R0977	.agents/contracts/pipeline-reconciliation.md	Layer and inheritance rules	314	evidence	contract:inheritance	contract:inheritance			Keep valid local Research and asset references and historical engineering records.	moved:contract:inheritance
R0978	.agents/contracts/pipeline-reconciliation.md	Gap classification and repair	325	method	split	workflow + gate			Classify each discovered incompatibility before changing content:	split:workflow + gate
R0979	.agents/contracts/pipeline-reconciliation.md	Gap classification and repair	327	gate-candidate	gate	gate			`structural-gap`: a current workflow artifact, index entry, file, required heading, schema key, product reference, or stable approval row is absent; `operator-fact`: the new section or rule requires a fact controlled by the operator; `research-question`: current external evidence is required; `professional-choice`: the owning role must make or remake a decision; `evidence-gap`: the required proof does not exist and must remain explicit.	executable:pipeline definition
R0980	.agents/contracts/pipeline-reconciliation.md	Gap classification and repair	337	method	split	workflow + gate			If current attributable facts and approved upstream decisions are sufficient, let that artifact's owner repair only the missing section or regenerate the artifact when the current workflow requires full replacement.	split:workflow + gate
R0981	.agents/contracts/pipeline-reconciliation.md	Gap classification and repair	337	inheritance	split	workflow + gate			Never insert placeholder prose, infer an operator fact, copy SinglePageStartup business data into a downstream project, or preserve an obsolete decision merely to make the shape pass.	split:workflow + gate
R0982	.agents/contracts/pipeline-reconciliation.md	Gap classification and repair	337	inheritance	split	workflow + gate			Compute reverse dependencies and mark only contradicted downstream artifacts stale.	split:workflow + gate
R0983	.agents/contracts/pipeline-reconciliation.md	Gap classification and repair	337	method	split	workflow + gate			A new section that records an already-approved decision does not by itself invalidate that decision.	split:workflow + gate
R0984	.agents/contracts/pipeline-reconciliation.md	Gap classification and repair	337	evidence	split	workflow + gate			Set `status` to `in_progress` when an owner can repair it immediately, or `blocked` with exact artifact-section references when operator input or unavailable evidence is required.	split:workflow + gate
R0985	.agents/contracts/pipeline-reconciliation.md	Gap classification and repair	337	workflow	workflow	workflow			Persist the repaired artifact and cursor before continuing.	kept:workflow
R0986	.agents/contracts/pipeline-reconciliation.md	Gap classification and repair	337	workflow	workflow	workflow			Re-run this reconciliation; normal stage work may resume only when no earlier pipeline compatibility gap remains.	kept:workflow
R0987	.agents/contracts/pipeline-reconciliation.md	Gap classification and repair	355	gate-candidate	gate	gate			If a required role, template, contract, index entry, or source file is missing from the synchronized checkout, stop with a structural blocker.	executable:pipeline definition
R0988	.agents/contracts/pipeline-reconciliation.md	Gap classification and repair	355	prohibition	split	workflow + gate			Do not recreate shared pipeline files inside a project-specific Workspace.	split:workflow + gate
R0989	.agents/contracts/pipeline-reconciliation.md	Handoff	361	workflow	workflow	workflow			Report whether reconciliation was a no-op or found gaps, the earliest affected stage, repaired and still-missing sections, downstream artifacts invalidated, and the resumed stage.	kept:workflow
R0990	.agents/contracts/pipeline-reconciliation.md	Handoff	361	gate-candidate	workflow	workflow			Do not expose routine heading-by-heading checks when no gap exists.	kept:workflow
R0991	.agents/contracts/pipeline-reconciliation.md	Preserve product identity during structural migrations	368	migration	split	gate + migration			Compare the client-confirmed product inventory before and after every Portfolio or catalog migration.	split:gate + migration
R0992	.agents/contracts/pipeline-reconciliation.md	Preserve product identity during structural migrations	368	method	split	gate + migration			Move each confirmed product's attributable materials into its own Products folder.	split:gate + migration
R0993	.agents/contracts/pipeline-reconciliation.md	Preserve product identity during structural migrations	368	workflow	split	gate + migration			Supporting acquisition value, lack of readiness, a future launch, or a lower marketing priority never authorizes dropping a confirmed product.	split:gate + migration
R0994	.agents/contracts/pipeline-reconciliation.md	Preserve product identity during structural migrations	368	method	split	gate + migration			Membership changes require an explicit client decision.	split:gate + migration
R0995	.agents/contracts/pipeline-reconciliation.md	Preserve product identity during structural migrations	374	migration	split	gate + migration			When migrating a derived presentation, capture its current displayed content in its own presentation/data.yaml, register presentation_data, and remove runtime extraction.	split:gate + migration
R0996	.agents/contracts/pipeline-reconciliation.md	Preserve product identity during structural migrations	374	method	split	gate + migration			Preserve the existing rendering where possible.	split:gate + migration
R0997	.agents/contracts/pipeline-reconciliation.md	Preserve product identity during structural migrations	374	confirmation	split	gate + migration			Do not mark the new independent document confirmed without attributable whole-presentation approval.	split:gate + migration
R0998	.agents/contracts/pipeline-reconciliation.md	Preserve product identity during structural migrations	379	inheritance	split	gate + migration			`design/<layer>/layout.yaml` selects ordered blocks or a custom template; its absence/blank content can use inherited defaults.	split:gate + migration
R0999	.agents/contracts/pipeline-reconciliation.md	Preserve product identity during structural migrations	379	prohibition	split	gate + migration			Do not restore omitted starter blocks solely because a project intentionally changes its visual scope.	split:gate + migration
R1000	.agents/contracts/pipeline-reconciliation.md	Preserve product identity during structural migrations	379	gate-candidate	gate	gate			Check that declared section/template files exist in the selected layout layer, and that actual in-scope decisions remain complete.	executable:pipeline definition
R1001	.agents/contracts/pipeline-reconciliation.md	Preserve product identity during structural migrations	379	method	split	gate + migration			A new layout does not renew confirmation.	split:gate + migration
R1002	.agents/contracts/pipeline-reconciliation.md	Preserve product identity during structural migrations	379	gate-candidate	gate	gate			The neutral Workspace header stays outside every project visual template: one Design H1, status badge, purpose and usage, with content headings starting at H2.	executable:pipeline definition
R1003	.agents/contracts/pipeline-reconciliation.md	Sales segment compatibility	395	migration	split	gate + migration			When Sales is revised in its owning layer, inspect Product Customer Segments and migrate flat v1 intake to v2 under product-models.md.	split:gate + migration
R1004	.agents/contracts/pipeline-reconciliation.md	Sales segment compatibility	395	gate-candidate	gate	gate			Declare stable Product IDs in customer_segments metadata; preserve unique client facts, source attribution, commercial unknowns, responsibilities and continuation paths.	executable:pipeline definition
R1005	.agents/contracts/pipeline-reconciliation.md	Sales segment compatibility	395	gate-candidate	gate	gate			Validate coverage so no Product segment silently disappears.	executable:pipeline definition
R1006	.agents/contracts/pipeline-reconciliation.md	Sales segment compatibility	395	prohibition	split	gate + migration			Shared rendering supplies the tree and selected segment; never copy framework personas or create a project-specific navigation utility.	split:gate + migration
R1007	.agents/contracts/pipeline-reconciliation.md	Sales segment compatibility	395	method	split	gate + migration			Keep empty blocked intake explicit.	split:gate + migration
R1008	.agents/contracts/pipeline-reconciliation.md	Sales segment compatibility	395	migration	split	gate + migration			V1 readability is migration support, not proof that an existing document meets the segmented Sales method.	split:gate + migration
R1009	.agents/contracts/pipeline-reconciliation.md	Sales segment compatibility	395	confirmation	split	gate + migration			Review Website, Creative and Presentation impact; preserve unchanged strategic direction and do not renew approval hashes.	split:gate + migration
R1010	.agents/contracts/pipeline-reconciliation.md	Material workspace compatibility	411	workflow	migration	migration			At the next invocation, inspect product materials in the owned layer.	removed:retired-procedure
R1011	.agents/contracts/pipeline-reconciliation.md	Material workspace compatibility	411	method	migration	migration			Adopt shared artboard/PNG tools; use shared motion playback/MP4 only when selected.	removed:retired-procedure
R1012	.agents/contracts/pipeline-reconciliation.md	Material workspace compatibility	411	method	migration	migration			Content stays optional and free-form.	removed:retired-procedure
R1013	.agents/contracts/pipeline-reconciliation.md	Material workspace compatibility	411	inheritance	migration	migration			Preserve source-layer finding namespaces and whole-document confirmations.	removed:retired-procedure
R1014	.agents/contracts/pipeline-reconciliation.md	Material workspace compatibility	411	prohibition	migration	migration			Changes to layout utilities alone do not rewrite or reconfirm unchanged business decisions.	removed:retired-procedure
R1015	.agents/contracts/product-models.md	Model and layer boundary	5	gate-candidate	gate	gate			Products are catalog entries, not automatically separate canvases.	executable:pipeline definition
R1016	.agents/contracts/product-models.md	Model and layer boundary	5	gate-candidate	gate	gate			Use `singlepagestartup.product-catalog.v2` with `models: [{id, name, source, uses?}]` and each product's `model` ID.	executable:pipeline definition
R1017	.agents/contracts/product-models.md	Model and layer boundary	5	gate-candidate	gate	gate			Optional `uses` links other models owning shared resources; IDs must exist in this catalog and the graph must be acyclic.	executable:pipeline definition
R1018	.agents/contracts/product-models.md	Model and layer boundary	5	method	split	gate + contract:inheritance			Shared resources keep one owner, scope and allocation basis.	split:gate + contract:inheritance
R1019	.agents/contracts/product-models.md	Model and layer boundary	5	method	split	gate + contract:inheritance			A reference does not create another budget.	split:gate + contract:inheritance
R1020	.agents/contracts/product-models.md	Model and layer boundary	14	inheritance	contract:inheritance	contract:inheritance			Nonempty startup replaces the entire set; missing models never fall back to singlepage.	moved:contract:inheritance
R1021	.agents/contracts/product-models.md	Model and layer boundary	14	migration	split	gate + contract:inheritance			V1 remains readable as migration input; absence of a model is an unresolved migration, not permission to infer one model per product.	split:gate + contract:inheritance
R1022	.agents/contracts/product-models.md	Whole-page ownership	30	gate-candidate	gate	gate			Use exactly the canonical H2s in each primary template in both source layers; project extensions belong in catalog sections/pages (no prescribed Markdown schema for extra pages).	executable:pipeline definition
R1023	.agents/contracts/product-models.md	Whole-page ownership	30	prohibition	split	gate + template			Do not create nine mandatory tabs or a duplicate canvas overview.	split:gate + template
R1024	.agents/contracts/product-models.md	Whole-page ownership	30	method	split	gate + template			Sales stays one product tab with an overview and an internal customer-segment tree.	split:gate + template
R1025	.agents/contracts/product-models.md	Whole-page ownership	30	method	split	gate + template			Each segment has its own complete decision profile and Customer Journey Map (CJM), rather than one undifferentiated process for every audience.	split:gate + template
R1026	.agents/contracts/product-models.md	Whole-page ownership	30	gate-candidate	gate	gate			The owner map documents coverage without a canvas-block navigation menu or a claim that the model is validated.	executable:pipeline definition
R1027	.agents/contracts/product-models.md	Whole-page ownership	30	readability	duplicate	workflow (one readability paragraph)			Prefer about 1,400 words per reviewable page, preserving all material information under `.agents/contracts/document-readability.md`.	removed:restatement (workflow working rules own it)
R1028	.agents/contracts/product-models.md	Whole-page ownership	30	evidence	split	gate + template			No aggregate Sales YAML, Research corpus or segment-count cap applies.	split:gate + template
R1029	.agents/contracts/product-models.md	Whole-page ownership	41	method	split	gate + template			Brief owns a self-contained current intake: request, goals, authority, product inventory, customer/value/delivery facts, known price and funding, resources, costs and constraints.	split:gate + template
R1030	.agents/contracts/product-models.md	Whole-page ownership	41	prohibition	split	gate + template			Product, model and Sales elaborate those inputs; their analysis, calculations and full processes do not accumulate in Brief.	split:gate + template
R1031	.agents/contracts/product-models.md	Whole-page ownership	41	inheritance	split	gate + template			Its core facts must never be replaced by links to these downstream documents.	split:gate + template
R1032	.agents/contracts/product-models.md	Whole-page ownership	41	gate-candidate	gate	gate			Source attribution may be keyed to statements/sections in frontmatter; edit history lives in Git and review state in metadata, not in the Brief body.	executable:pipeline definition
R1033	.agents/contracts/product-models.md	Work order and evidence	51	method	role:business-analyst	role:business-analyst			After scope confirmation at `00-business`, Business Analyst records initial Product/model and supplied Sales intake.	kept:role:business-analyst
R1034	.agents/contracts/product-models.md	Work order and evidence	51	prohibition	role:business-analyst	role:business-analyst			Intake may contain explicit unknowns; unknown prices, budgets, capacity or owners are never invented.	kept:role:business-analyst
R1035	.agents/contracts/product-models.md	Work order and evidence	51	evidence	role:business-analyst	role:business-analyst			Analytics may begin with an explicit unmeasured state and gains observations only from inspected sources.	kept:role:business-analyst
R1036	.agents/contracts/product-models.md	Work order and evidence	51	evidence	role:business-analyst	role:business-analyst			Every active product owns an Analytics source by `40-products`; Product Content remains optional.	kept:role:business-analyst
R1037	.agents/contracts/product-models.md	Work order and evidence	51	gate-candidate	split	workflow + role:business-analyst			All declared files must exist.	split:workflow + role:business-analyst
R1038	.agents/contracts/product-models.md	Work order and evidence	51	workflow	workflow	workflow			The initial stage persists; it no longer has a Business output.	kept:workflow
R1039	.agents/contracts/product-models.md	Work order and evidence	60	evidence	role:business-analyst	role:business-analyst			At `10-strategy`, product Research tests named model/product assumptions before selection.	kept:role:business-analyst
R1040	.agents/contracts/product-models.md	Work order and evidence	60	prohibition	role:business-analyst	role:business-analyst			Market observations never override client facts; agreement with a model never proves demand.	kept:role:business-analyst
R1041	.agents/contracts/product-models.md	Work order and evidence	60	migration	split	workflow + role:business-analyst			Read and preserve unique existing content before a rerun or migration.	split:workflow + role:business-analyst
R1042	.agents/contracts/product-models.md	Business planning before engineering	67	workflow	role:*	role:strategist + role:business-analyst + role:web-designer + role:brand-designer			Describe expected behavior as requirements; functioning implementation is an engineering responsibility, not a business-stage acceptance test.	kept:role:*
R1043	.agents/contracts/product-models.md	Business planning before engineering	67	evidence	role:*	role:strategist + role:business-analyst + role:web-designer + role:brand-designer			Installation checks, runtime testing, bug repair and audits of release or license-source files do not gate completion of these documents.	kept:role:*
R1044	.agents/contracts/product-models.md	Business planning before engineering	74	method	role:*	role:strategist + role:business-analyst + role:web-designer + role:brand-designer			Keep current client facts, market observations, professional choices and forecasts distinguishable.	kept:role:*
R1045	.agents/contracts/product-models.md	Business planning before engineering	74	method	role:*	role:strategist + role:business-analyst + role:web-designer + role:brand-designer			A planned capability or outcome is not an observed result.	kept:role:*
R1046	.agents/contracts/product-models.md	Business planning before engineering	74	evidence	role:*	role:strategist + role:business-analyst + role:web-designer + role:brand-designer			Commercial assumptions need an explicit basis; never invent the operator's budget, capacity, revenue, customers or numerical targets.	kept:role:*
R1047	.agents/contracts/product-models.md	Business planning before engineering	74	method	role:*	role:strategist + role:business-analyst + role:web-designer + role:brand-designer			Selected commercial/license terms belong to the plan; inspecting their implementation belongs to engineering.	kept:role:*
R1048	.agents/contracts/product-models.md	Business planning before engineering	80	method	role:*	role:strategist + role:business-analyst + role:web-designer + role:brand-designer			Block it only for missing material business decisions; `failure` records commercial alternatives, abandonment, unavailable offers and a help or continuation path, not technical error handling.	kept:role:*
R1049	.agents/contracts/product-models.md	Business planning before engineering	80	method	role:*	role:strategist + role:business-analyst + role:web-designer + role:brand-designer			Presentation explains the opportunity, customer, offer, model and growth to clients, partners or investors; it is not an internal QA checklist.	kept:role:*
R1050	.agents/contracts/product-models.md	Business planning before engineering	80	prohibition	role:*	role:strategist + role:business-analyst + role:web-designer + role:brand-designer			Optional customer guides belong to Product Content and do not require debugging instructions or a test plan.	kept:role:*
R1051	.agents/contracts/product-models.md	Business planning before engineering	89	inheritance	role:*	role:strategist + role:business-analyst + role:web-designer + role:brand-designer			These rules apply equally to framework and downstream projects, using each project's own facts and approved direction.	kept:role:*
R1052	.agents/contracts/product-models.md	Business planning before engineering	89	prohibition	role:*	role:strategist + role:business-analyst + role:web-designer + role:brand-designer			Market learning may inform commercial choices; engineering tests never become product-document completion gates.	kept:role:*
R1053	.agents/contracts/product-models.md	Segmented Sales workspace	95	gate-candidate	gate	gate			Product owns stable segment IDs in frontmatter `customer_segments: [segment-id]` and describes those same segments under Customer Segments.	executable:pipeline definition
R1054	.agents/contracts/product-models.md	Segmented Sales workspace	95	method	role:business-analyst	role:business-analyst			A ready Sales covers every declared Product segment, with no unknown or duplicate IDs.	kept:role:business-analyst
R1055	.agents/contracts/product-models.md	Segmented Sales workspace	95	prohibition	role:business-analyst	role:business-analyst			Do not turn a tool or intermediary into a payer; identify the human or organization receiving value and making or delegating decisions.	kept:role:business-analyst
R1056	.agents/contracts/product-models.md	Segmented Sales workspace	103	evidence	role:business-analyst	role:business-analyst			The source remains product-owned `sales.yaml`.	kept:role:business-analyst
R1057	.agents/contracts/product-models.md	Segmented Sales workspace	103	method	role:business-analyst	role:business-analyst			No project-specific sidebar component is needed.	kept:role:business-analyst
R1058	.agents/contracts/product-models.md	Segmented Sales workspace	103	method	role:business-analyst	role:business-analyst			Each segment defines audience and roles; needs/pains; motivations; decision trigger and criteria; value proposition; objections, truthful responses and what to show; acquisition channels with customer context, message, CTA and destination; and its own `journey`.	kept:role:business-analyst
R1059	.agents/contracts/product-models.md	Segmented Sales workspace	103	method	role:business-analyst	role:business-analyst			A segment page also exports its own Markdown from the same YAML, excluding review metadata.	kept:role:business-analyst
R1060	.agents/contracts/product-models.md	Segmented Sales workspace	103	confirmation	role:business-analyst	role:business-analyst			Whole-Sales confirmation appears beside its selected page title; selecting a segment never grants it an independent approval.	kept:role:business-analyst
R1061	.agents/contracts/product-models.md	Segmented Sales workspace	114	method	role:business-analyst	role:business-analyst			Each CJM step retains operational owner, entry context, required information, action, exit, alternative/continuation and metric, and adds customer goal, action, question, desired experience and touchpoint.	kept:role:business-analyst
R1062	.agents/contracts/product-models.md	Segmented Sales workspace	114	method	role:business-analyst	role:business-analyst			Help or community contribution may be optional continuations, not obligatory conversions.	kept:role:business-analyst
R1063	.agents/contracts/product-models.md	Segmented Sales workspace	114	method	role:business-analyst	role:business-analyst			Acquisition describes where and why this audience arrives, not only a list of platforms.	kept:role:business-analyst
R1064	.agents/contracts/product-models.md	Segmented Sales workspace	114	prohibition	role:business-analyst	role:business-analyst			For free products, the decision is adoption; do not invent a purchase.	kept:role:business-analyst
R1065	.agents/contracts/product-models.md	Segmented Sales workspace	114	evidence	role:business-analyst	role:business-analyst			Motives, questions and emotional expectations may be professional proposals with attribution; never report them as interview findings without data.	kept:role:business-analyst
R1066	.agents/contracts/product-models.md	Segmented Sales workspace	114	method	role:business-analyst	role:business-analyst			Use NN/g's Journey Mapping 101 (https://www.nngroup.com/articles/journey-mapping-101/) for actor, scenario and perspective; a designed future journey is not observed behavior.	kept:role:business-analyst
R1067	.agents/contracts/product-models.md	Segmented Sales workspace	126	method	role:business-analyst	role:business-analyst			Record the target segment and relevant journey or acquisition ID in a material's metadata when authoring or revising it; write copy to that situation rather than a generic average audience.	kept:role:business-analyst
R1068	.agents/contracts/product-models.md	Segmented Sales workspace	126	method	role:business-analyst	role:business-analyst			Review Sales input changes before reusing materials.	kept:role:business-analyst
R1069	.agents/contracts/product-models.md	Segmented Sales workspace	126	evidence	role:business-analyst	role:business-analyst			Research remains a separate evidence owner.	kept:role:business-analyst
R1070	.agents/contracts/product-models.md	Segmented Sales workspace	132	method	role:business-analyst	role:business-analyst			Website must cover the complete applicable customer journey rather than only the landing page and primary workspace.	kept:role:business-analyst
R1071	.agents/contracts/product-models.md	Segmented Sales workspace	132	method	role:business-analyst	role:business-analyst			Keep the rendered Website and Creative bodies focused on project-specific customer experience and final copy.	kept:role:business-analyst
R1072	.agents/contracts/product-models.md	Segmented Sales workspace	132	confirmation	role:business-analyst	role:business-analyst			Framework mechanics, approved-design reminders, generic responsive/accessibility checklists, dependency or approval prose, backend/security architecture and “awaiting review” conclusions belong to roles, metadata and engineering work, not these business-facing documents.	kept:role:business-analyst
R1073	.agents/contracts/product-models.md	Segmented Sales workspace	142	migration	split	gate + role:business-analyst + operator-doc			V1 Sales remain readable during migration, without pretending a flat operational sequence contains customer profiles.	split:gate + role:business-analyst + operator-doc
R1074	.agents/contracts/product-models.md	Segmented Sales workspace	142	gate-candidate	gate	gate			At the next owned Sales revision, transfer unique intake and source attribution to v2, preserve product boundaries, and review affected downstream materials.	executable:pipeline definition
R1075	.agents/contracts/product-models.md	Segmented Sales workspace	142	inheritance	role:business-analyst	role:business-analyst			Never fill a startup with framework personas.	kept:role:business-analyst
R1076	.agents/contracts/product-models.md	Dependencies	150	method	gate	gate			Shared model review IDs are `model.<id>`; each is registered once.	executable:pipeline definition
R1077	.agents/contracts/product-models.md	Dependencies	150	method	gate	gate			Models use Brief and explicitly referenced resource-owning models.	executable:pipeline definition
R1078	.agents/contracts/product-models.md	Dependencies	150	confirmation	gate	gate			Model citations of Research findings are reviewed by the agent, not reciprocal approval edges.	executable:pipeline definition
R1079	.agents/contracts/product-models.md	Dependencies	150	method	gate	gate			A local Product change can require review of shared Strategy through Sales, so shared material review is intentional when that happens.	executable:pipeline definition
R1080	.agents/contracts/product-models.md	Dependencies	161	evidence	gate	gate			Research remains the upstream evidence owner.	executable:pipeline definition
R1081	.agents/contracts/product-models.md	Dependencies	161	confirmation	gate	gate			Do not add reciprocal Research ↔ model/Product approval edges: citations identify tested decisions without a cycle.	executable:pipeline definition
R1082	.agents/contracts/product-models.md	Dependencies	161	evidence	gate	gate			When model decisions change, the agent revisits affected research questions; when findings change, the agent reviews their cited model assumptions before consuming them.	executable:pipeline definition
R1083	.agents/contracts/product-models.md	Dependencies	161	evidence	gate	gate			Never mutate client facts automatically from research.	executable:pipeline definition
R1084	.agents/contracts/product-models.md	Dependencies	167	gate-candidate	gate	gate			Existing review resolution, confirmation metadata and content fingerprints remain canonical.	executable:pipeline definition
R1085	.agents/contracts/product-models.md	Dependencies	167	method	gate	gate			Added/removed inputs require impact review.	executable:pipeline definition
R1086	.agents/contracts/product-models.md	Dependencies	167	confirmation	gate	gate			A structural move does not renew confirmation, replace approved text or clear stale state.	executable:pipeline definition
R1087	.agents/contracts/product-models.md	Dependencies	167	confirmation	gate	gate			Material effects keep `review.stale` until resolved; no-effect review updates only genuinely inspected inputs.	executable:pipeline definition
R1088	.agents/contracts/product-models.md	Material workspaces	176	evidence	operator-doc	operator-doc			Promotion is the single top-level surface for Website, Marketing Creative and Presentation; badge tabs preserve each material's source, nested pages, Text/Layout views and exports.	kept:operator-doc
R1089	.agents/contracts/product-models.md	Material workspaces	176	evidence	operator-doc	operator-doc			Analytics is the final top-level surface; its badge tabs keep current observations and connected Research in one evidence context.	kept:operator-doc
R1090	.agents/contracts/product-models.md	Material workspaces	176	method	operator-doc	operator-doc			No external chat or manual copying pipeline is required.	kept:operator-doc
R1091	.agents/contracts/product-models.md	Material workspaces	186	method	operator-doc	operator-doc			Use editable HTML text over registered media with shared fixed-size artboards and PNG export.	kept:operator-doc
R1092	.agents/contracts/product-models.md	Material workspaces	186	method	operator-doc	operator-doc			Short motion graphics use the same copy and shared Remotion playback/browser MP4 export when selected.	kept:operator-doc
R1093	.agents/contracts/product-models.md	Material workspaces	186	prohibition	operator-doc	operator-doc			Do not impose every format on every product.	kept:operator-doc
R1094	.agents/contracts/product-models.md	Material workspaces	193	method	operator-doc	operator-doc			Presentation copy stays in its own YAML.	kept:operator-doc
R1095	.agents/contracts/product-models.md	Material workspaces	193	method	operator-doc	operator-doc			Each slide has a separate tree entry, Text/Layout, bounded artboard and PNG export.	kept:operator-doc
R1096	.agents/contracts/product-models.md	Material workspaces	193	gate-candidate	operator-doc	operator-doc			Custom schemas provide explicit slide Markdown or a formatter; never infer editable copy from rendered HTML or another business document.	kept:operator-doc
R1097	.agents/contracts/product-models.md	Material workspaces	193	method	operator-doc	operator-doc			Confirmation belongs to the whole deck, not individual slide selection.	kept:operator-doc
R1098	.agents/contracts/product-models.md	Material workspaces	199	method	operator-doc	operator-doc			Product Content remains optional and free-form: README, lessons, handouts, templates, images and media can reuse these tools.	kept:operator-doc
R1099	.agents/contracts/product-models.md	Material workspaces	199	method	operator-doc	operator-doc			Include only authored content, not an entire repository to show its README.	kept:operator-doc
R1100	.agents/contracts/product-models.md	Material workspaces	199	inheritance	operator-doc	operator-doc			Keep tree, confirmation, artboard, export and motion code in workspace utils; copy, images and compositions stay in the owning product layer.	kept:operator-doc
R1101	.agents/contracts/product-models.md	Language and vocabulary	208	prohibition	operator-doc	operator-doc			Use the repository's existing internationalization configuration and language codes for multilingual materials; do not introduce a competing locale registry.	kept:operator-doc
R1102	.agents/contracts/product-models.md	Language and vocabulary	208	method	operator-doc	operator-doc			"Short localized fields follow the existing keyed-value convention (for example `title: { en: ""..."", ru: ""..."" }`)."	kept:operator-doc
R1103	.agents/contracts/product-models.md	Language and vocabulary	208	method	operator-doc	operator-doc			Long-form copy may use separate locale-owned Markdown files with the same semantic section IDs.	kept:operator-doc
R1104	.agents/contracts/product-models.md	Language and vocabulary	208	method	operator-doc	operator-doc			The selected locale must be the same in Text, Layout and exported output.	kept:operator-doc
R1105	.agents/contracts/product-models.md	Language and vocabulary	215	method	operator-doc	operator-doc			Keep proper product names and technical identifiers unchanged.	kept:operator-doc
R1106	.agents/contracts/product-models.md	Language and vocabulary	215	prohibition	operator-doc	operator-doc			Translate the meaning of an operator-supplied CTA into the artifact language; do not paste a chat-language quote into another language's published copy.	kept:operator-doc
R1107	.agents/contracts/product-models.md	Language and vocabulary	215	method	operator-doc	operator-doc			Use the approved Brand vocabulary consistently across localized materials.	kept:operator-doc
R1108	.agents/contracts/product-models.md	Language and vocabulary	215	evidence	split	template + operator-doc			Missing translations must be completed before claiming that locale is ready; never silently mix languages or claim an unimplemented language switch exists.	split:template + operator-doc
R1109	.agents/contracts/product-models.md	Language and vocabulary	215	method	operator-doc	operator-doc			For production components, use the framework's existing localized fields, language context and SDK providers.	kept:operator-doc
R1110	.agents/contracts/product-models.md	Language and vocabulary	215	method	operator-doc	operator-doc			Studio authoring does not need live API data.	kept:operator-doc
R1111	.agents/contracts/product-models.md	Language and vocabulary	215	confirmation	split	template + operator-doc			An operator-review translation in chat is not a second canonical `default` copy and does not confirm the translated or source document.	split:template + operator-doc
R1112	.agents/contracts/product-models.md	Language and vocabulary	229	gate-candidate	split	template + operator-doc			Apply `.agents/contracts/research-sales-audit.md` for segment-by-segment Sales validation, competitor detail, evidence verdicts and the reusable Research tree.	split:template + operator-doc
R1113	.agents/contracts/research-sales-audit.md	Research of Sales segments and alternatives	3	evidence	role:market-researcher	role:market-researcher			Research tests the preceding Product and Sales proposals; it does not treat the proposal itself as market evidence.	kept:role:market-researcher
R1114	.agents/contracts/research-sales-audit.md	Research of Sales segments and alternatives	3	evidence	role:market-researcher	role:market-researcher			At 10-strategy inspect available intake; at 40-products audit each defined Sales segment before deriving Website and Marketing Creative claims.	kept:role:market-researcher
R1115	.agents/contracts/research-sales-audit.md	Research of Sales segments and alternatives	3	inheritance	role:market-researcher	role:market-researcher			This format applies to framework and downstream projects, with their own segment IDs and market facts.	kept:role:market-researcher
R1116	.agents/contracts/research-sales-audit.md	Workspace and coverage	11	evidence	gate	gate			Keep the six-section `research.md` as a decision summary.	executable:pipeline definition
R1117	.agents/contracts/research-sales-audit.md	Workspace and coverage	11	method	gate	gate			The shared page browser renders and exports these files; no project-specific UI is required.	executable:pipeline definition
R1118	.agents/contracts/research-sales-audit.md	Workspace and coverage	11	readability	duplicate	workflow (one readability paragraph)			Follow `document-readability.md`: no aggregate or source-count cap.	removed:restatement (workflow working rules own it)
R1119	.agents/contracts/research-sales-audit.md	Workspace and coverage	17	method	gate	gate			Each segment page declares `sales_segment: <Sales segments[].id>` and `sales_dimensions: [needs, motivations, purchase_trigger, decision_criteria, objections, acquisition, journey]`.	executable:pipeline definition
R1120	.agents/contracts/research-sales-audit.md	Workspace and coverage	17	gate-candidate	gate	gate			Register every page in catalog section `research`.	executable:pipeline definition
R1121	.agents/contracts/research-sales-audit.md	Workspace and coverage	17	gate-candidate	gate	gate			Validation checks complete segment/dimension coverage and finding-ID uniqueness across that product's Research corpus, not just the summary.	executable:pipeline definition
R1122	.agents/contracts/research-sales-audit.md	Workspace and coverage	17	gate-candidate	gate	gate			These keys demonstrate coverage only; prose and evidence establish quality.	executable:pipeline definition
R1123	.agents/contracts/research-sales-audit.md	Workspace and coverage	17	migration	gate	gate			Legacy intake can omit the audit flag until migrated; a completed 40-products review with defined Sales segments must use the segmented audit.	executable:pipeline definition
R1124	.agents/contracts/research-sales-audit.md	Investigation and resulting reference	29	evidence	role:market-researcher	role:market-researcher			For every material hypothesis record: exact segment/profile field, acquisition ID or CJM step ID; proposed pain, desired progress or decision driver; evidence and counterevidence with source/date/sample/fit; verdict (supported, partially supported, contradicted, unresolved); confidence, limits and commercial impact.	kept:role:market-researcher
R1125	.agents/contracts/research-sales-audit.md	Investigation and resulting reference	29	method	role:market-researcher	role:market-researcher			Inspect every route and CJM step.	kept:role:market-researcher
R1126	.agents/contracts/research-sales-audit.md	Investigation and resulting reference	29	evidence	role:market-researcher	role:market-researcher			Keep vendor capability claims distinct from actual customer behavior.	kept:role:market-researcher
R1127	.agents/contracts/research-sales-audit.md	Investigation and resulting reference	29	method	role:market-researcher	role:market-researcher			Distinguish novice/noncoder/professional samples, user, buyer, payer and delegated tool; an agent's actions are not a human emotion or an independent purchase.	kept:role:market-researcher
R1128	.agents/contracts/research-sales-audit.md	Investigation and resulting reference	29	prohibition	role:market-researcher	role:market-researcher			Do not invent interviews, conversion rates or proof of product-specific demand from a broad survey.	kept:role:market-researcher
R1129	.agents/contracts/research-sales-audit.md	Investigation and resulting reference	39	method	role:market-researcher	role:market-researcher			Record offer, target situation, acquisition/promise, included/excluded value, price/units/date and relevant terms, ownership/control, appeal, limitations and implications for each segment.	kept:role:market-researcher
R1130	.agents/contracts/research-sales-audit.md	Investigation and resulting reference	39	prohibition	role:market-researcher	role:market-researcher			Preserve individual detail where a matrix cannot express the decision.	kept:role:market-researcher
R1131	.agents/contracts/research-sales-audit.md	Investigation and resulting reference	39	method	role:market-researcher	role:market-researcher			Compare fairly; category parity is not an exclusive advantage.	kept:role:market-researcher
R1132	.agents/contracts/research-sales-audit.md	Investigation and resulting reference	39	evidence	role:market-researcher	role:market-researcher			Link every material statement to attributable evidence and limitations.	kept:role:market-researcher
R1133	.agents/contracts/research-sales-audit.md	Investigation and resulting reference	46	evidence	role:market-researcher	role:market-researcher			Keep stable finding IDs across all pages, declared once; summaries cite them.	kept:role:market-researcher
R1134	.agents/contracts/research-sales-audit.md	Investigation and resulting reference	46	evidence	role:market-researcher	role:market-researcher			Report which Sales assumptions survive, need refinement or lack evidence, and what this means for Website/Creative claims.	kept:role:market-researcher
R1135	.agents/contracts/research-sales-audit.md	Investigation and resulting reference	46	method	role:market-researcher	role:market-researcher			Correct client facts only with attributed client input; professional proposals may be revised by their owning role.	kept:role:market-researcher
R1136	.agents/contracts/research-sales-audit.md	Investigation and resulting reference	46	evidence	role:market-researcher	role:market-researcher			Research is business work, not installation, source-code or runtime auditing.	kept:role:market-researcher
R1137	.agents/contracts/research-sales-audit.md	Review dependencies without an approval cycle	55	gate-candidate	gate	gate			This inspected input participates in `review.dependencies`, but does not recursively inherit Sales approval/staleness: Sales already uses Product, which uses Research.	executable:pipeline definition
R1138	.agents/contracts/research-sales-audit.md	Review dependencies without an approval cycle	55	confirmation	gate	gate			Snapshot refresh requires actual impact review; it never grants approval or copies an old hash.	executable:pipeline definition
R1139	.agents/contracts/tool-use.md	Tool capability contract	3	gate-candidate	contract:tool-use	contract:tool-use			Roles and workflows request provider-neutral capability IDs from `.agents/tools/catalog.yaml`; they never depend on a provider API name.	moved:contract:tool-use
R1140	.agents/contracts/tool-use.md	Tool capability contract	6	method	contract:tool-use	contract:tool-use			Before use, resolve the active provider mapping and check availability.	moved:contract:tool-use
R1141	.agents/contracts/tool-use.md	Tool capability contract	6	method	contract:tool-use	contract:tool-use			A fallback may reduce scope or request a client artifact, but it may not invent tool output.	moved:contract:tool-use
R1142	.agents/contracts/tool-use.md	Tool capability contract	11	method	contract:tool-use	contract:tool-use			Browser actions record the visited target and relevant result.	moved:contract:tool-use
R1143	.agents/contracts/tool-use.md	Tool capability contract	11	method	contract:tool-use	contract:tool-use			Document and Figma operations record the target artifact or file.	moved:contract:tool-use
R1144	.agents/contracts/tool-use.md	Tool capability contract	16	method	contract:tool-use	contract:tool-use			Provider adapters contain binding metadata only; professional method and workflow order remain in canonical roles and workflows.	moved:contract:tool-use
R1145	.agents/roles/account-manager.md	Mission and boundary	11	method	role:account-manager	role:account-manager			Own `brief.md` as a compact, self-contained account of the client's current business, products, resources and goals.	kept:role:account-manager
R1146	.agents/roles/account-manager.md	Mission and boundary	11	method	role:account-manager	role:account-manager			Preserve meaning, exact names and binding requirements; rewrite conversational phrasing into clear statements.	kept:role:account-manager
R1147	.agents/roles/account-manager.md	Mission and boundary	11	prohibition	role:account-manager	role:account-manager			Do not choose positioning, invent an operating model, conduct market analysis, or design the brand or website.	kept:role:account-manager
R1148	.agents/roles/account-manager.md	Inputs and ownership	19	gate-candidate	split	role + duplicate			Read the active workspace index, existing brief, and client attachments.	split:role + duplicate
R1149	.agents/roles/account-manager.md	Required method	25	method	role:account-manager	role:account-manager			Use the six sections in the Brief template.	kept:role:account-manager
R1150	.agents/roles/account-manager.md	Required method	25	method	role:account-manager	role:account-manager			This house format is not an externally prescribed standard or a completed Business Model Canvas.	kept:role:account-manager
R1151	.agents/roles/account-manager.md	Required method	25	readability	duplicate	workflow (one readability paragraph)			Keep exact wording only when a paraphrase would change a name or requirement; do not create a quotations section or repeat the same fact.	removed:restatement (workflow working rules own it)
R1152	.agents/roles/account-manager.md	Required method	25	method	role:account-manager	role:account-manager			Keep `brief.md` as one decision projection of the client's facts.	kept:role:account-manager
R1153	.agents/roles/account-manager.md	Required method	25	prohibition	role:account-manager	role:account-manager			When an answer changes, locate every earlier statement about that fact and replace or remove it in the same edit; never append a chronological correction.	kept:role:account-manager
R1154	.agents/roles/account-manager.md	Required method	25	prohibition	role:account-manager	role:account-manager			Do not merge them because they share technology, people, or revenue history.	kept:role:account-manager
R1155	.agents/roles/account-manager.md	Required method	25	gate-candidate	split	role:account-manager + duplicate			Keep supporting showcases, acquisition activities, and internal work as concise scope context rather than another catalog.	split:role:account-manager + duplicate
R1156	.agents/roles/account-manager.md	Required method	25	prohibition	role:account-manager	role:account-manager			Do not decide Strategy priorities or infer a new product from an activity that may eventually earn money.	kept:role:account-manager
R1157	.agents/roles/account-manager.md	Required method	25	evidence	role:account-manager	role:account-manager			Do not add external market findings or treat a client belief as verified demand.	kept:role:account-manager
R1158	.agents/roles/account-manager.md	Required method	25	workflow	split	role:account-manager + duplicate			Treat a bare workflow invocation as permission to inspect and resume, not as the operator's project request or confirmation.	split:role:account-manager + duplicate
R1159	.agents/roles/account-manager.md	Required method	25	prohibition	role:account-manager	role:account-manager			Repository content may inform a proposed summary but cannot establish current intent.	kept:role:account-manager
R1160	.agents/roles/account-manager.md	Required method	25	evidence	role:account-manager	role:account-manager			Return that scope as a compact summary in the operator's language and obtain a natural-language confirmation before Business Analyst or Market Researcher starts.	kept:role:account-manager
R1161	.agents/roles/account-manager.md	Required method	25	method	role:account-manager	role:account-manager			Ask one decision-relevant question at a time in plain language.	kept:role:account-manager
R1162	.agents/roles/account-manager.md	Required method	25	method	role:account-manager	role:account-manager			Clarify an ambiguous or possibly mistyped term before deriving requirements from it.	kept:role:account-manager
R1163	.agents/roles/account-manager.md	Required method	25	method	role:account-manager	role:account-manager			Establish the current buyer, trigger, offer, price exchange, delivery, and next business action before collecting lower-impact detail.	kept:role:account-manager
R1164	.agents/roles/account-manager.md	Required method	25	method	role:account-manager	role:account-manager			Ask only questions that can change the next decision.	kept:role:account-manager
R1165	.agents/roles/account-manager.md	Required method	25	prohibition	role:account-manager	role:account-manager			State an unselected current term in its relevant section when needed for comprehension; do not add an unknowns checklist, transcript or review log.	kept:role:account-manager
R1166	.agents/roles/account-manager.md	Required method	25	method	role:account-manager	role:account-manager			Route later questions to their owning document.	kept:role:account-manager
R1167	.agents/roles/account-manager.md	Required method	25	confirmation	role:account-manager	role:account-manager			Later documents elaborate and use them; links to Product, models, Research, Brand or Assets cannot replace this context or become Brief's semantic approval dependencies.	kept:role:account-manager
R1168	.agents/roles/account-manager.md	Required method	25	evidence	role:account-manager	role:account-manager			Record actual useful numbers with units, scope and source.	kept:role:account-manager
R1169	.agents/roles/account-manager.md	Required method	25	evidence	role:account-manager	role:account-manager			Do not infer lack of internal testing from absent external adoption evidence, invent savings, or impose ongoing staffing/support/budget commitments the client has not made.	kept:role:account-manager
R1170	.agents/roles/account-manager.md	Required method	25	evidence	duplicate	.agents/workflows/pre-development.md:178	.agents/workflows/pre-development.md:178		Classify unresolved items as `operator-fact`, `research-question`, `professional-choice`, or `evidence-gap`.	removed:duplicate (.agents/workflows/pre-development.md:178)
R1171	.agents/roles/account-manager.md	Required method	25	evidence	role:account-manager	role:account-manager			Never answer an `operator-fact` with an assumption.	kept:role:account-manager
R1172	.agents/roles/account-manager.md	Required method	25	method	role:account-manager	role:account-manager			During Brief intake, obtain an explicit identity intake: existing logo, colors, typefaces, icons, imagery, layouts, guidelines, or other project materials; their files, provenance, rights, and mandatory, adaptable, replaceable, or reference-only status; plus external brands, sites, interfaces, or other examples the operator likes or dislikes.	kept:role:account-manager
R1173	.agents/roles/account-manager.md	Required method	25	method	role:account-manager	role:account-manager			The operator need not name professional design qualities: a supplied example and an everyday reaction are valid intake; the agent describes observable common traits for review.	kept:role:account-manager
R1174	.agents/roles/account-manager.md	Required method	25	prohibition	role:account-manager	role:account-manager			Record an explicit “none” when a category is empty; never infer completeness from repository files or silence.	kept:role:account-manager
R1175	.agents/roles/account-manager.md	Required method	25	method	role:account-manager	role:account-manager			Record client taste references as five separately labeled sets in Brief: `interface and website appearance`, `typography`, `photography`, `illustration`, and `marketing creative`.	kept:role:account-manager
R1176	.agents/roles/account-manager.md	Required method	25	method	role:account-manager	role:account-manager			Brief records only the reference asset IDs, explicit client comments or reviewed descriptions of shared traits, and one of `missing`, `supplied-unreviewed`, or `ready` for every category.	kept:role:account-manager
R1177	.agents/roles/account-manager.md	Required method	25	method	role:account-manager	role:account-manager			Keep one visible table: each row pairs its description with exact uploaded filenames and working links.	kept:role:account-manager
R1178	.agents/roles/account-manager.md	Required method	25	prohibition	role:account-manager	role:account-manager			Do not add a separate uploaded-files list or hide identity in an introductory aside.	kept:role:account-manager
R1179	.agents/roles/account-manager.md	Required method	25	prohibition	role:account-manager	role:account-manager			Record confirmed absence as None, or missing intake as Not supplied; do not invent an identity element or treat a missing upload as confirmed absence.	kept:role:account-manager
R1180	.agents/roles/account-manager.md	Required method	25	evidence	role:account-manager	role:account-manager			Asset source records remain canonical in Assets.	kept:role:account-manager
R1181	.agents/roles/account-manager.md	Required method	25	gate-candidate	split	role:account-manager + duplicate			Verify every referenced file exists and inspect the relevant directory for newly supplied files.	split:role:account-manager + duplicate
R1182	.agents/roles/account-manager.md	Required method	25	prohibition	role:account-manager	role:account-manager			New files remain supplied-unreviewed until their category and effect on its description are reviewed; do not silently treat folder contents as approved preferences.	kept:role:account-manager
R1183	.agents/roles/account-manager.md	Required method	25	confirmation	role:account-manager	role:account-manager			Confirm only that each supplied set matches its declared category and that its Assets entries are sufficient for review.	kept:role:account-manager
R1184	.agents/roles/account-manager.md	Required method	25	prohibition	role:account-manager	role:account-manager			A mixed or unlabeled collection remains `unclassified` only while correction is pending, cannot make any category `ready`, and must not be assigned or interpreted on the client's behalf.	kept:role:account-manager
R1185	.agents/roles/account-manager.md	Required method	25	confirmation	role:account-manager	role:account-manager			When the client rejects or replaces it, remove its exact file, Assets row, and stale current links after checking references.	kept:role:account-manager
R1186	.agents/roles/account-manager.md	Required method	25	method	role:account-manager	role:account-manager			During intake, invite the Brand Designer to inspect a supplied category and describe recurring observable traits in plain language.	kept:role:account-manager
R1187	.agents/roles/account-manager.md	Required method	25	method	role:account-manager	role:account-manager			This is reference analysis, not selection of the project's final style.	kept:role:account-manager
R1188	.agents/roles/account-manager.md	Required method	25	prohibition	role:account-manager	role:account-manager			Analyze each category as it arrives; do not wait for all five sets or ask the client to write the description.	kept:role:account-manager
R1189	.agents/roles/account-manager.md	Required method	25	method	role:account-manager	role:account-manager			Compare examples within each category and return a short proposed description with supporting asset IDs: photography; typography; interface appearance; illustration/infographics; marketing and handout materials.	kept:role:account-manager
R1190	.agents/roles/account-manager.md	Required method	25	method	role:account-manager	role:account-manager			Preserve explicit requirements separately from inferred similarities.	kept:role:account-manager
R1191	.agents/roles/account-manager.md	Required method	25	confirmation	role:account-manager	role:account-manager			Ask the operator to confirm or correct the plain-language description.	kept:role:account-manager
R1192	.agents/roles/account-manager.md	Required method	25	workflow	split	role:account-manager + duplicate			Record confirmed taste in Brief; retain unconfirmed analysis as proposed in its source metadata or handoff.	split:role:account-manager + duplicate
R1193	.agents/roles/account-manager.md	Required method	25	prohibition	role:account-manager	role:account-manager			Never mark a category ready merely because the agent wrote a profile.	kept:role:account-manager
R1194	.agents/roles/account-manager.md	Required method	25	method	role:account-manager	role:account-manager			Final territories, tokens, fonts and generated outputs remain Design work.	kept:role:account-manager
R1195	.agents/roles/account-manager.md	Required method	25	method	role:account-manager	role:account-manager			Inspect photos, identity files, listings, testimonials, documents, and visual references without judging final style.	kept:role:account-manager
R1196	.agents/roles/account-manager.md	Required method	25	method	role:account-manager	role:account-manager			Treat a third-party reference as a preference signal; its recorded rights determine reuse.	kept:role:account-manager
R1197	.agents/roles/account-manager.md	Required method	25	method	role:account-manager	role:account-manager			Distinguish such examples from supplied project identity and selected colors/fonts, which should be applied within their recorded use.	kept:role:account-manager
R1198	.agents/roles/account-manager.md	Required method	25	prohibition	role:account-manager	role:account-manager			Do not append a generic copying prohibition that conflicts with these choices.	kept:role:account-manager
R1199	.agents/roles/account-manager.md	Required method	25	workflow	split	role:account-manager + duplicate			Return material open questions in the handoff, not a compulsory final section in the Brief.	split:role:account-manager + duplicate
R1200	.agents/roles/account-manager.md	Thresholds and red flags	144	method	role:account-manager	role:account-manager			A brief is usable only when it contains operator-confirmed decision scope: the primary subject, boundaries, and current/intended products in scope.	kept:role:account-manager
R1201	.agents/roles/account-manager.md	Thresholds and red flags	144	prohibition	role:account-manager	role:account-manager			A later agent must not invent, combine, or silently omit a confirmed product.	kept:role:account-manager
R1202	.agents/roles/account-manager.md	Thresholds and red flags	144	method	role:account-manager	role:account-manager			The current offer, intended buyer, commercial exchange, delivery boundary, primary goal, provisional model classification, and highest-impact unknowns must also be visible.	kept:role:account-manager
R1203	.agents/roles/account-manager.md	Thresholds and red flags	144	prohibition	role:account-manager	role:account-manager			Missing or unreviewed visual-reference categories do not block product models, Strategy, or Brand.	kept:role:account-manager
R1204	.agents/roles/account-manager.md	Thresholds and red flags	144	method	role:account-manager	role:account-manager			They do block final Design proposals and generation: all five categories must be `ready`, with their files registered in Assets.	kept:role:account-manager
R1205	.agents/roles/account-manager.md	Thresholds and red flags	144	method	role:account-manager	role:account-manager			Preliminary analysis of a supplied set remains allowed during intake.	kept:role:account-manager
R1206	.agents/roles/account-manager.md	Thresholds and red flags	144	method	role:account-manager	role:account-manager			If a request such as “make it premium” has no examples, ask for examples; if examples exist, the agent identifies their common qualities instead of requiring design vocabulary from the client.	kept:role:account-manager
R1207	.agents/roles/account-manager.md	Thresholds and red flags	144	method	role:account-manager	role:account-manager			Preserve already confirmed category descriptions when the reference set and client preferences are unchanged.	kept:role:account-manager
R1208	.agents/roles/account-manager.md	Thresholds and red flags	159	prohibition	role:account-manager	role:account-manager			Never turn aspirations into facts or promise a result the business cannot yet deliver.	kept:role:account-manager
R1209	.agents/roles/account-manager.md	Thresholds and red flags	162	readability	duplicate	workflow (one readability paragraph)			Target 500-800 body words for Brief when sufficient; about 1,400 is a preferred review size, not a maximum.	removed:restatement (workflow working rules own it)
R1210	.agents/roles/account-manager.md	Thresholds and red flags	162	method	role:account-manager	role:account-manager			Preserve its self-contained business context.	kept:role:account-manager
R1211	.agents/roles/account-manager.md	Thresholds and red flags	162	method	role:account-manager	role:account-manager			A reader should understand the current business without opening another decision document.	kept:role:account-manager
R1212	.agents/roles/account-manager.md	Thresholds and red flags	162	gate-candidate	role:account-manager	role:account-manager			State a fact once; preserve sources and scoped confirmation in frontmatter.	kept:role:account-manager
R1213	.agents/roles/account-manager.md	Thresholds and red flags	162	gate-candidate	role:account-manager	role:account-manager			Remove empty/formulaic sections rather than filling them with process language; keep the six required sections useful and specific.	kept:role:account-manager
R1214	.agents/roles/account-manager.md	Capabilities	171	method	gate	gate			`artifact-read`, `artifact-write`, `browser-interaction`, `image-inspection`.	executable:pipeline definition
R1215	.agents/roles/account-manager.md	Handoff	175	confirmation	split	workflow + duplicate			Return the changed brief, material source clarifications and unanswered questions with their owning documents, conflicts, missing high-impact answers, and whether Business Analyst can start.	split:workflow + duplicate
R1216	.agents/roles/account-manager.md	Handoff	175	evidence	split	workflow + duplicate			Route external questions to the named product Research at `10-strategy`.	split:workflow + duplicate
R1217	.agents/roles/account-manager.md	Handoff	175	method	split	workflow + duplicate			Separately report whether all five visual-reference categories are ready for Design.	split:workflow + duplicate
R1218	.agents/roles/account-manager.md	Handoff	175	readability	duplicate	workflow (one readability paragraph)			Report the resulting word count and any stale statement replaced.	removed:restatement (workflow working rules own it)
R1219	.agents/roles/account-manager.md	Handoff	175	method	duplicate	.agents/workflows/pre-development.md:1211		.agents/workflows/pre-development.md:1211	If input is required, end with exactly one plain-language question in the operator's language.	removed:duplicate (.agents/workflows/pre-development.md:1211)
R1220	.agents/roles/account-manager.md	Handoff	175	prohibition	split	workflow + duplicate			Do not return an interview transcript or sales narrative.	split:workflow + duplicate
R1221	.agents/roles/account-manager.md	Final editorial pass	186	gate-candidate	duplicate	.agents/workflows/pre-development.md:1218	.agents/workflows/pre-development.md:1218		When the work contains prose intended for a person, apply `.agents/contracts/editorial-pass.md` after the facts, evidence, links, identifiers, required structure, and approval state are correct.	removed:duplicate (.agents/workflows/pre-development.md:1218)
R1222	.agents/roles/account-manager.md	Final editorial pass	186	method	duplicate	.agents/workflows/pre-development.md:1218	.agents/workflows/pre-development.md:1218		This is the last content-editing step before returning or storing the text.	removed:duplicate (.agents/workflows/pre-development.md:1218)
R1223	.agents/roles/business-analyst.md	Mission and boundary	11	gate-candidate	role:business-analyst	role:business-analyst			Own initial Product, catalog model membership, Operations & Economics and Sales intake after Brief scope confirmation, before strategic selection.	kept:role:business-analyst
R1224	.agents/roles/business-analyst.md	Mission and boundary	11	method	role:business-analyst	role:business-analyst			There is no standalone Business document.	kept:role:business-analyst
R1225	.agents/roles/business-analyst.md	Mission and boundary	11	prohibition	role:business-analyst	role:business-analyst			Never present invented facts, prices, capacity, authority or processes as client inputs.	kept:role:business-analyst
R1226	.agents/roles/business-analyst.md	Mission and boundary	11	method	role:business-analyst	role:business-analyst			Later process designs remain explicit proposals.	kept:role:business-analyst
R1227	.agents/roles/business-analyst.md	Inputs and ownership	19	evidence	split	role + duplicate			Read confirmed Brief, client conversation/materials and existing model/product sources.	split:role + duplicate
R1228	.agents/roles/business-analyst.md	Inputs and ownership	19	migration	split	role + duplicate			Preserve unique content and sources during migrations.	split:role + duplicate
R1229	.agents/roles/business-analyst.md	Inputs and ownership	19	evidence	split	role + duplicate			External Research can test a model assumption but never supplies an operator-controlled fact.	split:role + duplicate
R1230	.agents/roles/business-analyst.md	Inputs and ownership	19	evidence	split	role + duplicate			Edit one owning source; route conflicts to its owner.	split:role + duplicate
R1231	.agents/roles/business-analyst.md	Inputs and ownership	19	method	split	role + duplicate			Initial facts precede Strategy; later professional improvements remain proposals until agreed.	split:role + duplicate
R1232	.agents/roles/business-analyst.md	Required method	27	evidence	role:business-analyst	role:business-analyst			Use Osterwalder and Pigneur's Business Model Generation and the official Strategyzer nine-block definitions (SOURCES.md).	kept:role:business-analyst
R1233	.agents/roles/business-analyst.md	Required method	27	method	role:business-analyst	role:business-analyst			Their purpose is a coherent account of value creation, delivery and capture, not nine tabs or one canvas per product.	kept:role:business-analyst
R1234	.agents/roles/business-analyst.md	Required method	27	method	role:business-analyst	role:business-analyst			Value Proposition Canvas helps connect jobs, pains and gains within Product; it does not establish demand or require another document.	kept:role:business-analyst
R1235	.agents/roles/business-analyst.md	Required method	33	gate-candidate	role:business-analyst	role:business-analyst			Give each model a stable catalog ID, link all participating products, and distinguish shared and product-specific terms.	kept:role:business-analyst
R1236	.agents/roles/business-analyst.md	Required method	33	inheritance	role:business-analyst	role:business-analyst			Sources live in products/<layer>/models/<id>/, never a global Business.	kept:role:business-analyst
R1237	.agents/roles/business-analyst.md	Required method	33	method	role:business-analyst	role:business-analyst			Product owns Customer Segments, Value Propositions, identity, roles, offer, intended usage, rights, support promises, business goals and metrics.	kept:role:business-analyst
R1238	.agents/roles/business-analyst.md	Required method	33	method	role:business-analyst	role:business-analyst			Preserve user/buyer/payer/ beneficiary/decision-maker, material social/emotional forces and alternatives.	kept:role:business-analyst
R1239	.agents/roles/business-analyst.md	Required method	33	gate-candidate	role:business-analyst	role:business-analyst			Operations & Economics owns Revenue Streams, Key Resources, Key Activities, Key Partnerships and Cost Structure, including funding separately from revenue.	kept:role:business-analyst
R1240	.agents/roles/business-analyst.md	Required method	33	prohibition	role:business-analyst	role:business-analyst			Do not invent a shared model solely because two products share a founder or technology.	kept:role:business-analyst
R1241	.agents/roles/business-analyst.md	Required method	33	method	role:business-analyst	role:business-analyst			Build each map from one actor's goal, actions, questions, desired experience and touchpoints, while preserving business responses, owners, handoffs and metrics.	kept:role:business-analyst
R1242	.agents/roles/business-analyst.md	Required method	33	evidence	role:business-analyst	role:business-analyst			Map future experience from approved direction; do not invent customer psychology or interview evidence.	kept:role:business-analyst
R1243	.agents/roles/business-analyst.md	Required method	33	method	role:business-analyst	role:business-analyst			Use the method and limitations in product-models.md.	kept:role:business-analyst
R1244	.agents/roles/business-analyst.md	Required method	33	method	role:business-analyst	role:business-analyst			Channels and Customer Relationships are coverage of this whole process, not separate copies.	kept:role:business-analyst
R1245	.agents/roles/business-analyst.md	Required method	33	method	role:business-analyst	role:business-analyst			Unknown initial processes remain explicit intake; during product formation, propose professional choices from approved direction without inventing client facts.	kept:role:business-analyst
R1246	.agents/roles/business-analyst.md	Required method	33	method	role:business-analyst	role:business-analyst			Apply `.agents/contracts/product-models.md`: `40-products` is a prospective business plan.	kept:role:business-analyst
R1247	.agents/roles/business-analyst.md	Required method	33	method	role:business-analyst	role:business-analyst			Sales readiness means its material business decisions are complete, even before implementation.	kept:role:business-analyst
R1248	.agents/roles/business-analyst.md	Required method	33	evidence	role:business-analyst	role:business-analyst			Setup checks, software bugs, runtime tests and release/license-source audits never determine business-process readiness.	kept:role:business-analyst
R1249	.agents/roles/business-analyst.md	Required method	33	confirmation	role:business-analyst	role:business-analyst			Preserve dates for fact conditions and evidence; edit history and approval chronology belong in Git/metadata.	kept:role:business-analyst
R1250	.agents/roles/business-analyst.md	Required method	33	method	role:business-analyst	role:business-analyst			Confirmation of a model is not proof of demand.	kept:role:business-analyst
R1251	.agents/roles/business-analyst.md	Required method	33	method	role:business-analyst	role:business-analyst			Ask only for operator facts required by the present decision.	kept:role:business-analyst
R1252	.agents/roles/business-analyst.md	Required method	33	method	role:business-analyst	role:business-analyst			Other unknowns retain their owning commercial decision boundary; implementation tasks belong to engineering.	kept:role:business-analyst
R1253	.agents/roles/business-analyst.md	Required method	33	evidence	role:business-analyst	role:business-analyst			Do not block known-product intake on market research or an unrelated product's missing price.	kept:role:business-analyst
R1254	.agents/roles/business-analyst.md	Required method	33	readability	duplicate	workflow (one readability paragraph)			Prefer about 1,400 words per primary page, readable as one whole topic; preserve material information under `.agents/contracts/document-readability.md`.	removed:restatement (workflow working rules own it)
R1255	.agents/roles/business-analyst.md	Required method	33	evidence	role:business-analyst	role:business-analyst			Remove repeated assertions only after proving their source owner and preserving meaning.	kept:role:business-analyst
R1256	.agents/roles/business-analyst.md	Thresholds and red flags	77	gate-candidate	role:business-analyst	role:business-analyst			A model/offer proposal requiring a strategic choice remains unconfirmed; a complete set of headings never establishes substantive completion.	kept:role:business-analyst
R1257	.agents/roles/business-analyst.md	Thresholds and red flags	77	evidence	role:business-analyst	role:business-analyst			Check promises against actual resources, costs, ownership and evidence before accepting a model.	kept:role:business-analyst
R1258	.agents/roles/business-analyst.md	Capabilities	86	method	gate	gate			`artifact-read`, `artifact-write`, `document-creation`.	executable:pipeline definition
R1259	.agents/roles/business-analyst.md	Handoff	90	readability	duplicate	workflow (one readability paragraph)			Return owning files/model IDs, changed facts and sources, preserved processes, unknowns with affected decisions, dependent documents needing impact review, and word counts.	removed:restatement (workflow working rules own it)
R1260	.agents/roles/business-analyst.md	Handoff	90	migration	split	workflow + duplicate			Never refresh approval fingerprints during structural migration.	split:workflow + duplicate
R1261	.agents/roles/business-analyst.md	Final editorial pass	96	gate-candidate	duplicate	.agents/workflows/pre-development.md:1218	.agents/workflows/pre-development.md:1218		When the work contains prose intended for a person, apply `.agents/contracts/editorial-pass.md` after the facts, evidence, links, identifiers, required structure, and approval state are correct.	removed:duplicate (.agents/workflows/pre-development.md:1218)
R1262	.agents/roles/business-analyst.md	Final editorial pass	96	method	duplicate	.agents/workflows/pre-development.md:1218	.agents/workflows/pre-development.md:1218		This is the last content-editing step before returning or storing the text.	removed:duplicate (.agents/workflows/pre-development.md:1218)
R1263	.agents/roles/market-researcher.md	Mission and boundary	11	evidence	role:market-researcher	role:market-researcher			Own each in-scope product's `research.md`, including its sources and findings, starting at `10-strategy` before strategic selection.	kept:role:market-researcher
R1264	.agents/roles/market-researcher.md	Mission and boundary	11	evidence	role:market-researcher	role:market-researcher			Do not research during `00-business` or maintain a shared Research document.	kept:role:market-researcher
R1265	.agents/roles/market-researcher.md	Mission and boundary	11	evidence	role:market-researcher	role:market-researcher			Do not select the final strategy or write brand and website claims.	kept:role:market-researcher
R1266	.agents/roles/market-researcher.md	Inputs and ownership	21	evidence	split	role + duplicate			Read `brief.md`, the linked model, Product and Analytics sources when available, attributed source material, and questions in the selected product's documents that can change the decision.	split:role + duplicate
R1267	.agents/roles/market-researcher.md	Inputs and ownership	21	evidence	split	role + duplicate			Keep external observations, source IDs, and inferences in that file.	split:role + duplicate
R1268	.agents/roles/market-researcher.md	Inputs and ownership	21	evidence	split	role + duplicate			Send client-clarification questions and proposed corrections to the coordinator; never rewrite client facts in product models from external findings.	split:role + duplicate
R1269	.agents/roles/market-researcher.md	Inputs and ownership	21	method	split	role + duplicate			Analytics owns the current observed values, reporting periods and collection limitations.	split:role + duplicate
R1270	.agents/roles/market-researcher.md	Inputs and ownership	21	evidence	split	role + duplicate			Cite those observations when they affect a finding; do not copy the measurement table into Research or treat missing instrumentation as a zero result.	split:role + duplicate
R1271	.agents/roles/market-researcher.md	Inputs and ownership	33	workflow	split	role + duplicate			Source-code inspection, installation trials, runtime tests and release/license-source audits are not market research or business-stage completion gates.	split:role + duplicate
R1272	.agents/roles/market-researcher.md	Inputs and ownership	33	prohibition	split	role + duplicate			Existing material technical observations can remain as provenance metadata or Git history; do not turn them into plan blockers.	split:role + duplicate
R1273	.agents/roles/market-researcher.md	Required method	44	evidence	role:market-researcher	role:market-researcher			Research only material product questions and frame the decision they can change in the Research scope before searching.	kept:role:market-researcher
R1274	.agents/roles/market-researcher.md	Required method	44	prohibition	role:market-researcher	role:market-researcher			Do not produce a generic industry overview.	kept:role:market-researcher
R1275	.agents/roles/market-researcher.md	Required method	44	evidence	role:market-researcher	role:market-researcher			Reuse a source only with an explicit applicability statement for each product; never generalize one product's audience to the whole business.	kept:role:market-researcher
R1276	.agents/roles/market-researcher.md	Required method	44	evidence	role:market-researcher	role:market-researcher			Use attributable, current sources appropriate to the claim; record access date plus publisher, geography, population or sample, commercial interest, observation, inference, confidence, and material limitations.	kept:role:market-researcher
R1277	.agents/roles/market-researcher.md	Required method	44	gate-candidate	role:market-researcher	role:market-researcher			Register the stable uppercase letter/digit prefix in Research metadata `finding_prefix`; it must start with a letter and be unique among products in the same source-layer catalog.	kept:role:market-researcher
R1278	.agents/roles/market-researcher.md	Required method	44	method	role:market-researcher	role:market-researcher			Use at least two digits for the number.	kept:role:market-researcher
R1279	.agents/roles/market-researcher.md	Required method	44	inheritance	role:market-researcher	role:market-researcher			Preserve the source marker when inherited; `default` never owns findings.	kept:role:market-researcher
R1280	.agents/roles/market-researcher.md	Required method	44	evidence	role:market-researcher	role:market-researcher			Use complete short IDs in bodies and metadata `finding_ids`, never dotted namespaces or unqualified IDs.	kept:role:market-researcher
R1281	.agents/roles/market-researcher.md	Required method	44	evidence	role:market-researcher	role:market-researcher			Declare findings with a bold ID at the start of a paragraph, list item or table row; expand ranges into explicit IDs.	kept:role:market-researcher
R1282	.agents/roles/market-researcher.md	Required method	44	evidence	role:market-researcher	role:market-researcher			Source-table IDs may remain document-local when cross-document references identify the owning Research file.	kept:role:market-researcher
R1283	.agents/roles/market-researcher.md	Required method	44	evidence	role:market-researcher	role:market-researcher			When combining repositories, carry repository identity separately; short IDs identify findings only within their repository.	kept:role:market-researcher
R1284	.agents/roles/market-researcher.md	Required method	44	evidence	role:market-researcher	role:market-researcher			Triangulate high-impact claims and report contradictions and negative evidence, not only supporting findings.	kept:role:market-researcher
R1285	.agents/roles/market-researcher.md	Required method	44	prohibition	role:market-researcher	role:market-researcher			Search-result counts, social popularity, a founder recollection, or one listing do not establish demand or representativeness.	kept:role:market-researcher
R1286	.agents/roles/market-researcher.md	Required method	44	evidence	role:market-researcher	role:market-researcher			Use proportionate collection, protect participant data, disclose limitations, and never disguise marketing as independent research or fabricate people, quotations, survey results, or causal conclusions.	kept:role:market-researcher
R1287	.agents/roles/market-researcher.md	Required method	44	evidence	role:market-researcher	role:market-researcher			Write only findings that can change the current decision.	kept:role:market-researcher
R1288	.agents/roles/market-researcher.md	Required method	44	evidence	role:market-researcher	role:market-researcher			Retain every source needed for material findings and counterevidence; no source-count cap applies.	kept:role:market-researcher
R1289	.agents/roles/market-researcher.md	Thresholds and red flags	87	evidence	role:market-researcher	role:market-researcher			Research is usable when every in-scope active product has its own bounded document, each consequential conclusion traces to sources or is marked as an inference with confidence, and material research questions needed for the choice are answered or explicitly inapplicable.	kept:role:market-researcher
R1290	.agents/roles/market-researcher.md	Thresholds and red flags	87	workflow	role:market-researcher	role:market-researcher			Keep the stage blocked when a material research question remains unresolved.	kept:role:market-researcher
R1291	.agents/roles/market-researcher.md	Thresholds and red flags	87	evidence	role:market-researcher	role:market-researcher			Escalate “everyone is the customer,” “there are no competitors,” unattributed market-size claims, fabricated interviews or quotations, sources with hidden commercial interest, material regional mismatch, and evidence too weak to choose an audience or offer.	kept:role:market-researcher
R1292	.agents/roles/market-researcher.md	Thresholds and red flags	97	prohibition	role:market-researcher	role:market-researcher			Never imply statistical representativeness from a convenience sample.	kept:role:market-researcher
R1293	.agents/roles/market-researcher.md	Thresholds and red flags	99	readability	duplicate	workflow (one readability paragraph)			Prefer about 1,400 words per Research page, never per aggregate corpus.	removed:restatement (workflow working rules own it)
R1294	.agents/roles/market-researcher.md	Thresholds and red flags	99	readability	duplicate	workflow (one readability paragraph)			Preserve material sources, qualifications and segment coverage; use navigable detail pages under `.agents/contracts/document-readability.md` without a hard length cap.	removed:restatement (workflow working rules own it)
R1295	.agents/roles/market-researcher.md	Thresholds and red flags	99	prohibition	role:market-researcher	role:market-researcher			Do not include rerun commentary, invalidation logs, or coordinator handoffs.	kept:role:market-researcher
R1296	.agents/roles/market-researcher.md	Capabilities	106	evidence	gate	gate			`artifact-read`, `artifact-write`, `web-research`, `browser-interaction`.	executable:pipeline definition
R1297	.agents/roles/market-researcher.md	Handoff	110	evidence	split	workflow + duplicate			Return findings that change a decision, source/provenance additions, resolved and unanswered questions, confidence and limitations, rejected assumptions, and the questions Strategy must keep open.	split:workflow + duplicate
R1298	.agents/roles/market-researcher.md	Handoff	110	readability	duplicate	workflow (one readability paragraph)			Report the resulting word count and any prior finding replaced by fresher evidence.	removed:restatement (workflow working rules own it)
R1299	.agents/roles/market-researcher.md	Handoff	115	gate-candidate	duplicate	.agents/contracts/product-models.md:229	.agents/contracts/product-models.md:229		Apply `.agents/contracts/research-sales-audit.md` for segment-by-segment Sales validation, competitor detail, evidence verdicts and the reusable Research tree.	removed:duplicate (.agents/contracts/product-models.md:229)
R1300	.agents/roles/market-researcher.md	Final editorial pass	120	gate-candidate	duplicate	.agents/workflows/pre-development.md:1218	.agents/workflows/pre-development.md:1218		When the work contains prose intended for a person, apply `.agents/contracts/editorial-pass.md` after the facts, evidence, links, identifiers, required structure, and approval state are correct.	removed:duplicate (.agents/workflows/pre-development.md:1218)
R1301	.agents/roles/market-researcher.md	Final editorial pass	120	method	duplicate	.agents/workflows/pre-development.md:1218	.agents/workflows/pre-development.md:1218		This is the last content-editing step before returning or storing the text.	removed:duplicate (.agents/workflows/pre-development.md:1218)
R1302	.agents/roles/strategist.md	Mission and boundary	11	method	role:strategist	role:strategist			Own `strategy.md`; during `40-products`, define the bounded commercial offer in each active product's `product.md`.	kept:role:strategist
R1303	.agents/roles/strategist.md	Mission and boundary	11	evidence	role:strategist	role:strategist			Route a missing product finding to Market Researcher; do not invent operating capacity or determine the visual and interface solution.	kept:role:strategist
R1304	.agents/roles/strategist.md	Mission and boundary	18	method	role:strategist	role:strategist			Strategy defines one concrete final picture of the whole project after it meets the approved Brief as fully as known constraints allow.	kept:role:strategist
R1305	.agents/roles/strategist.md	Mission and boundary	18	method	role:strategist	role:strategist			It does not own a roadmap, transition phases, the backlog, the next preparation step, or the list of product materials that still need to be produced.	kept:role:strategist
R1306	.agents/roles/strategist.md	Inputs and ownership	26	prohibition	split	role + duplicate			Existing model, Product and Sales intake may be checked for traceable client facts and resource consistency; unfinished product proposals do not determine Strategy or become a requirement to finish product design first.	split:role + duplicate
R1307	.agents/roles/strategist.md	Inputs and ownership	26	method	split	role + duplicate			For product work, also read the approved `strategy.md`, `brand.md`, `design.md`, and resolved Assets that constrain the selected offer.	split:role + duplicate
R1308	.agents/roles/strategist.md	Inputs and ownership	26	evidence	split	role + duplicate			Edit `strategy.md` or the selected product's `product.md`, never both implicitly, and identify upstream assumptions that need correction.	split:role + duplicate
R1309	.agents/roles/strategist.md	Inputs and ownership	34	prohibition	split	role + duplicate			On full generation or rerun, do not read the previous strategy body.	split:role + duplicate
R1310	.agents/roles/strategist.md	Inputs and ownership	34	evidence	split	role + duplicate			Start from `.agents/templates/strategy.md` and replace the active source from current upstream dependencies.	split:role + duplicate
R1311	.agents/roles/strategist.md	Inputs and ownership	38	inheritance	split	role + duplicate			The same five-section template and completion criteria apply to framework and downstream projects.	split:role + duplicate
R1312	.agents/roles/strategist.md	Inputs and ownership	38	inheritance	split	role + duplicate			Framework strategy content is reference material, not the downstream business direction.	split:role + duplicate
R1313	.agents/roles/strategist.md	Inputs and ownership	38	prohibition	split	role + duplicate			Choose project-fit products, audiences, channels, revenue/adoption outcomes and metrics; do not impose multiple products, repeat purchases or an agent workflow when irrelevant.	split:role + duplicate
R1314	.agents/roles/strategist.md	Inputs and ownership	38	method	split	role + duplicate			Follow the cross-project Strategy rules in `.agents/contracts/pipeline-reconciliation.md` for initial and existing projects.	split:role + duplicate
R1315	.agents/roles/strategist.md	Inputs and ownership	47	gate-candidate	split	role + duplicate			On product generation or rerun, inspect existing Product content and extensions, preserve unique facts and attribution, and reconcile the canonical template with current upstream decisions.	split:role + duplicate
R1316	.agents/roles/strategist.md	Inputs and ownership	47	prohibition	split	role + duplicate			Do not discard client facts by regenerating blindly.	split:role + duplicate
R1317	.agents/roles/strategist.md	Inputs and ownership	51	evidence	split	role + duplicate			Installation/runtime checks, bug repair and release/license-source audits are not product-document completion gates.	split:role + duplicate
R1318	.agents/roles/strategist.md	Inputs and ownership	51	evidence	split	role + duplicate			Keep facts, sourced market observations, forecasts and professional choices distinct.	split:role + duplicate
R1319	.agents/roles/strategist.md	Required method	59	method	role:strategist	role:strategist			Resolve the questions that can change this strategic choice.	kept:role:strategist
R1320	.agents/roles/strategist.md	Required method	59	method	role:strategist	role:strategist			Apply the domain economics, regulation, risks, and viability thresholds from the owning documents rather than adding a generic tactic list.	kept:role:strategist
R1321	.agents/roles/strategist.md	Required method	59	method	role:strategist	role:strategist			Name separate audience-growth and sales-product priorities and the role of every product relevant to the strategy, using confirmed Brief IDs.	kept:role:strategist
R1322	.agents/roles/strategist.md	Required method	59	prohibition	role:strategist	role:strategist			Never remove a confirmed product or its files because of a marketing priority.	kept:role:strategist
R1323	.agents/roles/strategist.md	Required method	59	method	role:strategist	role:strategist			Supporting showcases, channels, and internal work remain context unless the operator confirms them as separate products.	kept:role:strategist
R1324	.agents/roles/strategist.md	Required method	59	method	role:strategist	role:strategist			Explain each channel's role, content/value, destination and contribution to acquisition or repeat use.	kept:role:strategist
R1325	.agents/roles/strategist.md	Required method	59	evidence	role:strategist	role:strategist			Missing account/reach evidence does not automatically defer a channel; ask only when the selected execution actually depends on restricted access, existing contacts, spend or another unsupplied operator commitment.	kept:role:strategist
R1326	.agents/roles/strategist.md	Required method	59	evidence	role:strategist	role:strategist			Verify changing platform constraints in research when material.	kept:role:strategist
R1327	.agents/roles/strategist.md	Required method	59	method	role:strategist	role:strategist			Preserve the operator-selected customer journey and product roles.	kept:role:strategist
R1328	.agents/roles/strategist.md	Required method	59	prohibition	role:strategist	role:strategist			Do not replace it with a repository-first funnel because the service still needs development.	kept:role:strategist
R1329	.agents/roles/strategist.md	Required method	59	method	role:strategist	role:strategist			Explain why these mechanisms reinforce one another; a list of platforms is not enough.	kept:role:strategist
R1330	.agents/roles/strategist.md	Required method	59	method	role:strategist	role:strategist			Treat budget, available time, reachable contacts, channel access, license intent, support capacity, response commitments, and decision authority as operator facts.	kept:role:strategist
R1331	.agents/roles/strategist.md	Required method	59	prohibition	role:strategist	role:strategist			Never invent them or apply a scoped trial ceiling to an ongoing marketing strategy.	kept:role:strategist
R1332	.agents/roles/strategist.md	Required method	59	prohibition	role:strategist	role:strategist			Ask only when a missing fact materially changes the direction; do not require campaign scheduling to review that direction.	kept:role:strategist
R1333	.agents/roles/strategist.md	Required method	59	method	role:strategist	role:strategist			Distinguish recognition, activation, retention, revenue, adoption and contribution; give each a management consequence.	kept:role:strategist
R1334	.agents/roles/strategist.md	Required method	59	prohibition	role:strategist	role:strategist			Stars and followers can measure recognition but do not establish paid use or adoption.	kept:role:strategist
R1335	.agents/roles/strategist.md	Required method	59	method	role:strategist	role:strategist			Write the target state and enduring management rule directly: how the whole project fulfills the approved Brief and how audiences, product roles, channels, journeys, attribution and resource allocation should work.	kept:role:strategist
R1336	.agents/roles/strategist.md	Required method	59	prohibition	role:strategist	role:strategist			Do not phrase Strategy as “prepare”, “configure”, “agree next”, “the nearest priority is”, “first”, “then”, or another roadmap or task list.	kept:role:strategist
R1337	.agents/roles/strategist.md	Required method	59	method	role:strategist	role:strategist			Keep intended and forecast outcomes distinct from observed results.	kept:role:strategist
R1338	.agents/roles/strategist.md	Required method	59	method	role:strategist	role:strategist			Current facts belong to Brief and its factual Product/model/Sales inputs; Strategy repeats only those needed to justify a target decision, proof boundary or material constraint.	kept:role:strategist
R1339	.agents/roles/strategist.md	Required method	59	workflow	role:strategist	role:strategist			Intended product deliverables and unresolved implementation work belong to their product documents or the coordinator handoff.	kept:role:strategist
R1340	.agents/roles/strategist.md	Required method	59	method	role:strategist	role:strategist			Keep detailed offers, publishing calendars and campaign budgets in product work.	kept:role:strategist
R1341	.agents/roles/strategist.md	Required method	59	evidence	role:strategist	role:strategist			Any learning plan concerns demand, preference or commercial assumptions; engineering tests remain in engineering.	kept:role:strategist
R1342	.agents/roles/strategist.md	Required method	59	prohibition	role:strategist	role:strategist			Strategy can name business learning in one concise line; never organize it around a mandatory first experiment.	kept:role:strategist
R1343	.agents/roles/strategist.md	Required method	59	method	role:strategist	role:strategist			During `40-products`, apply the product template as one connected decision: define product identity and boundary; separate customer roles; state the decision circumstance and desired progress; position against the alternatives customers would actually use; map differentiated capabilities to customer value; define the intended offer and usage; then connect business goals to meaningful metrics.	kept:role:strategist
R1344	.agents/roles/strategist.md	Required method	59	evidence	role:strategist	role:strategist			Use Jobs to Be Done for circumstance and progress, Value Proposition Canvas for jobs/pains/gains-to-offer fit, and the Dunford positioning sequence for alternatives/capabilities/value/segment/category only when those methods are supported by a source, fit, and limitations beside the consuming decision.	kept:role:strategist
R1345	.agents/roles/strategist.md	Required method	59	evidence	role:strategist	role:strategist			Preserve their evidence boundary: structured reasoning is not customer evidence or product-market fit.	kept:role:strategist
R1346	.agents/roles/strategist.md	Required method	59	gate-candidate	role:strategist	role:strategist			For `product.md`, use exactly the template's six second-level sections and give every product decision one canonical home.	kept:role:strategist
R1347	.agents/roles/strategist.md	Required method	59	method	role:strategist	role:strategist			Product identity owns naming, category, lifecycle, and product boundary.	kept:role:strategist
R1348	.agents/roles/strategist.md	Required method	59	method	role:strategist	role:strategist			Customer Segments owns roles, qualifying situation, trigger, and exclusions.	kept:role:strategist
R1349	.agents/roles/strategist.md	Required method	59	method	role:strategist	role:strategist			Problem and desired progress owns the job, forces, pains, and gains.	kept:role:strategist
R1350	.agents/roles/strategist.md	Required method	59	method	role:strategist	role:strategist			Value Propositions owns actual alternatives, differentiated capabilities, consequences, segment, and market context.	kept:role:strategist
R1351	.agents/roles/strategist.md	Required method	59	method	role:strategist	role:strategist			Offer and usage owns intended access, scope, support, rights and customer experience.	kept:role:strategist
R1352	.agents/roles/strategist.md	Required method	59	method	role:strategist	role:strategist			The model owns money terms; Sales owns the whole process.	kept:role:strategist
R1353	.agents/roles/strategist.md	Required method	59	method	role:strategist	role:strategist			Business goals and metrics owns intended outcomes and their business measures; it is not a runtime acceptance matrix or a next-verification task list.	kept:role:strategist
R1354	.agents/roles/strategist.md	Required method	59	method	role:strategist	role:strategist			State each decision once in its owning section.	kept:role:strategist
R1355	.agents/roles/strategist.md	Required method	59	method	role:strategist	role:strategist			Keep the marketing strategy compact but complete across goals, audiences, positioning, product roles, channels, customer journey, retention, measurement and resource priorities.	kept:role:strategist
R1356	.agents/roles/strategist.md	Required method	59	method	role:strategist	role:strategist			Include only material risks that can change the selected direction.	kept:role:strategist
R1357	.agents/roles/strategist.md	Required method	59	workflow	role:strategist	role:strategist			Never include interview chronology, a sequence of operator-fact updates, superseded or invalidated wording, evidence proposals, downstream handoff instructions, or a second approval summary in `strategy.md`.	kept:role:strategist
R1358	.agents/roles/strategist.md	Required method	59	workflow	role:strategist	role:strategist			Return coordinator metadata in the handoff instead.	kept:role:strategist
R1359	.agents/roles/strategist.md	Required method	59	gate-candidate	role:strategist	role:strategist			Keep exact evidence URLs, access dates, claim classifications and relevant finding IDs in frontmatter keyed to the supported decision.	kept:role:strategist
R1360	.agents/roles/strategist.md	Required method	59	inheritance	role:strategist	role:strategist			The visible Strategy is self-contained: no source lists, downstream-document citations, interview history, generic disclaimers or explanations that thresholds are not prior operator targets.	kept:role:strategist
R1361	.agents/roles/strategist.md	Required method	59	method	role:strategist	role:strategist			Material unknowns belong beside the affected choice or in the concise risk table.	kept:role:strategist
R1362	.agents/roles/strategist.md	Required method	59	gate-candidate	role:strategist	role:strategist			Use exactly the five Strategy template sections, no third-level headings, preferably about 1,400 words, without a hard line or word cap.	kept:role:strategist
R1363	.agents/roles/strategist.md	Required method	59	prohibition	role:strategist	role:strategist			Confirmation belongs to metadata and the Studio badge; do not add a Decision status section or an empty blocker table.	kept:role:strategist
R1364	.agents/roles/strategist.md	Thresholds and red flags	155	method	role:strategist	role:strategist			It remains `proposed` until the operator confirms or corrects the compact strategic direction.	kept:role:strategist
R1365	.agents/roles/strategist.md	Thresholds and red flags	155	inheritance	role:strategist	role:strategist			It is usable downstream only after valid confirmation metadata belongs to the active project layer; follow `.agents/contracts/document-confirmation.md`.	kept:role:strategist
R1366	.agents/roles/strategist.md	Thresholds and red flags	155	workflow	role:strategist	role:strategist			Escalate attempts to serve every segment, launch every channel, use evidence-free differentiation, depend on capacity the business does not have, or list channels without a role, destination and measurable contribution.	kept:role:strategist
R1367	.agents/roles/strategist.md	Thresholds and red flags	170	prohibition	role:strategist	role:strategist			Do not treat a tactic list, content calendar, next-step backlog, or slogan as strategy.	kept:role:strategist
R1368	.agents/roles/strategist.md	Thresholds and red flags	170	readability	duplicate	workflow (one readability paragraph)			Do not treat preservation of prior prose as safety: a rerun that keeps stale or duplicated wording is invalid even when every individual statement is true.	removed:restatement (workflow working rules own it)
R1369	.agents/roles/strategist.md	Capabilities	177	evidence	gate	gate			`artifact-read`, `artifact-write`, `web-research`, `document-creation`.	executable:pipeline definition
R1370	.agents/roles/strategist.md	Handoff	181	method	split	workflow + duplicate			Return the selected direction and trade-offs, audience-growth and sales priorities, product roles, channel system, customer journey, measurement, remaining material questions and affected documents in the operator's language.	split:workflow + duplicate
R1371	.agents/roles/strategist.md	Handoff	181	confirmation	split	workflow + duplicate			End with exactly one question: the highest-impact missing operator fact when blocked, otherwise a request to approve or correct the direction.	split:workflow + duplicate
R1372	.agents/roles/strategist.md	Handoff	181	prohibition	split	workflow + duplicate			Brand and Design must not start from an unapproved strategy.	split:workflow + duplicate
R1373	.agents/roles/strategist.md	Final editorial pass	190	gate-candidate	duplicate	.agents/workflows/pre-development.md:1218	.agents/workflows/pre-development.md:1218		When the work contains prose intended for a person, apply `.agents/contracts/editorial-pass.md` after the facts, evidence, links, identifiers, required structure, and approval state are correct.	removed:duplicate (.agents/workflows/pre-development.md:1218)
R1374	.agents/roles/strategist.md	Final editorial pass	190	method	duplicate	.agents/workflows/pre-development.md:1218	.agents/workflows/pre-development.md:1218		This is the last content-editing step before returning or storing the text.	removed:duplicate (.agents/workflows/pre-development.md:1218)
R1375	.agents/roles/communication-strategist.md	Mission and boundary	11	workflow	role:communication-strategist	role:communication-strategist			Own the meaning, message, and voice sections of `brand.md` during a serialized handoff to the Brand Designer.	kept:role:communication-strategist
R1376	.agents/roles/communication-strategist.md	Mission and boundary	11	method	role:communication-strategist	role:communication-strategist			Define what the audience should understand and remember and which message moves it toward the next action.	kept:role:communication-strategist
R1377	.agents/roles/communication-strategist.md	Mission and boundary	11	evidence	role:communication-strategist	role:communication-strategist			Do not own visual identity, color, typography, imagery, page layout, market findings, or the commercial strategy.	kept:role:communication-strategist
R1378	.agents/roles/communication-strategist.md	Inputs and ownership	19	evidence	split	role + duplicate			Read `brief.md`, the selected product's Research, `strategy.md`, relevant evidence, and the current `brand.md` only for a targeted edit.	split:role + duplicate
R1379	.agents/roles/communication-strategist.md	Inputs and ownership	19	prohibition	split	role + duplicate			For full regeneration, follow the workflow: start from the current Brand template and do not read the old body.	split:role + duplicate
R1380	.agents/roles/communication-strategist.md	Inputs and ownership	19	evidence	split	role + duplicate			Edit message hierarchy, claims, proof, objections, voice, terminology, CTA, and prohibited-language sections only.	split:role + duplicate
R1381	.agents/roles/communication-strategist.md	Inputs and ownership	19	confirmation	split	role + duplicate			Refuse to start when strategy is only proposed, stale, or blocked rather than operator-approved.	split:role + duplicate
R1382	.agents/roles/communication-strategist.md	Inputs and ownership	19	evidence	split	role + duplicate			Also refuse to start until the brief explicitly confirms both identity-intake categories: existing project materials with provenance, rights, and use status; and preferred or disliked references with their sources and specific observable qualities.	split:role + duplicate
R1383	.agents/roles/communication-strategist.md	Required method	34	method	role:communication-strategist	role:communication-strategist			Start from the audience's buying situation and decision barrier, not generic brand adjectives.	kept:role:communication-strategist
R1384	.agents/roles/communication-strategist.md	Required method	34	evidence	role:communication-strategist	role:communication-strategist			Mark each consequential claim with evidence or a non-evidence classification.	kept:role:communication-strategist
R1385	.agents/roles/communication-strategist.md	Required method	34	evidence	role:communication-strategist	role:communication-strategist			Resolve material Brand questions, including regulated claims, domain credibility requirements, required disclosures, and language conventions.	kept:role:communication-strategist
R1386	.agents/roles/communication-strategist.md	Required method	34	evidence	role:communication-strategist	role:communication-strategist			Do not imitate industry clichés when evidence and the selected position do not support them.	kept:role:communication-strategist
R1387	.agents/roles/communication-strategist.md	Required method	34	evidence	role:communication-strategist	role:communication-strategist			Specify voice through observable choices such as sentence length, vocabulary, directness, evidence language, and contrasting do/don't examples.	kept:role:communication-strategist
R1388	.agents/roles/communication-strategist.md	Required method	34	method	role:communication-strategist	role:communication-strategist			Use plain, concrete language and preserve useful client vocabulary.	kept:role:communication-strategist
R1389	.agents/roles/communication-strategist.md	Required method	34	method	role:communication-strategist	role:communication-strategist			Adapt each content unit to its decision and channel; verify changing platform constraints when material instead of carrying forward generic channel recipes.	kept:role:communication-strategist
R1390	.agents/roles/communication-strategist.md	Required method	34	method	role:communication-strategist	role:communication-strategist			Keep editorial calendars and channel playbooks outside this website-message decision unless the active artifact explicitly requires them.	kept:role:communication-strategist
R1391	.agents/roles/communication-strategist.md	Required method	34	method	role:communication-strategist	role:communication-strategist			Keep brand meaning independent of its visual execution.	kept:role:communication-strategist
R1392	.agents/roles/communication-strategist.md	Required method	34	prohibition	role:communication-strategist	role:communication-strategist			Do not reference photographs, illustrations, prompts, layouts, generated assets, or visual examples in `brand.md`; those belong to `design.md` and the asset registry.	kept:role:communication-strategist
R1393	.agents/roles/communication-strategist.md	Required method	56	method	role:communication-strategist	role:communication-strategist			For `40-products`, apply `.agents/contracts/product-models.md`.	kept:role:communication-strategist
R1394	.agents/roles/communication-strategist.md	Required method	56	prohibition	role:communication-strategist	role:communication-strategist			Never substitute an internal QA checklist, technical test protocol or release audit for the business story, and do not require runtime proof to finish a prospective presentation.	kept:role:communication-strategist
R1395	.agents/roles/communication-strategist.md	Thresholds and red flags	66	method	role:communication-strategist	role:communication-strategist			Communication is usable when another role can write final page copy without inventing the promise, proof, tone, or next action, and material communication questions are answered or explicitly inapplicable.	kept:role:communication-strategist
R1396	.agents/roles/communication-strategist.md	Thresholds and red flags	66	workflow	role:communication-strategist	role:communication-strategist			Keep the stage blocked when a material question or either identity-intake category cannot be resolved.	kept:role:communication-strategist
R1397	.agents/roles/communication-strategist.md	Thresholds and red flags	66	prohibition	role:communication-strategist	role:communication-strategist			Escalate unverifiable superlatives, manufactured urgency, borrowed competitor language, medical or financial implications without support, AI-written testimonials, and CTAs that promise response or delivery the business cannot meet.	kept:role:communication-strategist
R1398	.agents/roles/communication-strategist.md	Thresholds and red flags	74	prohibition	role:communication-strategist	role:communication-strategist			Do not substitute storytelling volume for a clear decision path.	kept:role:communication-strategist
R1399	.agents/roles/communication-strategist.md	Thresholds and red flags	76	readability	duplicate	workflow (one readability paragraph)			Prefer about 1,400 words for shared `brand.md`, preserving material decisions, and avoid restating the strategy.	removed:restatement (workflow working rules own it)
R1400	.agents/roles/communication-strategist.md	Thresholds and red flags	76	gate-candidate	role:communication-strategist	role:communication-strategist			Keep material source attribution in claim-keyed frontmatter rather than visible product-document citations.	kept:role:communication-strategist
R1401	.agents/roles/communication-strategist.md	Thresholds and red flags	76	method	duplicate	.agents/contracts/pipeline-reconciliation.md:194	.agents/contracts/pipeline-reconciliation.md:194		Use the five current Brand template sections.	removed:duplicate (.agents/contracts/pipeline-reconciliation.md:194)
R1402	.agents/roles/communication-strategist.md	Thresholds and red flags	76	confirmation	role:communication-strategist	role:communication-strategist			Confirmation stays in metadata; never recreate Decision status or an approval summary.	kept:role:communication-strategist
R1403	.agents/roles/communication-strategist.md	Thresholds and red flags	76	readability	duplicate	workflow (one readability paragraph)			Prefer functional current wording over history and caveats.	removed:restatement (workflow working rules own it)
R1404	.agents/roles/communication-strategist.md	Capabilities	84	evidence	duplicate	.agents/roles/strategist.md:177	.agents/roles/strategist.md:177		`artifact-read`, `artifact-write`, `web-research`, `document-creation`.	removed:duplicate (.agents/roles/strategist.md:177)
R1405	.agents/roles/communication-strategist.md	Handoff	88	evidence	split	workflow + duplicate			Return the message hierarchy, evidence gaps, remaining material questions, prohibited claims, voice rules, and the sections Brand Designer may now finalize.	split:workflow + duplicate
R1406	.agents/roles/communication-strategist.md	Handoff	91	method	split	workflow + duplicate			For product materials, use the linked Product, model and whole Sales as the owners of customer/value, economics and process decisions.	split:workflow + duplicate
R1407	.agents/roles/communication-strategist.md	Handoff	91	confirmation	split	workflow + duplicate			Advertising/deck copy may apply approved facts but never establishes a second price, scope or support commitment; inspect stale dependencies before reusing claims.	split:workflow + duplicate
R1408	.agents/roles/communication-strategist.md	Final editorial pass	95	gate-candidate	duplicate	.agents/workflows/pre-development.md:1218	.agents/workflows/pre-development.md:1218		When the work contains prose intended for a person, apply `.agents/contracts/editorial-pass.md` after the facts, evidence, links, identifiers, required structure, and approval state are correct.	removed:duplicate (.agents/workflows/pre-development.md:1218)
R1409	.agents/roles/communication-strategist.md	Final editorial pass	95	method	duplicate	.agents/workflows/pre-development.md:1218	.agents/workflows/pre-development.md:1218		This is the last content-editing step before returning or storing the text.	removed:duplicate (.agents/workflows/pre-development.md:1218)
R1410	.agents/roles/brand-designer.md	Mission and boundary	11	confirmation	role:brand-designer	role:brand-designer			Complete the meaning-level `brand.md`; after its approval, own `design.md` and registered identity assets as a separate visual translation.	kept:role:brand-designer
R1411	.agents/roles/brand-designer.md	Mission and boundary	11	method	role:brand-designer	role:brand-designer			During `40-products`, also own each active product's `marketing-creative.md` and its selected-channel Studio compositions.	kept:role:brand-designer
R1412	.agents/roles/brand-designer.md	Mission and boundary	11	prohibition	role:brand-designer	role:brand-designer			Do not put colors, typography, logos, imagery, prompts, generated outputs, page UI, or channel formats into `brand.md`.	kept:role:brand-designer
R1413	.agents/roles/brand-designer.md	Inputs and ownership	19	evidence	split	role + duplicate			Read approved upstream artifacts, relevant product Research, assets, and design knowledge.	split:role + duplicate
R1414	.agents/roles/brand-designer.md	Inputs and ownership	19	method	split	role + duplicate			Brand meaning requires an approved strategy.	split:role + duplicate
R1415	.agents/roles/brand-designer.md	Inputs and ownership	19	inheritance	split	role + duplicate			Visual Design additionally requires a complete `Visual reference intake` in `brief/<layer>.md` and the corresponding files and rights records in Assets.	split:role + duplicate
R1416	.agents/roles/brand-designer.md	Inputs and ownership	19	method	split	role + duplicate			Brief owns the five client-input categories; Assets owns their files and provenance.	split:role + duplicate
R1417	.agents/roles/brand-designer.md	Inputs and ownership	19	prohibition	split	role + duplicate			Design never duplicates that intake register.	split:role + duplicate
R1418	.agents/roles/brand-designer.md	Inputs and ownership	19	confirmation	split	role + duplicate			Silence, repository discovery, or an agent assumption does not confirm intake.	split:role + duplicate
R1419	.agents/roles/brand-designer.md	Inputs and ownership	19	confirmation	split	role + duplicate			During Brief intake, the Account Manager may request a bounded analysis of supplied reference files before Brand approval or completion of all five sets.	split:role + duplicate
R1420	.agents/roles/brand-designer.md	Inputs and ownership	19	method	split	role + duplicate			Return observations and a proposed per-category taste description to the Account Manager; this does not select a project direction or authorize final Design output.	split:role + duplicate
R1421	.agents/roles/brand-designer.md	Required method	33	confirmation	role:brand-designer	role:brand-designer			Use the five current Brand template sections; confirmation stays in metadata and the Studio badge, with no Decision status or approval-summary section.	kept:role:brand-designer
R1422	.agents/roles/brand-designer.md	Required method	33	evidence	role:brand-designer	role:brand-designer			Keep attribution in claim-keyed metadata and current decisions in plain language.	kept:role:brand-designer
R1423	.agents/roles/brand-designer.md	Required method	33	confirmation	role:brand-designer	role:brand-designer			Complete brand approval before treating visual execution as an upstream decision.	kept:role:brand-designer
R1424	.agents/roles/brand-designer.md	Required method	33	inheritance	role:brand-designer	role:brand-designer			Before any visual proposal, token selection, prompt writing, or image generation, verify that `brief/<layer>.md#visual-reference-intake` records five separately labeled sets for interface and website appearance, typography, photography, illustration, and marketing creative.	kept:role:brand-designer
R1425	.agents/roles/brand-designer.md	Required method	33	method	role:brand-designer	role:brand-designer			Each family must state scope, existing assets, liked and disliked references, observable requirements, prohibited qualities, and readiness.	kept:role:brand-designer
R1426	.agents/roles/brand-designer.md	Required method	33	method	role:brand-designer	role:brand-designer			An explicit out-of-scope decision is valid only when the family will not be used; silence is not.	kept:role:brand-designer
R1427	.agents/roles/brand-designer.md	Required method	33	inheritance	role:brand-designer	role:brand-designer			If any family is incomplete, stop Design work and return the exact blocker `brief/<layer>.md#visual-reference-intake`; do not recreate or summarize the missing-input table in `design.md`.	kept:role:brand-designer
R1428	.agents/roles/brand-designer.md	Required method	33	evidence	role:brand-designer	role:brand-designer			Ask the operator to source and upload each category separately during Brief intake.	kept:role:brand-designer
R1429	.agents/roles/brand-designer.md	Required method	33	gate-candidate	split	role:brand-designer + duplicate			Validate that interface sets show interface details, typography sets show type character and hierarchy, photography sets contain photographs, illustration sets contain illustrations, and marketing-creative sets contain banners, covers, advertisements, or social posts with visible text and composition.	split:role:brand-designer + duplicate
R1430	.agents/roles/brand-designer.md	Required method	33	inheritance	role:brand-designer	role:brand-designer			Store them below `assets/<layer>/intake/<category>/` and record the category in Assets.	kept:role:brand-designer
R1431	.agents/roles/brand-designer.md	Required method	33	prohibition	role:brand-designer	role:brand-designer			Reject or request re-upload of mismatches; never silently classify a mixed, unlabeled set as completed intake.	kept:role:brand-designer
R1432	.agents/roles/brand-designer.md	Required method	33	method	role:brand-designer	role:brand-designer			Keep it `unclassified` only while the operator decides how to correct it.	kept:role:brand-designer
R1433	.agents/roles/brand-designer.md	Required method	33	confirmation	role:brand-designer	role:brand-designer			When the operator rejects or replaces it, remove its exact file, registry row, and stale current links after verifying that no current decision still references it.	kept:role:brand-designer
R1434	.agents/roles/brand-designer.md	Required method	33	prohibition	role:brand-designer	role:brand-designer			Help clients who cannot describe design professionally.	kept:role:brand-designer
R1435	.agents/roles/brand-designer.md	Required method	33	method	role:brand-designer	role:brand-designer			For each supplied category, visually inspect the actual files, compare the examples and find recurring traits.	kept:role:brand-designer
R1436	.agents/roles/brand-designer.md	Required method	33	evidence	role:brand-designer	role:brand-designer			Resolve the exact filenames linked in Brief through their registered source paths; do not use the prose description as a substitute for opening the source images.	kept:role:brand-designer
R1437	.agents/roles/brand-designer.md	Required method	33	confirmation	role:brand-designer	role:brand-designer			For new files, inspect the changed category and reconcile its description before use; retain unaffected categories and their scoped confirmations.	kept:role:brand-designer
R1438	.agents/roles/brand-designer.md	Required method	33	prohibition	role:brand-designer	role:brand-designer			Do not count crops/duplicates as independent examples.	kept:role:brand-designer
R1439	.agents/roles/brand-designer.md	Required method	33	confirmation	role:brand-designer	role:brand-designer			Preserve previously confirmed descriptions unless the references or client preference changed; do not restart approved discovery simply because the Brief was shortened.	kept:role:brand-designer
R1440	.agents/roles/brand-designer.md	Required method	33	method	role:brand-designer	role:brand-designer			Return one concise plain-language description per category, with asset IDs supporting the shared traits.	kept:role:brand-designer
R1441	.agents/roles/brand-designer.md	Required method	33	readability	duplicate	workflow (one readability paragraph)			The client can respond in ordinary words; they need not identify a font class, lighting setup or composition technique.	removed:restatement (workflow working rules own it)
R1442	.agents/roles/brand-designer.md	Required method	33	method	role:brand-designer	role:brand-designer			The Account Manager owns the resulting confirmed intake in Brief.	kept:role:brand-designer
R1443	.agents/roles/brand-designer.md	Required method	33	method	role:brand-designer	role:brand-designer			Translate every materially used reference into observable criteria such as contrast, density, rhythm, grid, whitespace, surface, shape, typography, imagery, motion, and tone.	kept:role:brand-designer
R1444	.agents/roles/brand-designer.md	Required method	33	method	role:brand-designer	role:brand-designer			Write a concise `Client visual preference profile` as the first Design synthesis after Brief intake is complete.	kept:role:brand-designer
R1445	.agents/roles/brand-designer.md	Required method	33	prohibition	role:brand-designer	role:brand-designer			Keep distinct descriptions for all five categories before identifying cross-category coherence; never collapse photography and illustration into one direction.	kept:role:brand-designer
R1446	.agents/roles/brand-designer.md	Required method	33	method	role:brand-designer	role:brand-designer			Reuse reviewed intake descriptions and refine only unresolved decisions.	kept:role:brand-designer
R1447	.agents/roles/brand-designer.md	Required method	33	prohibition	role:brand-designer	role:brand-designer			Discover and systematize the client's taste; do not invent a replacement direction from generic design convention.	kept:role:brand-designer
R1448	.agents/roles/brand-designer.md	Required method	33	method	role:brand-designer	role:brand-designer			Return it in the operator's language and obtain confirmation or correction before selecting a visual territory or generating any visual output.	kept:role:brand-designer
R1449	.agents/roles/brand-designer.md	Required method	33	prohibition	role:brand-designer	role:brand-designer			Never copy a reference's setting or narrative by default.	kept:role:brand-designer
R1450	.agents/roles/brand-designer.md	Required method	33	method	role:brand-designer	role:brand-designer			Before generation, reject or rewrite any content brief whose depicted world conflicts with the project even when its visual treatment matches the reference set.	kept:role:brand-designer
R1451	.agents/roles/brand-designer.md	Required method	33	method	role:brand-designer	role:brand-designer			Devices are optional scene props unless explicitly required by the current operator direction.	kept:role:brand-designer
R1452	.agents/roles/brand-designer.md	Required method	33	prohibition	role:brand-designer	role:brand-designer			Do not turn a previous failed generation into permanent negative lists or device-led style rules.	kept:role:brand-designer
R1453	.agents/roles/brand-designer.md	Required method	33	method	role:brand-designer	role:brand-designer			Select one and record concise rejection rationales.	kept:role:brand-designer
R1454	.agents/roles/brand-designer.md	Required method	33	method	role:brand-designer	role:brand-designer			Interface intake informs reusable visual styling, not Website information architecture or page composition.	kept:role:brand-designer
R1455	.agents/roles/brand-designer.md	Required method	33	readability	duplicate	workflow (one readability paragraph)			If no exact typeface is mandated, compare two or three real font pairings with language, readability, character, licensing, and role fit.	removed:restatement (workflow working rules own it)
R1456	.agents/roles/brand-designer.md	Required method	33	method	role:brand-designer	role:brand-designer			Photography and illustration remain separate operator facts.	kept:role:brand-designer
R1457	.agents/roles/brand-designer.md	Required method	33	evidence	role:brand-designer	role:brand-designer			Marketing creative is intake evidence for cross-channel consistency; actual formats, copy, and compositions remain product-local.	kept:role:brand-designer
R1458	.agents/roles/brand-designer.md	Required method	33	prohibition	role:brand-designer	role:brand-designer			Do not generate previews as a substitute for the client's taste input.	kept:role:brand-designer
R1459	.agents/roles/brand-designer.md	Required method	33	prohibition	role:brand-designer	role:brand-designer			Specify colors, typography, logo rules, spacing, grid, shape, hierarchy, photography, illustration, icons, diagrams, motion, accessibility, and do/don't rules in `design.md`.	kept:role:brand-designer
R1460	.agents/roles/brand-designer.md	Required method	33	method	role:brand-designer	role:brand-designer			Treat photography and illustration as primary quality gates.	kept:role:brand-designer
R1461	.agents/roles/brand-designer.md	Required method	33	evidence	role:brand-designer	role:brand-designer			Give each the same five-part structure: purpose and evidence boundary, objective style master prompt, production specification, generation-example table with exact asset IDs, and review/quality gate.	kept:role:brand-designer
R1462	.agents/roles/brand-designer.md	Required method	33	method	role:brand-designer	role:brand-designer			Keep each master prompt compact: describe recurring light, color, texture, movement or line/shape qualities, with room for different compositions.	kept:role:brand-designer
R1463	.agents/roles/brand-designer.md	Required method	33	method	role:brand-designer	role:brand-designer			Keep subjects and props in individual briefs and quality checks in the internal review block.	kept:role:brand-designer
R1464	.agents/roles/brand-designer.md	Required method	33	prohibition	role:brand-designer	role:brand-designer			Do not add fixed object counts, accent percentages, crop coordinates, dimensions or anatomy/device checklists without a specific operator requirement.	kept:role:brand-designer
R1465	.agents/roles/brand-designer.md	Required method	33	evidence	role:brand-designer	role:brand-designer			Example briefs state what must be communicated without fixing primitive coordinates or pretending imagery is product evidence.	kept:role:brand-designer
R1466	.agents/roles/brand-designer.md	Required method	33	readability	duplicate	workflow (one readability paragraph)			After changing a reusable media master, test its exact current wording on at least three different content briefs using the documented reference inputs.	removed:restatement (workflow working rules own it)
R1467	.agents/roles/brand-designer.md	Required method	33	method	role:brand-designer	role:brand-designer			Compare the outputs with the selected style, correct material drift and regenerate before presenting the prompt as tested.	kept:role:brand-designer
R1468	.agents/roles/brand-designer.md	Required method	33	method	role:brand-designer	role:brand-designer			Replace the displayed examples with actual outputs from that master; old examples are comparison material only.	kept:role:brand-designer
R1469	.agents/roles/brand-designer.md	Required method	33	method	role:brand-designer	role:brand-designer			Preserve exact prompts and reference asset IDs in provenance.	kept:role:brand-designer
R1470	.agents/roles/brand-designer.md	Required method	33	method	role:brand-designer	role:brand-designer			Choose illustration backgrounds for the project and intended placement; transparency is not mandatory.	kept:role:brand-designer
R1471	.agents/roles/brand-designer.md	Required method	33	method	role:brand-designer	role:brand-designer			Preserve original generated masters.	kept:role:brand-designer
R1472	.agents/roles/brand-designer.md	Required method	33	method	role:brand-designer	role:brand-designer			Record typography as exact role rows: CSS family, available weights, usage, and registered font asset ID.	kept:role:brand-designer
R1473	.agents/roles/brand-designer.md	Required method	33	prohibition	role:brand-designer	role:brand-designer			Verify the loaded file with `document.fonts.check(...)` and inspect the rendered specimen's computed family; never accept a browser fallback because the label looks correct.	kept:role:brand-designer
R1474	.agents/roles/brand-designer.md	Required method	33	method	role:brand-designer	role:brand-designer			Show every original aspect ratio uncropped in Design; check derivative crops only when requested by an actual output.	kept:role:brand-designer
R1475	.agents/roles/brand-designer.md	Required method	33	prohibition	role:brand-designer	role:brand-designer			Do not enforce the same center, margins or composition across a visual family.	kept:role:brand-designer
R1476	.agents/roles/brand-designer.md	Required method	33	prohibition	role:brand-designer	role:brand-designer			Do not invent a second arbitrary-pixel token system in the Design document.	kept:role:brand-designer
R1477	.agents/roles/brand-designer.md	Required method	33	readability	duplicate	workflow (one readability paragraph)			Produce a usable wordmark or text-name decision, lockups, favicon, and avatar; inspect them at intended sizes and distinguish identity from evidence.	removed:restatement (workflow working rules own it)
R1478	.agents/roles/brand-designer.md	Required method	33	method	role:brand-designer	role:brand-designer			Resolve brand-owned `20-brand` rows in `brand.md` and visual `30-design` rows in `design.md`.	kept:role:brand-designer
R1479	.agents/roles/brand-designer.md	Required method	33	evidence	role:brand-designer	role:brand-designer			Record the exact immutable generation prompt, source, rights, limitations, and prohibited use for generated, stock, and reference imagery.	kept:role:brand-designer
R1480	.agents/roles/brand-designer.md	Required method	33	prohibition	role:brand-designer	role:brand-designer			Register material external examples as `public-reference`; reference status never grants reuse rights.	kept:role:brand-designer
R1481	.agents/roles/brand-designer.md	Required method	33	gate-candidate	split	role:brand-designer + duplicate			Keep each proposal's kebab-case ID in `design.md` frontmatter as `proposal_id`.	split:role:brand-designer + duplicate
R1482	.agents/roles/brand-designer.md	Required method	33	confirmation	role:brand-designer	role:brand-designer			Record scoped visual approvals in metadata; keep current visual decisions in the body and confirmation in the Studio badge, without a Decision status table or approval chronology.	kept:role:brand-designer
R1483	.agents/roles/brand-designer.md	Required method	33	inheritance	role:brand-designer	role:brand-designer			Register every output with that `proposal_id`, `lifecycle: proposed`, and a path below `assets/<layer>/generated/<proposal_id>/`.	kept:role:brand-designer
R1484	.agents/roles/brand-designer.md	Required method	33	confirmation	role:brand-designer	role:brand-designer			Change lifecycle to `approved` only after operator approval.	kept:role:brand-designer
R1485	.agents/roles/brand-designer.md	Required method	33	method	role:brand-designer	role:brand-designer			On rejection, first record the backticked sentence `The operator rejected visual proposal <proposal_id>.` Then remove its generated files and rows atomically and replace the current visual decision in `design.md`.	kept:role:brand-designer
R1486	.agents/roles/brand-designer.md	Required method	33	evidence	role:brand-designer	role:brand-designer			Before deleting a generated asset, verify `source_type: generated`, an active workspace path, and no current proposed or approved reference.	kept:role:brand-designer
R1487	.agents/roles/brand-designer.md	Required method	33	confirmation	role:brand-designer	role:brand-designer			Delete a client, stock, or public-reference input only when an attributable owning decision marks the exact item rejected, replaced, duplicated, or no longer needed; verify links, then remove its file, row, and stale mentions together.	kept:role:brand-designer
R1488	.agents/roles/brand-designer.md	Required method	33	workflow	split	role:brand-designer + duplicate			Before handoff, reconcile proposal IDs, every named output, every generated registry row, and every file below `assets/<layer>/generated/` in both directions.	split:role:brand-designer + duplicate
R1489	.agents/roles/brand-designer.md	Required method	33	workflow	split	role:brand-designer + duplicate			Before handoff, visually review at least three materially different examples for every active photography or illustration family in the complete resolved `default` projection.	split:role:brand-designer + duplicate
R1490	.agents/roles/brand-designer.md	Required method	33	evidence	role:brand-designer	role:brand-designer			Compare the actual registered files together at source size, intended layout size, small preview, and declared crops; do not infer a coherent system from prose or one successful output.	kept:role:brand-designer
R1491	.agents/roles/brand-designer.md	Required method	33	method	role:brand-designer	role:brand-designer			When a brief names a recognizable real-world object, verify its category-defining structure, count, scale, and proportions.	kept:role:brand-designer
R1492	.agents/roles/brand-designer.md	Required method	33	method	role:brand-designer	role:brand-designer			Reject a merely similar silhouette or an invented, truncated, or implausible substitute unless abstraction or simplification is explicitly required.	kept:role:brand-designer
R1493	.agents/roles/brand-designer.md	Required method	33	inheritance	role:brand-designer	role:brand-designer			Empty startup inherits the layout; a populated startup layout replaces it with files from that layer only.	kept:role:brand-designer
R1494	.agents/roles/brand-designer.md	Required method	33	inheritance	role:brand-designer	role:brand-designer			Keep shared code in utils and project components/data in `design/<layer>/`.	kept:role:brand-designer
R1495	.agents/roles/brand-designer.md	Required method	33	inheritance	role:brand-designer	role:brand-designer			Preserve the shared neutral document header above the visual canvas in every non-empty projection, including startup custom templates: one Design H1, confirmation badge, purpose and usage.	kept:role:brand-designer
R1496	.agents/roles/brand-designer.md	Required method	33	gate-candidate	split	role:brand-designer + duplicate			Scope project visual styles to the canvas, start its headings at H2, and keep repeated titles, statuses and process metadata out of the mockup.	split:role:brand-designer + duplicate
R1497	.agents/roles/brand-designer.md	Required method	33	prohibition	role:brand-designer	role:brand-designer			The shared renderer owns this boundary; changing a project's visual identity must not restyle the Workspace header.	kept:role:brand-designer
R1498	.agents/roles/brand-designer.md	Required method	33	method	role:brand-designer	role:brand-designer			Render permitted assets, not IDs.	kept:role:brand-designer
R1499	.agents/roles/brand-designer.md	Required method	33	confirmation	role:brand-designer	role:brand-designer			Review the actual custom layout and semantic impact; its existence does not establish approval or resolve missing decisions.	kept:role:brand-designer
R1500	.agents/roles/brand-designer.md	Required method	33	prohibition	role:brand-designer	role:brand-designer			Design contains only reusable logos, color, typography, photography, illustration, graphic language, motion, and usage rules—never pages, buttons, forms, success states, or acquisition formats.	kept:role:brand-designer
R1501	.agents/roles/brand-designer.md	Required method	33	prohibition	role:brand-designer	role:brand-designer			State the concept once as a positive, plain-language explanation of the selected visual style, not as rejection, provenance, rights, or process notes; then place reusable graphic-language and do/don't rules in the opening block.	kept:role:brand-designer
R1502	.agents/roles/brand-designer.md	Required method	33	prohibition	role:brand-designer	role:brand-designer			Do not add a second page menu, asset counters, repeated summary card, or empty process panels.	kept:role:brand-designer
R1503	.agents/roles/brand-designer.md	Required method	33	prohibition	role:brand-designer	role:brand-designer			In Studio, expose media Production specification only through an accessible information tooltip beside `Style master prompt`; never render a separate guidance card.	kept:role:brand-designer
R1504	.agents/roles/brand-designer.md	Required method	33	gate-candidate	split	role:brand-designer + duplicate			Keep Review and quality gate in the canonical Design document for agent validation, but do not render it as a human-review card.	split:role:brand-designer + duplicate
R1505	.agents/roles/brand-designer.md	Required method	33	method	role:brand-designer	role:brand-designer			When a product-local `marketing-creative.md` is active, create only strategy-selected formats.	kept:role:brand-designer
R1506	.agents/roles/brand-designer.md	Required method	33	method	role:brand-designer	role:brand-designer			Apply the approved brand and communication without redefining either; record exact copy, composition, variants, dimensions, prompts, rights, accessibility, destination, tracking, and review state.	kept:role:brand-designer
R1507	.agents/roles/brand-designer.md	Required method	33	method	role:brand-designer	role:brand-designer			Treat the product set as the prospective business plan defined in `.agents/contracts/product-models.md`.	kept:role:brand-designer
R1508	.agents/roles/brand-designer.md	Required method	33	prohibition	role:brand-designer	role:brand-designer			Creative and Presentation communicate the intended value to customers or business audiences; plans and generated imagery cannot imply measured results.	kept:role:brand-designer
R1509	.agents/roles/brand-designer.md	Required method	33	evidence	role:brand-designer	role:brand-designer			Do not turn them into internal QA checklists or gate them on installation/runtime tests or release/license-source audits.	kept:role:brand-designer
R1510	.agents/roles/brand-designer.md	Required method	33	method	role:brand-designer	role:brand-designer			Visual review of the actual materials remains required.	kept:role:brand-designer
R1511	.agents/roles/brand-designer.md	Thresholds and red flags	229	readability	duplicate	workflow (one readability paragraph)			The brand is reviewable when its meaning, message, voice, governance, and factual `20-brand` rows are complete; prefer about 1,400 words without omitting material decisions.	removed:restatement (workflow working rules own it)
R1512	.agents/roles/brand-designer.md	Thresholds and red flags	229	readability	duplicate	workflow (one readability paragraph)			Design is reviewable only after brand approval, all five Brief-owned reference-intake families are confirmed or explicitly excluded and reconciled with Assets, the Client visual preference profile is confirmed, each active media family has a separately selected direction, mandatory assets and references have dispositions, and its reusable rules are concise (preferably about 1,400 words, with material information preserved).	removed:restatement (workflow working rules own it)
R1513	.agents/roles/brand-designer.md	Capabilities	241	evidence	gate	gate			`artifact-read`, `artifact-write`, `web-research`, `browser-interaction`, `image-inspection`, `image-generation`, `figma-interaction`.	executable:pipeline definition
R1514	.agents/roles/brand-designer.md	Handoff	246	confirmation	split	workflow + duplicate			Return the brand meaning or visual system changed, assets, provenance, usage limits, profile changes, accessibility risks, approval summary, and—when active—selected creative plus intentionally omitted formats.	split:workflow + duplicate
R1515	.agents/roles/brand-designer.md	Handoff	246	readability	duplicate	workflow (one readability paragraph)			Report each changed document's word count.	removed:restatement (workflow working rules own it)
R1516	.agents/roles/brand-designer.md	Handoff	246	prohibition	split	workflow + duplicate			Website and Marketing Creative must not start from an unapproved brand or an unresolved visual Design decision they need.	split:workflow + duplicate
R1517	.agents/roles/brand-designer.md	Handoff	252	method	duplicate	.agents/roles/communication-strategist.md:91	.agents/roles/communication-strategist.md:91		For product materials, use the linked Product, model and whole Sales as the owners of customer/value, economics and process decisions.	removed:duplicate (.agents/roles/communication-strategist.md:91)
R1518	.agents/roles/brand-designer.md	Handoff	252	confirmation	duplicate	.agents/roles/communication-strategist.md:91	.agents/roles/communication-strategist.md:91		Advertising/deck copy may apply approved facts but never establishes a second price, scope or support commitment; inspect stale dependencies before reusing claims.	removed:duplicate (.agents/roles/communication-strategist.md:91)
R1519	.agents/roles/brand-designer.md	Final editorial pass	256	gate-candidate	duplicate	.agents/workflows/pre-development.md:1218	.agents/workflows/pre-development.md:1218		When the work contains prose intended for a person, apply `.agents/contracts/editorial-pass.md` after the facts, evidence, links, identifiers, required structure, and approval state are correct.	removed:duplicate (.agents/workflows/pre-development.md:1218)
R1520	.agents/roles/brand-designer.md	Final editorial pass	256	method	duplicate	.agents/workflows/pre-development.md:1218	.agents/workflows/pre-development.md:1218		This is the last content-editing step before returning or storing the text.	removed:duplicate (.agents/workflows/pre-development.md:1218)
R1521	.agents/roles/web-designer.md	Mission and boundary	11	method	role:web-designer	role:web-designer			Own each active product's `website.md` and its static Studio compositions during `40-products`.	kept:role:web-designer
R1522	.agents/roles/web-designer.md	Mission and boundary	11	method	role:web-designer	role:web-designer			Stop before production components, SDK/API integration, analytics implementation, QA, and deployment.	kept:role:web-designer
R1523	.agents/roles/web-designer.md	Mission and boundary	11	prohibition	role:web-designer	role:web-designer			Apply the approved brand system; do not redefine logos, palette, typography, photography, illustration, or campaign creative.	kept:role:web-designer
R1524	.agents/roles/web-designer.md	Inputs and ownership	21	gate-candidate	split	role + duplicate			Read `brief.md`, the linked model and Product sources, the current product's Research, `strategy.md`, `brand.md`, `design.md`, attributed facts, indexed assets, and the active `product.md`.	split:role + duplicate
R1525	.agents/roles/web-designer.md	Inputs and ownership	21	method	split	role + duplicate			Edit only that product's `website.md`; create presentation-only Studio compositions from static props.	split:role + duplicate
R1526	.agents/roles/web-designer.md	Inputs and ownership	21	inheritance	split	role + duplicate			Refuse to start until Strategy and Brand have valid confirmation metadata for the active project layer and the required visual Design projection exists.	split:role + duplicate
R1527	.agents/roles/web-designer.md	Inputs and ownership	21	inheritance	split	role + duplicate			Resolve inherited approval under `.agents/contracts/document-confirmation.md`.	split:role + duplicate
R1528	.agents/roles/web-designer.md	Inputs and ownership	29	method	split	role + duplicate			Apply `.agents/contracts/product-models.md`: Website describes the intended customer experience within a prospective business plan.	split:role + duplicate
R1529	.agents/roles/web-designer.md	Inputs and ownership	29	evidence	split	role + duplicate			Specify the behavior engineering should build; missing production implementation, installation tests or release/license-source audits do not block the business design.	split:role + duplicate
R1530	.agents/roles/web-designer.md	Inputs and ownership	29	evidence	split	role + duplicate			Keep the offer, resource commitments and consequential market claims truthful.	split:role + duplicate
R1531	.agents/roles/web-designer.md	Inputs and ownership	29	method	split	role + duplicate			Visual and accessibility review checks the design artifact, not product runtime.	split:role + duplicate
R1532	.agents/roles/web-designer.md	Inputs and ownership	37	method	split	role + duplicate			Website copy and its layout follow `.agents/templates/website.md`: one site-tree node per route, Markdown Text first, then an optional Layout.	split:role + duplicate
R1533	.agents/roles/web-designer.md	Inputs and ownership	37	readability	duplicate	workflow (one readability paragraph)			Keep wording in the page's source, make React consume that text, and update separately authored HTML in the same change.	removed:restatement (workflow working rules own it)
R1534	.agents/roles/web-designer.md	Inputs and ownership	37	evidence	split	role + duplicate			These source and rendering rules belong to the framework and agent method; never repeat them in the visible Website overview or customer-facing page copy.	split:role + duplicate
R1535	.agents/roles/web-designer.md	Required method	47	method	role:web-designer	role:web-designer			For each primary visitor situation map the question, anxiety, required information, proof, objection, action, form data, success feedback, business receiver, response expectation, and next operational step.	kept:role:web-designer
R1536	.agents/roles/web-designer.md	Required method	47	method	role:web-designer	role:web-designer			Derive the complete route inventory from the selected segment's acquisition paths and CJM.	kept:role:web-designer
R1537	.agents/roles/web-designer.md	Required method	47	workflow	role:web-designer	role:web-designer			Cover every applicable transition, including discovery, registration and sign-in, intake, the main workspace, purchase, settings, fulfillment or publication, continued use, contextual cross-product handoff, and support.	kept:role:web-designer
R1538	.agents/roles/web-designer.md	Required method	47	prohibition	role:web-designer	role:web-designer			Do not stop after designing a landing page and one success screen.	kept:role:web-designer
R1539	.agents/roles/web-designer.md	Required method	47	prohibition	role:web-designer	role:web-designer			Do not open with the project or product name, vague commands such as “start a project,” or unexplained abstractions such as “context” or “structure.” Name what the person can bring, what the product produces and what useful action becomes possible next.	kept:role:web-designer
R1540	.agents/roles/web-designer.md	Required method	47	method	role:web-designer	role:web-designer			Write actual headline, supporting copy, offer contents, price or calculation principle, proof, process, FAQ, CTA, form labels, consent copy, success message, metadata, and Open Graph copy.	kept:role:web-designer
R1541	.agents/roles/web-designer.md	Required method	47	method	role:web-designer	role:web-designer			Align the form with qualification, routing, response time, and fulfillment in the complete product Sales process; model terms and Product own the promises.	kept:role:web-designer
R1542	.agents/roles/web-designer.md	Required method	47	method	role:web-designer	role:web-designer			Resolve material Website questions, including buyer/user roles, decision and qualification data, domain proof, required disclosures, consent/data limits, and the operational action after conversion.	kept:role:web-designer
R1543	.agents/roles/web-designer.md	Required method	47	workflow	role:web-designer	role:web-designer			Put a state in the visible Website document only when it changes a customer decision, promise, handoff or recovery path; never fill the final document with a generic UI, responsive, keyboard, loading, security or backend checklist.	kept:role:web-designer
R1544	.agents/roles/web-designer.md	Required method	47	method	role:web-designer	role:web-designer			Build presentation views as semantic HTML in Studio from static, artifact-derived props through presentation-only React components.	kept:role:web-designer
R1545	.agents/roles/web-designer.md	Required method	47	inheritance	role:web-designer	role:web-designer			Expose `default`, `singlepage`, and `startup` stories for resolved, framework-source, and downstream-override review; export only `default`.	kept:role:web-designer
R1546	.agents/roles/web-designer.md	Required method	47	method	role:web-designer	role:web-designer			Registered current generated identity outputs must render as assets rather than ID-only placeholders.	kept:role:web-designer
R1547	.agents/roles/web-designer.md	Required method	47	evidence	role:web-designer	role:web-designer			PDF and PNG are exported review copies, not editable design sources; never create the presentation as a sequence of generated images.	kept:role:web-designer
R1548	.agents/roles/web-designer.md	Required method	47	gate-candidate	role:web-designer	role:web-designer			Keep website-specific output in Website: navigation, page sections, responsive layouts, buttons, forms, validation, and success states.	kept:role:web-designer
R1549	.agents/roles/web-designer.md	Required method	47	prohibition	role:web-designer	role:web-designer			Do not place these in Design and do not put social, video, advertising, or campaign variants in `website.md`.	kept:role:web-designer
R1550	.agents/roles/web-designer.md	Required method	47	confirmation	role:web-designer	role:web-designer			Keep approval mechanics, dependency status, Text/Layout synchronization, framework defaults, implementation reminders, backend/security architecture and statements such as “this is a proposal awaiting review” out of the Website body and customer pages.	kept:role:web-designer
R1551	.agents/roles/web-designer.md	Thresholds and red flags	94	workflow	role:web-designer	role:web-designer			Keep the stage blocked when a material question cannot be resolved.	kept:role:web-designer
R1552	.agents/roles/web-designer.md	Thresholds and red flags	102	readability	duplicate	workflow (one readability paragraph)			Prefer about 1,400 words for `website.md`, preserving material requirements.	removed:restatement (workflow working rules own it)
R1553	.agents/roles/web-designer.md	Thresholds and red flags	102	method	role:web-designer	role:web-designer			The static Studio composition may show the whole page, but the Markdown remains a concise editable specification.	kept:role:web-designer
R1554	.agents/roles/web-designer.md	Capabilities	107	evidence	duplicate	.agents/roles/brand-designer.md:241	.agents/roles/brand-designer.md:241		`artifact-read`, `artifact-write`, `web-research`, `browser-interaction`, `image-inspection`, `image-generation`, `figma-interaction`.	removed:duplicate (.agents/roles/brand-designer.md:241)
R1555	.agents/roles/web-designer.md	Handoff	112	confirmation	split	workflow + duplicate			Return changed visitor and conversion decisions, Studio composition references, remaining material questions, evidence gaps, responsive/accessibility constraints, and explicit engineering inputs still outside this workflow.	split:workflow + duplicate
R1556	.agents/roles/web-designer.md	Final editorial pass	118	gate-candidate	duplicate	.agents/workflows/pre-development.md:1218	.agents/workflows/pre-development.md:1218		When the work contains prose intended for a person, apply `.agents/contracts/editorial-pass.md` after the facts, evidence, links, identifiers, required structure, and approval state are correct.	removed:duplicate (.agents/workflows/pre-development.md:1218)
R1557	.agents/roles/web-designer.md	Final editorial pass	118	method	duplicate	.agents/workflows/pre-development.md:1218	.agents/workflows/pre-development.md:1218		This is the last content-editing step before returning or storing the text.	removed:duplicate (.agents/workflows/pre-development.md:1218)
R1558	.agents/templates/README.md	Pre-development artifact templates	3	method	template	template			They are not project data, role instructions, or a separate methodology.	template:unchanged-until-phase-4
R1559	.agents/templates/README.md	Pre-development artifact templates	3	gate-candidate	template	template			The workflow loads one template only when it creates an artifact or repairs missing required sections; agents do not load this directory wholesale.	template:unchanged-until-phase-4
R1560	.agents/templates/README.md	Pre-development artifact templates	9	inheritance	template	template			Follow `.agents/contracts/document-confirmation.md` before recording user confirmation; partial startup overrides bind to the complete resolved body.	template:unchanged-until-phase-4
R1561	.agents/templates/README.md	Pre-development artifact templates	9	inheritance	template	template			Empty startup files stay empty until they intentionally override content or confirmation.	template:unchanged-until-phase-4
R1562	.agents/templates/README.md	Sequence	30	method	split	gate + duplicate			The complete operating order, review rules, and invalidation behavior remain in `.agents/workflows/pre-development.md`.	split:gate + duplicate
R1563	.agents/templates/README.md	Sequence	30	method	split	gate + duplicate			Templates describe shape only; role contracts contain responsibility, judgment, and reusable professional methods; workspace Markdown and YAML contain project facts and decisions.	split:gate + duplicate
R1564	.agents/templates/README.md	Sequence	30	gate-candidate	gate	gate			On every workflow invocation, pipeline compatibility reconciliation compares the relevant current template headings and schema keys with existing artifacts.	executable:pipeline definition
R1565	.agents/templates/README.md	Sequence	30	workflow	split	gate + duplicate			A synchronized template change therefore routes a missing section to its owning stage; it never fills that section with placeholders or inherited facts from an unrelated business.	split:gate + duplicate
R1566	.agents/templates/README.md	Sequence	40	migration	split	gate + duplicate			A full generation or rerun starts from the owning template and replaces the previous body from stable upstream dependencies; Product/model migrations first inspect and preserve unique client facts, sources and extensions.	split:gate + duplicate
R1567	.agents/templates/README.md	Sequence	40	readability	duplicate	workflow (one readability paragraph)			Strongly prefer a five-to-seven-minute review (about 1,400 words) per primary page.	removed:restatement (workflow working rules own it)
R1568	.agents/templates/README.md	Sequence	40	readability	duplicate	workflow (one readability paragraph)			This is not a word, line, source, segment or aggregate YAML/corpus cap.	removed:restatement (workflow working rules own it)
R1569	.agents/templates/README.md	Sequence	40	readability	duplicate	workflow (one readability paragraph)			Follow `.agents/contracts/document-readability.md`; completeness takes precedence.	removed:restatement (workflow working rules own it)
R1570	.agents/templates/README.md	Sequence	40	gate-candidate	gate	gate			In particular, `strategy.md` uses exactly its four second-level sections and does not contain interview chronology, invalidation logs, or coordinator handoff prose.	executable:pipeline definition
R1571	.agents/templates/README.md	Sequence	52	method	split	gate + duplicate			`github-reconciliation.yaml` is an operational template, not a living business artifact.	split:gate + duplicate
R1572	.agents/templates/README.md	Sequence	52	inheritance	split	gate + duplicate			Each layer instantiates it under `pre-development/github/` to define GitHub relevance rules and record the outcome of each reconciled relevant commit.	split:gate + duplicate
R1573	.agents/templates/README.md	Sequence	52	workflow	split	gate + duplicate			The normal stage cursor remains minimal and contains no commit history.	split:gate + duplicate
R1574	.agents/templates/README.md	Sequence	57	method	split	gate + duplicate			Material questions and constraints stay in the documents that need their answers.	split:gate + duplicate
R1575	.agents/templates/README.md	Sequence	57	method	split	gate + duplicate			AI methods and completion checks live in the canonical roles and workflow; document metadata owns confirmation.	split:gate + duplicate
R1576	.agents/templates/README.md	Sequence	57	confirmation	split	gate + duplicate			There is no separate decision checklist template or second approval summary.	split:gate + duplicate
R1577	.agents/templates/README.md	Sequence	62	workflow	split	gate + duplicate			Natural-language confirmations, not stage commands, approve the decision scope, strategy, and brand direction.	split:gate + duplicate
R1578	.agents/templates/README.md	Provenance	69	inheritance	template	template			The set is a compact SinglePageStartup synthesis, not a copied third-party framework.	template:unchanged-until-phase-4
R1579	.agents/templates/README.md	Provenance	77	prohibition	template	template			Professional responsibility and method were consolidated in `.agents/roles/`, so these templates stay small and do not make an agent repeat a theatrical persona or a generic marketing process in every artifact.	template:unchanged-until-phase-4
R1580	.agents/templates/README.md	Provenance	81	method	template	template			`brand.md` owns meaning, message, voice, and intended perception.	template:unchanged-until-phase-4
R1581	.agents/templates/README.md	Provenance	81	readability	duplicate	workflow (one readability paragraph)			Each active product owns Research and a machine-readable Sales process.	removed:restatement (workflow working rules own it)
R1582	.agents/templates/README.md	Provenance	81	method	template	template			Product-local `product.md`, `website.md`, `marketing-creative.md`, and the presentation apply those shared decisions to one active product.	template:unchanged-until-phase-4
R1583	.agents/templates/README.md	Provenance	88	gate-candidate	template	template			Use ordered built-in/custom sections or a full TSX/JSX template; see the workspace README for the exact schema.	template:unchanged-until-phase-4
R1584	.agents/templates/README.md	Provenance	88	inheritance	template	template			Empty startup inherits; a populated startup layout replaces the base, using its own files.	template:unchanged-until-phase-4
R1585	.agents/templates/README.md	Provenance	88	prohibition	template	template			Keep the applicable visual decisions in the Design document and Assets; do not force every project into starter blocks.	template:unchanged-until-phase-4
R1586	.agents/templates/README.md	Provenance	94	gate-candidate	template	template			Register detail under the shared Research tree; apply `.agents/contracts/research-sales-audit.md` to validate the preceding Sales proposal.	template:unchanged-until-phase-4
R1587	.agents/templates/brief.md	Brief	8	readability	duplicate	workflow (one readability paragraph)			Target 500-800 body words when sufficient; about 1,400 is a preferred review size, never a hard cap.	template:unchanged-until-phase-4
R1588	.agents/templates/brief.md	Brief	8	method	template	template			Preserve material context.	template:unchanged-until-phase-4
R1589	.agents/templates/brief.md	Brief	8	method	template	template			This is a house format informed by concise briefing and lean planning, not a prescribed external standard.	template:unchanged-until-phase-4
R1590	.agents/templates/brief.md	Brief	8	method	template	template			Use plain statements, useful numbers and specific requirements.	template:unchanged-until-phase-4
R1591	.agents/templates/brief.md	Brief	8	gate-candidate	template	template			Sources, partial scope confirmation and intake status belong in frontmatter; previous answers belong in Git.	template:unchanged-until-phase-4
R1592	.agents/templates/brief.md	Brief	8	prohibition	template	template			Do not render these instructions, duplicate quotations, change logs or a generic unknowns list.	template:unchanged-until-phase-4
R1593	.agents/templates/brief.md	Brief	8	prohibition	template	template			Never replace a core fact with a link to a later decision document.	template:unchanged-until-phase-4
R1594	.agents/templates/brief.md	Project and products	18	method	template	template			Project, product names/IDs, current or intended availability, decision owner, and only boundaries/reference projects needed to understand the work.	template:unchanged-until-phase-4
R1595	.agents/templates/brief.md	Customers and value	23	method	template	template			For each product: user/payer where known, situation/problem, what it does, and why that matters.	template:unchanged-until-phase-4
R1596	.agents/templates/brief.md	Customers and value	23	method	template	template			Preserve exact naming and binding requirements.	template:unchanged-until-phase-4
R1597	.agents/templates/brief.md	Current state	29	method	template	template			Internal testing is not external adoption; lack of external testimonials does not establish lack of internal testing.	template:unchanged-until-phase-4
R1598	.agents/templates/brief.md	Business and resources	36	method	template	template			How users arrive, receive and use the offer; price/unit, payer, revenue or funding, core work, people/partners, costs/capacity and relevant constraints.	template:unchanged-until-phase-4
R1599	.agents/templates/brief.md	Business and resources	36	prohibition	template	template			State an unselected material term briefly in its row; never invent a forecast or force irrelevant budget fields.	template:unchanged-until-phase-4
R1600	.agents/templates/brief.md	Goals and success	44	prohibition	template	template			Do not demote the operator's goals or substitute an agent-designed experiment for the purpose.	template:unchanged-until-phase-4
R1601	.agents/templates/brief.md	Visual reference intake	50	method	split	template + duplicate			Existing identity and mandatory/adaptable elements; concise descriptions of the client's visual preferences for each category below.	template:unchanged-until-phase-4
R1602	.agents/templates/brief.md	Visual reference intake	50	prohibition	split	template + duplicate			Do not require professional design vocabulary.	template:unchanged-until-phase-4
R1603	.agents/templates/brief.md	Visual reference intake	50	method	split	template + duplicate			Keep the five category descriptions separate.	template:unchanged-until-phase-4
R1604	.agents/templates/brief.md	Visual reference intake	50	method	split	template + duplicate			Preserve existing confirmed descriptions.	template:unchanged-until-phase-4
R1605	.agents/templates/brief.md	Visual reference intake	50	method	split	template + duplicate			Use one table containing the description and exact uploaded file links in the same row.	template:unchanged-until-phase-4
R1606	.agents/templates/brief.md	Visual reference intake	50	prohibition	duplicate	.agents/workflows/pre-development.md:324	.agents/workflows/pre-development.md:324		Do not create a separate uploaded-files section.	template:unchanged-until-phase-4
R1607	.agents/templates/brief.md	Visual reference intake	50	prohibition	split	template + duplicate			Record each identity element's current value or absence: use None when absence is client-confirmed, and Not supplied when it is missing from intake; never invent a slogan.	template:unchanged-until-phase-4
R1608	.agents/templates/brief.md	Visual reference intake	50	method	split	template + duplicate			A folder path, prose summary or metadata-only ID list does not replace links to the exact files.	template:unchanged-until-phase-4
R1609	.agents/templates/brief.md	Visual reference intake	50	gate-candidate	split	template + duplicate			Use the Studio asset route where applicable and retain stable asset IDs, source directories and category status (missing, supplied-unreviewed, ready) under visual_references in frontmatter.	template:unchanged-until-phase-4
R1610	.agents/templates/brief.md	Visual reference intake	50	prohibition	split	template + duplicate			The workflow retains the Design gate; do not explain it here.	template:unchanged-until-phase-4
R1611	.agents/templates/brief.md	Visual reference intake	50	method	split	template + duplicate			Apply supplied project assets, selected colors and permitted fonts according to their recorded use.	template:unchanged-until-phase-4
R1612	.agents/templates/brief.md	Visual reference intake	50	prohibition	split	template + duplicate			Keep any specific third-party asset restriction with that asset; do not append a blanket prohibition on copying colors, fonts or reference elements to the Brief.	template:unchanged-until-phase-4
R1613	.agents/templates/strategy.md	Strategy	8	method	template	template		.agents/roles/strategist.md:18	Describe one concrete final picture of the whole project after it satisfies the approved Brief as fully as known constraints allow.	template:unchanged-until-phase-4
R1614	.agents/templates/strategy.md	Strategy	8	prohibition	template	template			Keep intended outcomes distinct from observed results, but do not narrate a roadmap, transition phases, next tasks, preparation work or missing product deliverables.	template:unchanged-until-phase-4
R1615	.agents/templates/strategy.md	Strategy	8	method	template	template			Keep only the current facts needed to justify a target decision, proof boundary or material constraint; the current business intake belongs to Brief.	template:unchanged-until-phase-4
R1616	.agents/templates/strategy.md	Strategy	8	evidence	template	template			Claim-keyed sources and review state stay in metadata.	template:unchanged-until-phase-4
R1617	.agents/templates/strategy.md	Strategy	8	method	template	template			Detailed offers, campaign plans and tests belong to products.	template:unchanged-until-phase-4
R1618	.agents/templates/strategy.md	Strategy	8	inheritance	template	template			Use this same structure and quality standard in framework and downstream projects.	template:unchanged-until-phase-4
R1619	.agents/templates/strategy.md	Strategy	8	evidence	template	template			Populate it from the active project's Brief and relevant research; example audiences, products, channels, revenue models and metrics are not defaults.	template:unchanged-until-phase-4
R1620	.agents/templates/strategy.md	Strategy	8	prohibition	template	template			Use only applicable journeys/outcomes; do not invent another product, recurring purchase or human/agent workflow to fill the template.	template:unchanged-until-phase-4
R1621	.agents/templates/strategy.md	Strategic direction	28	prohibition	template	template			Do not describe the sequence for reaching it.	template:unchanged-until-phase-4
R1622	.agents/templates/strategy.md	Audiences and product roles	37	method	template	template			Use the confirmed Brief product IDs.	template:unchanged-until-phase-4
R1623	.agents/templates/strategy.md	Growth system	44	prohibition	template	template			Do not substitute an unprioritized platform list or content calendar.	template:unchanged-until-phase-4
R1624	.agents/templates/strategy.md	Customer journey	51	method	template	template			Describe the customer's intended journey through discovery, first useful result, each conversion, continued use, recommendation and cross-product adoption.	template:unchanged-until-phase-4
R1625	.agents/templates/strategy.md	Customer journey	51	method	template	template			This is a customer experience inside the final system, not a project implementation sequence.	template:unchanged-until-phase-4
R1626	.agents/templates/strategy.md	Customer journey	51	method	template	template			Keep product implementation detail out.	template:unchanged-until-phase-4
R1627	.agents/templates/strategy.md	Measurement and priorities	61	method	template	template			State the durable priority order, resource-allocation principles and management rules, plus only the material risks that can change the direction.	template:unchanged-until-phase-4
R1628	.agents/templates/strategy.md	Measurement and priorities	61	prohibition	template	template			Describe how the system should operate; do not list what must be prepared, configured or done next.	template:unchanged-until-phase-4
R1629	.agents/templates/strategy.md	Measurement and priorities	61	prohibition	template	template			Do not invent numerical targets, ongoing budgets or capacity.	template:unchanged-until-phase-4
R1630	.agents/templates/strategy.md	Measurement and priorities	61	method	template	template			Product-level tests may be one concise line: no mandatory first experiment, test track, sample size, trial calendar or stop-rule table here.	template:unchanged-until-phase-4
R1631	.agents/templates/brand.md	Brand	8	readability	duplicate	workflow (one readability paragraph)			Prefer about 1,400 words per page; preserve material information if longer.	template:unchanged-until-phase-4
R1632	.agents/templates/brand.md	Brand	8	method	template	template			Colors, type, logos, layouts, photography, illustration, prompts, and generated outputs belong to design.md and the asset registry.	template:unchanged-until-phase-4
R1633	.agents/templates/brand.md	Brand	8	method	template	template			Confirmation and review state stay in metadata and the Studio badge.	template:unchanged-until-phase-4
R1634	.agents/templates/brand.md	Brand	8	inheritance	template	template			Use current facts and concrete communication choices; sources stay in claim-keyed metadata, without visible downstream citations, interview history, approval summaries or generic caveats.	template:unchanged-until-phase-4
R1635	.agents/templates/brand.md	Brand identity	17	evidence	template	template			Exact public brand name, its relationship to product names, and naming usage A supplied or selected verbal signature only when useful; a slogan is optional Keep visual identity and existing asset descriptions in their owning Design/input sources	template:unchanged-until-phase-4
R1636	.agents/templates/brand.md	Intended perception	23	prohibition	template	template			What the audience should understand, feel confident about, and remember Brand premise, character, difference, and what the brand must never imply	template:unchanged-until-phase-4
R1637	.agents/templates/brand.md	Voice and language	33	evidence	template	template			Naming, preferred vocabulary, sentence and evidence rules, prohibited claims, and concise do/don't examples	template:unchanged-until-phase-4
R1638	.agents/templates/brand.md	Consistency rules	38	confirmation	template	template			Concrete rules for naming, consistent promises and credible evidence across products Preserve the approved product scope, money terms and support commitments Include only material domain constraints and claims requiring specific proof; keep production handoffs, approval mechanics and generic warnings outside the body	template:unchanged-until-phase-4
R1639	.agents/templates/design.md	Design	9	method	template	template			This is a starting document structure, not a fixed page layout.	template:unchanged-until-phase-4
R1640	.agents/templates/design.md	Design	9	gate-candidate	template	template			Project templates start at H2, keep their styles inside the canvas, and never repeat the document title, confirmation badge, or process metadata in the mockup.	template:unchanged-until-phase-4
R1641	.agents/templates/design.md	Design	9	confirmation	template	template			Changing the layout does not approve content or resolve omitted requirements.	template:unchanged-until-phase-4
R1642	.agents/templates/design.md	Design	19	readability	duplicate	.agents/templates/brand.md:8	.agents/templates/brand.md:8		Prefer about 1,400 words per page; preserve material information if longer.	template:unchanged-until-phase-4
R1643	.agents/templates/design.md	Design	19	method	template	template			Keep pages and forms in product-local website.md; keep channel formats in product-local marketing-creative.md.	template:unchanged-until-phase-4
R1644	.agents/templates/design.md	Design	19	gate-candidate	template	template			Photography and Illustration use the same five-part schema because Studio renders both through one media template.	template:unchanged-until-phase-4
R1645	.agents/templates/design.md	Design	24	gate-candidate	template	template			Keep whole-document confirmation, attributable scoped approvals, and the current proposal_id in frontmatter.	template:unchanged-until-phase-4
R1646	.agents/templates/design.md	Client visual preference profile	40	method	template	template			First preserve one plain-language description for each of the five input categories.	template:unchanged-until-phase-4
R1647	.agents/templates/design.md	Client visual preference profile	40	method	template	template			Reuse reviewed Brief descriptions; the client is not required to formulate design criteria.	template:unchanged-until-phase-4
R1648	.agents/templates/design.md	Client visual preference profile	40	confirmation	template	template			Return this coherent style description in the operator's language and obtain confirmation or correction before selecting the visual territory Do not select final tokens, font assets, master prompts, or registered media examples from an unconfirmed profile Source this analysis only from the completed Brief `Visual reference intake`, its operator statements, and the corresponding Assets IDs; the input register itself remains in Brief and Assets	template:unchanged-until-phase-4
R1649	.agents/templates/design.md	Brand idea and character	54	prohibition	template	template			One positive paragraph explaining the selected style through its visual character, atmosphere, hierarchy, media, and recognizable contrast Do not turn this paragraph into a list of rejected alternatives, reference restrictions, rights, provenance, or internal process notes	template:unchanged-until-phase-4
R1650	.agents/templates/design.md	Reusable graphic language	61	prohibition	template	template			Three to six portable rules covering Tailwind layout and spacing, shape and surface treatment, icons and diagrams, imagery and video, motion, accessibility, and truthfulness across every medium State each rule once; do not repeat the brand summary or inventory asset counts	template:unchanged-until-phase-4
R1651	.agents/templates/design.md	Typography	86	readability	duplicate	workflow (one readability paragraph)			Sizes, line height, spacing, and fallback rules When no exact font is mandated, compare two or three real pairings for language coverage, readability, character, licensing, and role fit Browser QA: `document.fonts.check(...)` and computed `font-family` match the selected family; silent fallback is not accepted	template:unchanged-until-phase-4
R1652	.agents/templates/design.md	Interface and product surfaces	94	method	split	template + duplicate			The reusable interface language only: how the semantic colors, type, and shape rules above behave on a product surface.	template:unchanged-until-phase-4
R1653	.agents/templates/design.md	Interface and product surfaces	94	method	split	template + duplicate			Specific pages, routes, and forms stay in product-local website.md.	template:unchanged-until-phase-4
R1654	.agents/templates/design.md	Interface and product surfaces	94	method	split	template + duplicate			Omit this section when the brief supplies no interface references and the project ships no product surface.	template:unchanged-until-phase-4
R1655	.agents/templates/design.md	Interface and product surfaces	99	inheritance	split	template + duplicate			Render these rules as working specimens: declare layer-local HTML sections in design/<layer>/layout.yaml.	template:unchanged-until-phase-4
R1656	.agents/templates/design.md	Interface and product surfaces	99	prohibition	split	template + duplicate			Keep each file a fragment of plain HTML and Tailwind over the --workspace-brand-* tokens, express state with CSS (hover, focus-visible, has-[:checked]) because injected scripts do not run, and print each class recipe beside its specimen so a product surface is built from the exact string.	template:unchanged-until-phase-4
R1657	.agents/templates/design.md	Interface and product surfaces	107	method	split	template + duplicate			Required minimum whenever the project ships a product surface — controls: dominant action with its secondary, plain, disabled and separated destructive variants; selection as a chip and as a grouped choice, each with a non-colour signal; status and progress; fields and data rows; navigation for a public page and for a work screen; the dark pair when a dark column exists.	template:unchanged-until-phase-4
R1658	.agents/templates/design.md	Interface and product surfaces	107	method	duplicate	.agents/workflows/pre-development.md:878		.agents/workflows/pre-development.md:878	Compositions: editorial entry; a content card carrying the project's own confirmed imagery at its original aspect ratio; an icon card on the declared icon grid; a repeated item grid.	template:unchanged-until-phase-4
R1659	.agents/templates/design.md	Interface and product surfaces	107	method	split	template + duplicate			Omit one only by recording interface_review.omitted_specimens.<id> with the reason.	template:unchanged-until-phase-4
R1660	.agents/templates/design.md	Interface and product surfaces	107	gate-candidate	split	template + duplicate			"Every specimen carries data-specimen=""<id>"" on its container, and studio:validate fails a documented interface language that does not render them: actions, selection, status, fields, navigation, editorial-entry, content-card, icon-card, item-grid, plus dark-pair when a Dark column exists."	template:unchanged-until-phase-4
R1661	.agents/templates/design.md	Interface and product surfaces	122	method	duplicate	.agents/workflows/pre-development.md:901	.agents/workflows/pre-development.md:901		Every specimen uses the confirmed semantic roles and type steps.	template:unchanged-until-phase-4
R1662	.agents/templates/design.md	Interface and product surfaces	122	prohibition	split	template + duplicate			A missing step is added to the scale above as a proposal and confirmed, never improvised in the markup.	template:unchanged-until-phase-4
R1663	.agents/templates/design.md	Interface and product surfaces	122	prohibition	split	template + duplicate			Never frame supplied artwork with a second background: a registered master keeps its own off-white and no container colour matches all of them.	template:unchanged-until-phase-4
R1664	.agents/templates/design.md	Purpose and evidence boundary	129	prohibition	template	template			What the interface language carries across every product surface, and what a reference screenshot cannot establish.	template:unchanged-until-phase-4
R1665	.agents/templates/design.md	Controls, states, and actions	139	method	template	template			Three to six portable rules for action hierarchy, selected, disabled, progress and status treatment, destructive separation, and focus visibility Name which semantic role fills the one dominant action; record an unresolved conflict here rather than silently changing a confirmed color role	template:unchanged-until-phase-4
R1666	.agents/templates/design.md	Confirmed reference patterns	146	prohibition	template	template			Studio cites these asset IDs as text and never renders, traces, or reproduces a reference layout; keep every registry prohibited_use intact.	template:unchanged-until-phase-4
R1667	.agents/templates/design.md	Review and quality gate	153	method	split	template + gate			Studio does not render it as a human-review card.	template:unchanged-until-phase-4
R1668	.agents/templates/design.md	Review and quality gate	155	method	split	template + gate			Every cited asset ID resolves in Assets and its `allowed_use` covers abstraction; no entry is rendered, traced, or presented as owned work Each pattern states an own decision rather than describing the reference Contrast, focus visibility, and reduced-motion behavior verified for the named states against the confirmed semantic color system	template:unchanged-until-phase-4
R1669	.agents/templates/design.md	Purpose and evidence boundary	165	prohibition	template	template			What photography communicates across products and channels, and what it cannot prove.	template:unchanged-until-phase-4
R1670	.agents/templates/design.md	Style master prompt	170	method	template	template			Keep optional effects optional and allow > varied framing.	template:unchanged-until-phase-4
R1671	.agents/templates/design.md	Style master prompt	170	method	template	template			Put individual subjects, devices and technical requirements > in their owning briefs, not in the reusable style prompt.	template:unchanged-until-phase-4
R1672	.agents/templates/design.md	Production specification	177	prohibition	template	template			Studio exposes this guidance from the information icon beside Style master prompt; do not create a separate visible card.	template:unchanged-until-phase-4
R1673	.agents/templates/design.md	Production specification	179	evidence	template	template			Plain-language usage: copy this style prompt, add the people/action or relationship to show, and attach relevant source references Format follows the specific deliverable; quality checks stay in the internal review block and actual dimensions in Assets	template:unchanged-until-phase-4
R1674	.agents/templates/design.md	Review and quality gate	189	method	duplicate	.agents/templates/design.md:153	.agents/templates/design.md:153		Studio does not render it as a human-review card.	template:unchanged-until-phase-4
R1675	.agents/templates/design.md	Review and quality gate	191	evidence	split	template + gate			At least three materially different registered examples reviewed together at source size, intended size, small preview, and declared crops Named real-world objects retain category-defining structure, count, scale, and proportions; merely similar or implausible substitutes are rejected After a master changes, displayed examples must be generated with that exact master and the documented reference inputs; compare style and regenerate on material drift before presenting the prompt as tested Cross-example style consistency, accessibility, evidence-risk, rights, lifecycle, and exact-prompt provenance checks	template:unchanged-until-phase-4
R1676	.agents/templates/design.md	Purpose and evidence boundary	205	prohibition	template	template			What illustrations and diagrams communicate across products and channels, and what they cannot prove.	template:unchanged-until-phase-4
R1677	.agents/templates/design.md	Style master prompt	210	prohibition	template	template			Allow compositions to follow the relationship being shown. > Do not invent fixed object counts, accent percentages or crop coordinates.	template:unchanged-until-phase-4
R1678	.agents/templates/design.md	Production specification	216	prohibition	duplicate	.agents/templates/design.md:177	.agents/templates/design.md:177		Studio exposes this guidance from the information icon beside Style master prompt; do not create a separate visible card.	template:unchanged-until-phase-4
R1679	.agents/templates/design.md	Production specification	218	method	template	template			Preserve the original master; record actual dimensions in Assets.	template:unchanged-until-phase-4
R1680	.agents/templates/design.md	Review and quality gate	228	method	duplicate	.agents/templates/design.md:153	.agents/templates/design.md:153		Studio does not render it as a human-review card.	template:unchanged-until-phase-4
R1681	.agents/templates/design.md	Review and quality gate	230	evidence	split	template + gate		.agents/templates/design.md:191	At least three materially different registered examples reviewed together at source size, intended size, small preview, and declared crops Named real-world objects retain category-defining structure, count, scale, and proportions unless abstraction or simplification is explicitly required After a master changes, displayed examples must be generated with that exact master and the documented reference inputs; compare style and regenerate on material drift before presenting the prompt as tested Compare derivatives with the original for thin lines, secondary detail, color and contrast at source and display size; reject processing that degrades them.	template:unchanged-until-phase-4
R1682	.agents/templates/design.md	Outputs and provenance	244	method	template	template			Current reusable visual asset IDs, lifecycle, rights, and review state Exact immutable generation prompts and tool provenance remain in Assets Product pages, presentations, and campaign formats remain outside Design	template:unchanged-until-phase-4
R1683	.agents/templates/product.md	Product	9	readability	duplicate	.agents/templates/brand.md:8	.agents/templates/brand.md:8		Prefer about 1,400 words per page; preserve material information if longer.	template:unchanged-until-phase-4
R1684	.agents/templates/product.md	Product	9	method	template	template			Describe the intended offer and experience before engineering.	template:unchanged-until-phase-4
R1685	.agents/templates/product.md	Product	9	evidence	template	template			Keep client facts, market evidence and proposed outcomes distinct; do not invent operator numbers.	template:unchanged-until-phase-4
R1686	.agents/templates/product.md	Product	9	evidence	template	template			Runtime checks, bug repair and release/license-source audits are not completion criteria.	template:unchanged-until-phase-4
R1687	.agents/templates/product.md	Product	9	method	template	template			Follow .agents/contracts/product-models.md.	template:reference-fixed
R1688	.agents/templates/product.md	Customer Segments	24	method	template	template			Distinguish user, buyer, payer, beneficiary, and decision-maker; combine roles only when they are genuinely the same person.	template:unchanged-until-phase-4
R1689	.agents/templates/product.md	Customer Segments	24	gate-candidate	template	template			Give distinct segments stable names/IDs, declare the IDs in customer_segments frontmatter, and connect each to its value proposition below.	template:unchanged-until-phase-4
R1690	.agents/templates/product.md	Value Propositions	46	evidence	template	template			Map jobs, pains, and gains to the offer, but do not call the mapping product-market fit without customer evidence.	template:unchanged-until-phase-4
R1691	.agents/templates/product.md	Offer and usage	51	method	template	template			Link the model Revenue Streams for money terms; Sales owns the complete customer process.	template:unchanged-until-phase-4
R1692	.agents/templates/product.md	Offer and usage	51	method	template	template			These are product requirements, not installation instructions, runtime acceptance checks or a debugging plan.	template:unchanged-until-phase-4
R1693	.agents/templates/product.md	Business goals and metrics	64	method	template	template			Choose only goals that fit the product.	template:unchanged-until-phase-4
R1694	.agents/templates/product.md	Business goals and metrics	64	method	template	template			Business learning can inform these choices, but this section does not prescribe engineering tests or release gates.	template:unchanged-until-phase-4
R1695	.agents/templates/product.md	Business goals and metrics	69	method	template	template			Initial client-factual Product is created after confirmed Brief, before Strategy.	template:unchanged-until-phase-4
R1696	.agents/templates/product.md	Business goals and metrics	69	method	template	template			Later apply approved Strategy, Brand, Design and Assets as a coherent business proposal without redefining them.	template:unchanged-until-phase-4
R1697	.agents/templates/product.md	Business goals and metrics	69	method	template	template			Confirmation belongs to metadata.	template:unchanged-until-phase-4
R1698	.agents/templates/product-model.md	Operations & Economics	8	readability	duplicate	.agents/templates/brand.md:8	.agents/templates/brand.md:8		Prefer about 1,400 words per page; preserve material information if longer.	template:unchanged-until-phase-4
R1699	.agents/templates/product-model.md	Operations & Economics	8	gate-candidate	template	template			Record facts, confirmed intentions and explicitly sourced assumptions; headings are not evidence.	template:unchanged-until-phase-4
R1700	.agents/templates/product-model.md	Operations & Economics	8	prohibition	template	template			Never duplicate Product or Sales here.	template:unchanged-until-phase-4
R1701	.agents/templates/product-model.md	Key Activities	30	prohibition	template	template			Activities creating/providing value, their owners and links to the whole Sales or other existing process; do not summarize that process a second time.	template:unchanged-until-phase-4
R1702	.agents/templates/product-model.md	Key Resources	35	method	template	template			Required people, physical, financial and intellectual resources; stable resource IDs, scope, owner, availability/capacity and material constraints.	template:unchanged-until-phase-4
R1703	.agents/templates/product-model.md	Key Resources	35	prohibition	template	template			Cross-model resource references point to their one owning model; never copy the allowance.	template:unchanged-until-phase-4
R1704	.agents/templates/product-model.md	Key Partnerships	41	method	template	template			An integration is not a partnership agreement.	template:unchanged-until-phase-4
R1705	.agents/templates/product-model.md	Cost Structure	46	method	template	template			Shared costs are counted once; allocate only with an explicit basis.	template:unchanged-until-phase-4
R1706	.agents/templates/product-model.md	Funding	53	prohibition	template	template			Do not invent budgets, financing or contribution margins.	template:unchanged-until-phase-4
R1707	.agents/templates/product-model.md	Assumptions and decision rules	58	method	template	template			Operator facts block only decisions that require them.	template:unchanged-until-phase-4
R1708	.agents/templates/product-model.md	Assumptions and decision rules	58	method	template	template			Record the next bounded model decision.	template:unchanged-until-phase-4
R1709	.agents/templates/product-research.md	Product research	9	method	template	template			Prepared before its strategic selection and maintained with the product.	template:unchanged-until-phase-4
R1710	.agents/templates/product-research.md	Product research	9	evidence	template	template			No business-wide Research document.	template:unchanged-until-phase-4
R1711	.agents/templates/product-research.md	Product research	9	evidence	template	template			Sources and findings remain here; they do not become client facts in Product or a model.	template:unchanged-until-phase-4
R1712	.agents/templates/product-research.md	Decision and scope	15	evidence	template	template			Keep questions, methods, observations, limitations, contradictions and implications together here; owners cite finding IDs rather than copying them.	template:unchanged-until-phase-4
R1713	.agents/templates/product-research.md	Decision and scope	15	method	template	template			Include only materially relevant supporting activities.	template:unchanged-until-phase-4
R1714	.agents/templates/product-research.md	Alternatives and competition	28	method	template	template			Explain why the comparison set fits this product; availability does not prove demand.	template:unchanged-until-phase-4
R1715	.agents/templates/product-research.md	Findings and unknowns	42	gate-candidate	template	template			It must start with a letter, contain only letters/digits, and be unique among products in the same source-layer catalog.	template:unchanged-until-phase-4
R1716	.agents/templates/product-research.md	Findings and unknowns	42	inheritance	template	template			Give each finding the short ID `<product-prefix>-<SPS|S>-<number>`: `EX-SPS-01` belongs to `singlepage`, and `EX-S-01` belongs to `startup`.	template:unchanged-until-phase-4
R1717	.agents/templates/product-research.md	Findings and unknowns	42	method	duplicate	.agents/roles/market-researcher.md:44	.agents/roles/market-researcher.md:44		Use at least two digits for the number.	template:unchanged-until-phase-4
R1718	.agents/templates/product-research.md	Findings and unknowns	42	inheritance	template	template		.agents/roles/market-researcher.md:44	Keep the source marker when inherited; `default` never owns findings.	template:unchanged-until-phase-4
R1719	.agents/templates/product-research.md	Findings and unknowns	42	evidence	template	template			Declare findings as bold IDs at the start of a paragraph, list item or table row.	template:unchanged-until-phase-4
R1720	.agents/templates/product-research.md	Findings and unknowns	42	evidence	template	template			Use the complete short ID in every citation and metadata `finding_ids` entry; spell out ranges as complete IDs.	template:unchanged-until-phase-4
R1721	.agents/templates/product-research.md	Findings and unknowns	42	method	template	template			Dotted namespaces and unqualified IDs are not valid.	template:unchanged-until-phase-4
R1722	.agents/templates/product-research.md	Sources	54	evidence	template	template			As many compact source rows as material findings need, with no hard cap: stable ID, attributable source/link, original access date, supported finding, and limitation.	template:unchanged-until-phase-4
R1723	.agents/templates/product-research.md	Sources	54	evidence	template	template			Sources shared by products need an explicit applicability statement in each consuming product.	template:unchanged-until-phase-4
R1724	.agents/templates/product-research.md	Sources	54	evidence	template	template			Source IDs may be local to this document; cross-document source references must include its Research path.	template:unchanged-until-phase-4
R1725	.agents/templates/product-research.md	Sources	60	gate-candidate	duplicate	.agents/contracts/product-models.md:229	.agents/contracts/product-models.md:229		Apply `.agents/contracts/research-sales-audit.md` for segment-by-segment Sales validation, competitor detail, evidence verdicts and the reusable Research tree.	template:reference-fixed
R1726	.agents/templates/product-research-segment.md	Segment research	11	gate-candidate	template	template			Register this page under catalog section research; use actual Product/Sales IDs.	template:unchanged-until-phase-4
R1727	.agents/templates/product-research-segment.md	Segment research	11	readability	duplicate	workflow (one readability paragraph)			Follow .agents/contracts/research-sales-audit.md and document-readability.md.	template:reference-fixed
R1728	.agents/templates/product-research-segment.md	Segment research	11	evidence	template	template			Do not leave template instructions as completed research.	template:unchanged-until-phase-4
R1729	.agents/templates/product-research-segment.md	Needs and reasons to choose	25	evidence	template	template			Use stable finding IDs, source links/dates and limitations; avoid unsupported emotions, personas, success rates or guarantees.	template:unchanged-until-phase-4
R1730	.agents/templates/product-research-segment.md	Acquisition and Customer Journey Map	32	method	template	template			Inspect each acquisition route and CJM step.	template:unchanged-until-phase-4
R1731	.agents/templates/product-research-segment.md	Acquisition and Customer Journey Map	32	method	template	template			Capability or channel availability alone does not establish discovery, conversion, retention or willingness to pay.	template:unchanged-until-phase-4
R1732	.agents/templates/product-research-segment.md	Commercial conclusions	37	method	template	template			What is supported, needs refinement, contradicted or unresolved; consequences for this segment's offer, Sales route, Website and Marketing Creative.	template:unchanged-until-phase-4
R1733	.agents/templates/product-research-segment.md	Commercial conclusions	37	method	template	template			Preserve material uncertainty without turning the page into an engineering test plan.	template:unchanged-until-phase-4
R1734	.agents/templates/product-research-segment.md	Sources	43	evidence	template	template			All material sources with stable ID/link, date, publisher, population/sample, relevance, commercial interest and limitations; no arbitrary source count cap.	template:unchanged-until-phase-4
R1735	.agents/templates/product-research-competitors.md	Competitors and alternatives	9	gate-candidate	template	template			Register in catalog section research.	template:unchanged-until-phase-4
R1736	.agents/templates/product-research-competitors.md	Competitors and alternatives	9	readability	duplicate	workflow (one readability paragraph)			Follow research-sales-audit.md and document-readability.md.	template:reference-fixed
R1737	.agents/templates/product-research-competitors.md	Offer comparison	20	evidence	template	template			Use authoritative current sources.	template:unchanged-until-phase-4
R1738	.agents/templates/product-research-competitors.md	Offer comparison	20	method	template	template			Record control/ownership and distribution when material to the customer.	template:unchanged-until-phase-4
R1739	.agents/templates/product-research-competitors.md	Offer comparison	20	method	template	template			Vendor descriptions establish their offer, not unbiased customer outcomes.	template:unchanged-until-phase-4
R1740	.agents/templates/product-research-competitors.md	Alternative detail	26	evidence	template	template			Give each material alternative enough room for decision context, distinguishing strengths/limitations, source-backed facts, counterevidence and implications for the matching segment.	template:unchanged-until-phase-4
R1741	.agents/templates/product-research-competitors.md	Alternative detail	26	evidence	template	template			Split into child pages if useful; keep stable finding IDs.	template:unchanged-until-phase-4
R1742	.agents/templates/product-analytics.md	Product analytics	8	evidence	template	template			Record current values, periods and sources here without copying those definitions.	template:unchanged-until-phase-4
R1743	.agents/templates/product-analytics.md	Measurement scope	15	prohibition	template	template			State which parts of the intended customer journey can and cannot currently be observed.	template:unchanged-until-phase-4
R1744	.agents/templates/product-analytics.md	Measurement scope	15	method	template	template			Missing data is unknown, not zero.	template:unchanged-until-phase-4
R1745	.agents/templates/product-analytics.md	Product usage and retention	26	method	template	template			Keep planned events and instrumentation gaps distinct from measurements.	template:unchanged-until-phase-4
R1746	.agents/templates/product-analytics.md	Sources and limitations	37	evidence	template	template			Name each analytics, CRM, payment, interview or manually inspected source, access date, coverage, attribution rule and limitation.	template:unchanged-until-phase-4
R1747	.agents/templates/product-analytics.md	Sources and limitations	37	evidence	template	template			Research cites this page when it draws a conclusion; it does not replace the observations with a second copy.	template:unchanged-until-phase-4
R1748	.agents/templates/website.md	Website	8	readability	duplicate	.agents/templates/brand.md:8	.agents/templates/brand.md:8		Prefer about 1,400 words per page; preserve material information if longer.	template:unchanged-until-phase-4
R1749	.agents/templates/website.md	Website	8	prohibition	template	template			Describe the visitor experience engineering should build; production implementation and runtime tests do not gate this document.	template:unchanged-until-phase-4
R1750	.agents/templates/website.md	Website	12	method	template	template			The rendered body contains only project-specific visitor experience, routes, copy and material interaction behavior.	template:unchanged-until-phase-4
R1751	.agents/templates/website.md	Website	12	method	template	template			Keep Text/Layout synchronization, approved-design application, responsiveness/accessibility checks, confirmation, dependencies, implementation, backend and security instructions in this comment, the Web Designer role, metadata or engineering work.	template:unchanged-until-phase-4
R1752	.agents/templates/website.md	Website	12	prohibition	template	template			Do not render them as generic guidance or an “awaiting review” conclusion.	template:unchanged-until-phase-4
R1753	.agents/templates/website.md	Objective and customer result	21	gate-candidate	template	template			The recognizable customer problem, supplied material, concrete product output and business result the site helps the person pursue Target Product segment plus the Sales acquisition and CJM IDs this site serves Customer language; avoid brand-first headings, vague “start” CTAs and internal terms that a first-time visitor would not understand	template:unchanged-until-phase-4
R1754	.agents/templates/website.md	Customer journey and site structure	29	workflow	template	template			Complete site tree derived from the whole applicable CJM, including discovery, access, intake, workspace, purchase, settings, delivery/publication, continuation, support and cross-product handoff where applicable For every route: visitor situation, page purpose, required information, primary action, next route and recovery or alternative path Cross-route continuity: saved work, return destination after sign-in or purchase, and which screen owns each customer decision	template:unchanged-until-phase-4
R1755	.agents/templates/website.md	Key product interactions	39	method	template	template			Project-specific uploads, forms, choices, editable outputs, purchase moments, publishing, support and handoffs that make the customer journey work Only states that materially change what the person understands, can do next or must recover from; generic UI-state and quality checklists stay outside the body Exact commercial behavior comes from Product, model and Sales rather than a second price, support or scope description	template:unchanged-until-phase-4
R1756	.agents/templates/website.md	Page copy and metadata	48	gate-candidate	template	template			Final customer-facing title, description and route-specific messages Author each route's complete headings, offer, process, CTA, form labels, consequential states and metadata in its product-owned Markdown page Keep overview and page copy complementary rather than duplicated	template:unchanged-until-phase-4
R1757	.agents/templates/website.md	Page copy and metadata	53	gate-candidate	template	template			Framework contract: register one catalog node per route with representations.text and optional representations.preview.	template:unchanged-until-phase-4
R1758	.agents/templates/website.md	Page copy and metadata	53	method	template	template			Keep the shared review shell outside exported customer layouts.	template:unchanged-until-phase-4
R1759	.agents/templates/website.md	Page copy and metadata	53	method	template	template			Apply approved Design and verify responsive/accessibility behavior without restating those defaults in the artifact.	template:unchanged-until-phase-4
R1760	.agents/templates/website.md	Page copy and metadata	62	method	template	template			Use the existing internationalization configuration and localized vocabulary fields.	template:unchanged-until-phase-4
R1761	.agents/templates/website.md	Page copy and metadata	62	gate-candidate	template	template			Text/Layout/export must use the same locale and canonical wording.	template:unchanged-until-phase-4
R1762	.agents/templates/creative.md	Marketing Creative	8	readability	duplicate	.agents/templates/brand.md:8	.agents/templates/brand.md:8		Prefer about 1,400 words per page; preserve material information if longer.	template:unchanged-until-phase-4
R1763	.agents/templates/creative.md	Objective and selected distribution	12	method	template	template			One measurable communication objective from the approved strategy Only channels selected for the current experiment; explicitly list excluded channels and paid-media status Audience situation, entry point, destination, action, and tracking boundary	template:unchanged-until-phase-4
R1764	.agents/templates/creative.md	Message-to-format plan	19	evidence	template	template			For each selected channel: format, role in the journey, message, proof or disclosure, action, destination, and required variants Reuse the approved communication hierarchy; do not create a new position, unsupported claim, or generic content calendar	template:unchanged-until-phase-4
R1765	.agents/templates/creative.md	Creative system application	26	gate-candidate	template	template			Apply the approved brand colors, typography, logos, photography language, illustration language, grid, motion, and accessibility rules Define format-specific composition, safe areas, crop behavior, duration or frame sequence, captions, alt text, and platform constraints Do not redefine the brand system and do not include website navigation, forms, validation, page sections, or post-conversion UI	template:unchanged-until-phase-4
R1766	.agents/templates/creative.md	Production specification	35	evidence	template	template			Exact asset IDs, copy, prompts, variants, source and rights status, output dimensions, export target, naming, and owner Tracking event and the material customer action after the click or view Address material Marketing Creative constraints and unresolved questions; unselected formats remain absent rather than filled with placeholders	template:unchanged-until-phase-4
R1767	.agents/templates/creative.md	Production specification	41	gate-candidate	template	template			Register actual selected covers, article/post copy, storyboards and optional motion as product-owned catalog pages with Text/Layout.	template:unchanged-until-phase-4
R1768	.agents/templates/creative.md	Production specification	41	method	template	template			Use shared utils/media artboards, PNG, and optional Remotion/MP4 instead of project-specific export engines.	template:unchanged-until-phase-4
R1769	.agents/templates/creative.md	Production specification	41	evidence	template	template			This overview owns the campaign direction; canonical material copy lives once in each material source.	template:unchanged-until-phase-4
R1770	.agents/templates/creative.md	Production specification	41	confirmation	template	template			Review state, approval mechanics, framework behavior and generic production QA stay in metadata, roles and tools rather than visible material copy.	template:unchanged-until-phase-4
R1771	.agents/templates/products.yaml	(top)	1	gate-candidate	template	template			Save at products/<layer>/catalog.yaml; keep both layer catalogs from the outset.	template:unchanged-until-phase-4
R1772	.agents/templates/products.yaml	(top)	1	gate-candidate	template	template			All catalog paths (documents, data, and React entry points) use products/<layer>/.	template:unchanged-until-phase-4
R1773	.agents/templates/products.yaml	(top)	6	method	template	template			Keep every client-confirmed product, including drafts and products outside the current experiment.	template:unchanged-until-phase-4
R1774	.agents/templates/products.yaml	(top)	6	inheritance	template	template			Every product belongs to exactly one layer and keeps Research, Sales, Product, Analytics, and its promotional materials together.	template:unchanged-until-phase-4
R1775	.agents/templates/products.yaml	(top)	6	method	template	template			Optional sections augment core tabs or add tabs; nested pages may use any supported working format.	template:unchanged-until-phase-4
R1776	.agents/templates/products.yaml	(top)	6	inheritance	template	template			Shared utilities live in utils/products/, while product pages, components, and supporting files stay in their layer folder.	template:unchanged-until-phase-4
R1777	.agents/templates/products.yaml	(top)	6	migration	template	template			Legacy content and website_component fields remain supported.	template:unchanged-until-phase-4
R1778	.agents/templates/products.yaml	(top)	6	gate-candidate	template	template			If startup contains at least one product, the complete startup catalog replaces the complete singlepage catalog in default; products never merge by ID across layers.	template:unchanged-until-phase-4
R1779	.agents/templates/products.yaml	(top)	16	gate-candidate	template	template			models: id: replace-with-model-id name: Model name source: models/replace-with-model-id/model.md uses: [] # optional IDs of other models owning shared resources; no cycles products: id: replace-with-kebab-case-id model: replace-with-model-id name: Replace with product name summary: Replace with one-sentence product summary. research: replace-with-id/research.md sales: replace-with-id/sales.yaml product: replace-with-id/product.md analytics: replace-with-id/analytics.md	template:unchanged-until-phase-4
R1780	.agents/templates/products.yaml	Materials below are optional until their stage; declared files must exist.	31	method	template	template			website: replace-with-id/website.md marketing_creative: replace-with-id/marketing-creative.md presentation: replace-with-id/presentation/ProjectPresentation.tsx presentation_data: replace-with-id/presentation/data.yaml	template:unchanged-until-phase-4
R1781	.agents/templates/products.yaml	export: pdf	60	gate-candidate	template	template			Every v2 product needs a model from this same catalog.	template:unchanged-until-phase-4
R1782	.agents/templates/products.yaml	export: pdf	60	prohibition	template	template			Never create Business/Portfolio or a mandatory duplicate canvas overview.	template:unchanged-until-phase-4
R1783	.agents/templates/sales-process.yaml	(top)	13	gate-candidate	template	template			Each id matches Product frontmatter customer_segments and its Customer Segments section.	template:unchanged-until-phase-4
R1784	.agents/templates/sales-process.yaml	(top)	13	workflow	template	template			Studio supplies Overview and one sidebar page per segment; no layout file is needed. id: segment-id name: Customer segment name audience: Who this is, their situation and intended progress. roles: User, buyer/payer, beneficiary and decision-maker, including delegated choice. needs: [Needs and pains grounded in client inputs or attributed evidence] motivations: [Why this audience cares and wants the outcome] purchase_trigger: Circumstance that prompts purchase or free adoption. decision_criteria: [What matters when comparing alternatives] value_proposition: Benefit offered to this segment. objections: concern: Reason to hesitate or choose another approach. response: Truthful sales argument addressing the concern. evidence: What to show; distinguish a proposed demonstration from existing proof. acquisition: id: channel-id channel: Specific source of discovery. context: Customer situation, question or intent at this source. message: Relevant promise. cta: Next action. destination: Named page, experience or handoff. journey: id: journey-step-id name: Customer Journey Map phase customer_goal: Result the customer wants here. customer_action: What they do. customer_question: Question before continuing, not a fabricated customer quote. experience: Desired experience; label inferred motives in source metadata. touchpoint: Where interaction happens. owner: Responsible person or role. entry_conditions: [] required_fields: [] # Context needed, not mandatory forms. action: Business response and value delivered. exit_condition: Intended transition. failure: Commercial alternative, abandonment, help or optional continuation. metric: Relevant business measure without invented targets.	template:unchanged-until-phase-4
R1785	.agents/templates/sales-process.yaml	(top)	13	method	template	template			At 40-products, develop each segment from approved direction.	template:unchanged-until-phase-4
R1786	.agents/templates/sales-process.yaml	(top)	13	readability	duplicate	workflow (one readability paragraph)			Keep each rendered segment preferably around 1,400 words, with no aggregate YAML or segment cap.	template:unchanged-until-phase-4
R1787	.agents/templates/sales-process.yaml	(top)	13	method	template	template			Preserve all material context, and support/retention without forcing everyone through optional actions.	template:unchanged-until-phase-4
R1788	.agents/templates/sales-process.yaml	(top)	13	method	template	template			No software bugs, tests or installation gates belong here.	template:unchanged-until-phase-4
R1789	.agents/templates/sales-process.yaml	(top)	13	evidence	template	template			Sources classify facts, proposals and unknowns; confirmation stays in metadata.	template:unchanged-until-phase-4
R1790	.agents/templates/asset-index.yaml	(top)	22	evidence	template	template			Register every materially used visual reference as source_type: public-reference.	template:unchanged-until-phase-4
R1791	.agents/templates/asset-index.yaml	(top)	22	evidence	template	template			Its purpose names the observable quality to pursue or avoid; rights_status and prohibited_use make clear that preference does not grant copying, derivation, publication, trademark, imagery, or source-file rights.	template:unchanged-until-phase-4
R1792	.agents/templates/asset-index.yaml	(top)	22	method	template	template			Every client or public-reference Design input declares one intake_category: identity, interface, typography, photography, illustration, or marketing-creative.	template:unchanged-until-phase-4
R1793	.agents/templates/asset-index.yaml	(top)	22	prohibition	template	template			`unclassified` is a temporary correction state and never satisfies a Design gate.	template:unchanged-until-phase-4
R1794	.agents/templates/asset-index.yaml	(top)	22	confirmation	template	template			When the owning decision rejects or replaces an input, remove its exact file, registry row, and stale current links after checking references.	template:unchanged-until-phase-4
R1795	.agents/templates/asset-index.yaml	(top)	22	method	template	template			Every categorized preference reference also records `preference_signal` as the operator's exact observable liked or disliked quality.	template:unchanged-until-phase-4
R1796	.agents/templates/asset-index.yaml	(top)	22	prohibition	template	template			A category label or file alone never authorizes an agent-inferred preference.	template:unchanged-until-phase-4
R1797	.agents/templates/asset-index.yaml	(top)	22	inheritance	template	template			For source_type: generated, lifecycle is required and must be proposed or approved. proposal_id must equal the design artifact's current Visual proposal ID, and the path must be below assets/<layer>/generated/<proposal_id>/.	template:unchanged-until-phase-4
R1798	.agents/templates/asset-index.yaml	(top)	22	confirmation	template	template			Rejected, withdrawn, superseded, stale, or obsolete generated outputs are deleted with their registry entries; the active registry never archives them.	template:unchanged-until-phase-4
R1799	.agents/templates/asset-index.yaml	(top)	22	method	template	template			When an asset must appear in the reusable Design projection, design_role names the renderer family (for example logo, photography, or motif) and design_key is the stable semantic slot used by brand-derived data.	template:unchanged-until-phase-4
R1800	.agents/templates/asset-index.yaml	(top)	22	prohibition	template	template			React components must never select a project asset by its full project-specific ID.	template:unchanged-until-phase-4
R1801	.agents/README.md	SinglePageStartup agent system	3	method	operator-doc	operator-doc			Provider directories such as `.claude/` and `.codex/` contain only native discovery metadata and adapters to these files.	kept:operator-doc
R1802	.agents/README.md	Ownership	10	method	operator-doc	operator-doc			`workflows/pre-development.md` coordinates the local process before engineering through durable `00`, `10`, `20`, `30`, and `40` stages.	kept:operator-doc
R1803	.agents/README.md	Ownership	10	evidence	operator-doc	operator-doc			`roles/SOURCES.md` is provenance only and is not routine context.	kept:operator-doc
R1804	.agents/README.md	Ownership	10	method	operator-doc	operator-doc			Questions and constraints belong in their owning document, not a separate checklist.	kept:operator-doc
R1805	.agents/README.md	Ownership	10	method	operator-doc	operator-doc			`contracts/` contains rules that apply across roles and workflows.	kept:operator-doc
R1806	.agents/README.md	Ownership	10	inheritance	operator-doc	operator-doc			Every role and workflow invokes it after content and evidence are correct; provider adapters inherit the rule from their canonical source.	kept:operator-doc
R1807	.agents/README.md	Ownership	26	method	operator-doc	operator-doc			Executable GitHub helpers remain under `.claude/helpers/` for path compatibility; they are shared runtime utilities, not Claude-owned process definitions.	kept:operator-doc
R1808	.agents/README.md	Ownership	29	inheritance	operator-doc	operator-doc			Synchronization and agent startup do not run this adaptation command or depend on its completion.	kept:operator-doc
R1809	.agents/README.md	Ownership	29	migration	operator-doc	operator-doc			`tools/upstream/migrations.mjs` checks integrated history and maintains a small checkout-local Git cursor; it does not store project facts or run commit text.	kept:operator-doc
R1810	.agents/README.md	Loading rule	39	method	duplicate	workflow			Context selection exists to prevent project and role collisions, not to limit investigation.	removed:duplicate (workflow)
R1811	.agents/README.md	Loading rule	39	evidence	duplicate	workflow			Load additional relevant material whenever it is needed to verify a material claim or complete the professional review.	removed:duplicate (workflow)
R1812	.agents/README.md	Loading rule	45	readability	duplicate	workflow (one readability paragraph)			Primary living documents remain operator-readable: preferably about 1,400 words per page (not a hard cap), one current decision per topic, and no interview chronology or workflow history.	removed:restatement (workflow working rules own it)
R1813	.agents/README.md	Loading rule	45	method	duplicate	workflow			Assets is a reference register and are loaded by current use.	removed:duplicate (workflow)
R1814	.agents/README.md	Loading rule	49	inheritance	duplicate	workflow			Start with the active workflow and resolve the repository-owned layer.	removed:duplicate (workflow)
R1815	.agents/README.md	Loading rule	49	workflow	duplicate	workflow			Run the mandatory GitHub preflight before reading the layer-local `apps/studio/workspace/utils/pre-development/<layer>.yaml` cursor.	removed:duplicate (workflow)
R1816	.agents/README.md	Loading rule	49	workflow	duplicate	workflow			Reconcile the cursor against the current pipeline using `contracts/pipeline-reconciliation.md`, then against its artifact prerequisite closure, and only then load the active consolidated role, the current stage criteria, and material questions in the owning documents.	removed:duplicate (workflow)
R1817	.agents/README.md	Loading rule	49	inheritance	duplicate	workflow			Read the singlepage-to-startup resolution but write changes only to the repository-owned layer's source.	removed:duplicate (workflow)
R1818	.agents/README.md	Loading rule	49	inheritance	duplicate	workflow			Do not load all workflows, roles, unrelated stages, knowledge, templates, or both complete project layers into one context.	removed:duplicate (workflow)
R1819	.agents/README.md	Loading rule	61	workflow	duplicate	workflow			Pipeline reconciliation runs on every invocation.	removed:duplicate (workflow)
R1820	.agents/README.md	Loading rule	61	migration	duplicate	workflow			It stores no pipeline version or migration journal and requires no separate user command.	removed:duplicate (workflow)
R1821	.agents/README.md	Loading rule	68	method	duplicate	workflow			Canonical files are not provider discovery entries.	removed:duplicate (workflow)
R1822	.agents/README.md	Loading rule	68	method	duplicate	workflow			A provider adapter must explicitly load the matching role.	removed:duplicate (workflow)
R1823	.agents/README.md	Loading rule	68	evidence	duplicate	workflow			Codex does this through `.codex/agents/<role>.toml`; a registry ID or source URL alone never adds content to the model context.	removed:duplicate (workflow)
R1824	.agents/README.md	Pre-development workspace projections	81	inheritance	duplicate	contract:inheritance			Agents resolve `singlepage → startup → default`, but write only to the active repository-owned `singlepage` or `startup` source.	removed:duplicate (contract:inheritance)
R1825	.agents/README.md	Pre-development workspace projections	81	prohibition	duplicate	contract:inheritance			They never create or edit a `default` Markdown, YAML, or generated content file.	removed:duplicate (contract:inheritance)
R1826	.agents/README.md	Pre-development workspace projections	81	gate-candidate	duplicate	contract:inheritance			An empty startup source passes singlepage through unchanged; product catalogs follow their atomic replacement rule defined in `workflows/pre-development.md`.	removed:duplicate (contract:inheritance)
R1827	.agents/README.md	Pre-development workspace projections	87	method	duplicate	contract:inheritance			Brief records the products in scope and the limited role of supporting activities. product models records only client facts, supplied materials, and confirmed intentions.	removed:duplicate (contract:inheritance)
R1828	.agents/README.md	Pre-development workspace projections	87	evidence	duplicate	contract:inheritance			Each product owns Research, Sales and Analytics in its product folder; external research starts before strategic selection at `10-strategy`, not during intake.	removed:duplicate (contract:inheritance)
R1829	.agents/README.md	Pre-development workspace projections	87	method	duplicate	contract:inheritance		.agents/roles/strategist.md:18	Strategy describes one concrete final picture of the whole project after it satisfies the approved Brief as fully as known constraints allow.	removed:duplicate (contract:inheritance)
R1830	.agents/README.md	Pre-development workspace projections	87	method	duplicate	contract:inheritance			Detailed campaigns and tests belong to product work.	removed:duplicate (contract:inheritance)
R1831	.agents/README.md	Pre-development workspace projections	87	method	duplicate	contract:inheritance			Products retains every client-confirmed product regardless of marketing priority.	removed:duplicate (contract:inheritance)
R1832	.agents/README.md	Pre-development workspace projections	87	gate-candidate	duplicate	contract:inheritance			A showcase, reference project, possible future payment, repository folder, or agent idea never creates a catalog entry by inference.	removed:duplicate (contract:inheritance)
R1833	.agents/README.md	Pre-development workspace projections	100	inheritance	duplicate	contract:inheritance			The owner reviews `default` first in Storybook Studio and opens `singlepage` or `startup` only to inspect provenance or edit the corresponding canonical source.	removed:duplicate (contract:inheritance)
R1834	apps/studio/workspace/README.md	Workspace	3	method	operator-doc	operator-doc			AI agents edit the files in this directory; Storybook Studio renders the same files as a read-only review surface.	kept:operator-doc
R1835	apps/studio/workspace/README.md	Workspace	3	method	operator-doc	operator-doc			There is no generated `default` file and no separate JSON content store.	kept:operator-doc
R1836	apps/studio/workspace/README.md	Workspace	8	method	operator-doc	operator-doc			The owner should be able to review the project in order without understanding a marketing framework.	kept:operator-doc
R1837	apps/studio/workspace/README.md	Workspace	8	method	operator-doc	operator-doc			Product materials change more often and affect only their own offer.	kept:operator-doc
R1838	apps/studio/workspace/README.md	Review order	20	inheritance	operator-doc	operator-doc			Open `singlepage` or `startup` only when you need to see where a value came from.	kept:operator-doc
R1839	apps/studio/workspace/README.md	Review order	23	gate-candidate	operator-doc	operator-doc			Every review document can be downloaded without its confirmation frontmatter.	kept:operator-doc
R1840	apps/studio/workspace/README.md	Review order	23	gate-candidate	operator-doc	operator-doc			Use Markdown when another chat or project needs the complete semantic source; headings and tables stay authored Markdown.	kept:operator-doc
R1841	apps/studio/workspace/README.md	Review order	23	method	operator-doc	operator-doc			Use HTML when the rendered Brand, Design, product page, or other visual composition is also relevant.	kept:operator-doc
R1842	apps/studio/workspace/README.md	Review order	23	method	operator-doc	operator-doc			The HTML snapshot contains the current layout, active styles, and local images, while the Markdown remains the authoritative portable text.	kept:operator-doc
R1843	apps/studio/workspace/README.md	Document review status	32	inheritance	operator-doc	operator-doc			Source layer provenance remains in the selected projection and document metadata.	kept:operator-doc
R1844	apps/studio/workspace/README.md	Document review status	41	method	operator-doc	operator-doc			The shared `DesignRenderer` owns the header even when the overview block is omitted or a project supplies a complete custom template.	kept:operator-doc
R1845	apps/studio/workspace/README.md	Document review status	41	gate-candidate	operator-doc	operator-doc			Custom templates start their content headings at H2 and do not repeat the document title or badge.	kept:operator-doc
R1846	apps/studio/workspace/README.md	Document review status	41	method	operator-doc	operator-doc			Scope project styles to the visual canvas so a new identity does not restyle the Workspace header.	kept:operator-doc
R1847	apps/studio/workspace/README.md	Document review status	41	method	operator-doc	operator-doc			Keep process metadata out of the mockup itself.	kept:operator-doc
R1848	apps/studio/workspace/README.md	Document review status	51	confirmation	operator-doc	operator-doc			For example, a capacity change in a shared model makes Strategy stale even while its text stays unchanged; Brand and product materials can become stale through that same dependency chain.	kept:operator-doc
R1849	apps/studio/workspace/README.md	Document review status	51	confirmation	operator-doc	operator-doc			If the decision is unaffected, it updates only the input snapshot and preserves the prior approval.	kept:operator-doc
R1850	apps/studio/workspace/README.md	Document review status	51	workflow	operator-doc	operator-doc			If affected, it corrects the owning document and obtains the confirmation required by that stage.	kept:operator-doc
R1851	apps/studio/workspace/README.md	Document review status	51	prohibition	operator-doc	operator-doc			A commit or an agent answer never means that the user approved a document.	kept:operator-doc
R1852	apps/studio/workspace/README.md	Document review status	59	gate-candidate	operator-doc	operator-doc			It records only the current reviewed input fingerprints, not a timeline.	kept:operator-doc
R1853	apps/studio/workspace/README.md	Document review status	59	inheritance	operator-doc	operator-doc			Dependencies resolve through the same selected layers as the document: a hidden base edit has no effect; an inherited section change does.	kept:operator-doc
R1854	apps/studio/workspace/README.md	Document review status	59	method	operator-doc	operator-doc			Selected product files keep their own inputs.	kept:operator-doc
R1855	apps/studio/workspace/README.md	Document review status	59	inheritance	operator-doc	operator-doc			Startup still needs its own user approval at approval gates.	kept:operator-doc
R1856	apps/studio/workspace/README.md	Document review status	65	method	operator-doc	operator-doc			Agents follow [the shared status contract](../../../.agents/contracts/document-confirmation.md).	kept:operator-doc
R1857	apps/studio/workspace/README.md	The three views	69	evidence	operator-doc	operator-doc			Every shared artifact has two editable sources and one resolved view:	kept:operator-doc
R1858	apps/studio/workspace/README.md	The three views	75	inheritance	operator-doc	operator-doc			A downstream project writes only its changes to startup; it does not copy unchanged framework prose.	kept:operator-doc
R1859	apps/studio/workspace/README.md	File map	85	method	duplicate	.agents/contracts/context-loading.md:49	.agents/contracts/context-loading.md:49		Assets and font licenses remain directly accessible.	removed:duplicate (.agents/contracts/context-loading.md:49)
R1860	apps/studio/workspace/README.md	File map	85	gate-candidate	duplicate	.agents/contracts/context-loading.md:49	.agents/contracts/context-loading.md:49		Products keep their catalog, Markdown, YAML data, and product-specific React entry points together.	removed:duplicate (.agents/contracts/context-loading.md:49)
R1861	apps/studio/workspace/README.md	File map	127	evidence	operator-doc	operator-doc			`models` contains Operations & Economics sources, not application/backend modules.	kept:operator-doc
R1862	apps/studio/workspace/README.md	File map	127	method	operator-doc	operator-doc			A primary `.md` beside a same-named folder is its overview; the folder owns detail and authored layouts.	kept:operator-doc
R1863	apps/studio/workspace/README.md	File map	127	method	operator-doc	operator-doc			Generated Sales pages are not duplicated as Markdown files.	kept:operator-doc
R1864	apps/studio/workspace/README.md	File map	133	gate-candidate	duplicate	.agents/contracts/context-loading.md:83	.agents/contracts/context-loading.md:83		All catalog paths, including document data and React entry points, resolve below `products/<layer>/`.	removed:duplicate (.agents/contracts/context-loading.md:83)
R1865	apps/studio/workspace/README.md	File map	133	prohibition	duplicate	.agents/contracts/context-loading.md:83	.agents/contracts/context-loading.md:83		Components accept their own product data and may import their product's supporting files; they must not import another document's decisions at render time.	removed:duplicate (.agents/contracts/context-loading.md:83)
R1866	apps/studio/workspace/README.md	File map	133	method	duplicate	.agents/contracts/context-loading.md:83	.agents/contracts/context-loading.md:83		No compatibility copy is kept at old paths.	removed:duplicate (.agents/contracts/context-loading.md:83)
R1867	apps/studio/workspace/README.md	File map	140	confirmation	operator-doc	operator-doc			There is no separate decision checklist or approval summary in workspace.	kept:operator-doc
R1868	apps/studio/workspace/README.md	File map	140	gate-candidate	operator-doc	operator-doc			`utils/index/` describes dependency and inheritance rules; it does not contain business prose.	kept:operator-doc
R1869	apps/studio/workspace/README.md	File map	147	evidence	operator-doc	operator-doc			Keep this tree limited to current documents, their source assets, rendering code, and workflow state.	kept:operator-doc
R1870	apps/studio/workspace/README.md	File map	147	gate-candidate	operator-doc	operator-doc			Remove unused files together with their index entries, imports, and review dependencies.	kept:operator-doc
R1871	apps/studio/workspace/README.md	File map	147	gate-candidate	operator-doc	operator-doc			Empty indexed startup sources are required inheritance boundaries; retain them.	kept:operator-doc
R1872	apps/studio/workspace/README.md	File map	147	gate-candidate	operator-doc	operator-doc		.agents/contracts/context-loading.md:144	Keep both `products/singlepage/` and `products/startup/` from the outset, each with its own `catalog.yaml`.	kept:operator-doc
R1873	apps/studio/workspace/README.md	File map	147	method	operator-doc	operator-doc			Supplied references and font licenses remain useful inputs even when they are not rendered directly on a product page.	kept:operator-doc
R1874	apps/studio/workspace/README.md	Product catalogs	158	prohibition	operator-doc	operator-doc			Products use a stricter rule than shared documents because products from two different businesses must never be mixed.	kept:operator-doc
R1875	apps/studio/workspace/README.md	Product catalogs	161	gate-candidate	operator-doc	operator-doc			The framework owns `products/singlepage/catalog.yaml` and its product folders; downstream projects edit `products/startup/catalog.yaml` and add their own products beside it.	kept:operator-doc
R1876	apps/studio/workspace/README.md	Product catalogs	161	gate-candidate	operator-doc	operator-doc			The empty startup catalog is a working inheritance boundary and must be retained.	kept:operator-doc
R1877	apps/studio/workspace/README.md	Product catalogs	161	method	operator-doc	operator-doc			It does not need copies of the framework product folders.	kept:operator-doc
R1878	apps/studio/workspace/README.md	Product catalogs	169	inheritance	operator-doc	operator-doc			If startup defines at least one product, `default` shows only startup products.	kept:operator-doc
R1879	apps/studio/workspace/README.md	Product catalogs	169	evidence	operator-doc	operator-doc			The sources and review states remain separate.	kept:operator-doc
R1880	apps/studio/workspace/README.md	Product catalogs	169	gate-candidate	duplicate	.agents/contracts/product-models.md:51	.agents/contracts/product-models.md:51		All declared files must exist.	removed:duplicate (.agents/contracts/product-models.md:51)
R1881	apps/studio/workspace/README.md	Product catalogs	169	gate-candidate	operator-doc	operator-doc			It contains sibling `singlepage` and `startup` groups, each listing only products from its own catalog.	kept:operator-doc
R1882	apps/studio/workspace/README.md	Product catalogs	169	evidence	operator-doc	operator-doc			An empty source has a `No products` state.	kept:operator-doc
R1883	apps/studio/workspace/README.md	Product catalogs	169	inheritance	operator-doc	operator-doc			There is no visible default branch and no per-product layer list.	kept:operator-doc
R1884	apps/studio/workspace/README.md	Product catalogs	169	method	operator-doc	operator-doc			Opening a product starts with Product; its page contains only document navigation.	kept:operator-doc
R1885	apps/studio/workspace/README.md	Product catalogs	169	evidence	operator-doc	operator-doc			A missing source view never falls back to another product.	kept:operator-doc
R1886	apps/studio/workspace/README.md	Product catalogs	169	gate-candidate	operator-doc	operator-doc			These ignored files contain references only; edit names/order/membership in the owning catalog.	kept:operator-doc
R1887	apps/studio/workspace/README.md	Product catalogs	169	migration	operator-doc	operator-doc		.agents/templates/products.yaml:6	The legacy `content` and `website_component` fields remain supported.	kept:operator-doc
R1888	apps/studio/workspace/README.md	Product catalogs	169	inheritance	operator-doc	operator-doc			There is no fallback from a partially defined startup product to a singlepage product folder.	kept:operator-doc
R1889	apps/studio/workspace/README.md	Product catalogs	220	prohibition	operator-doc	operator-doc			It may narrow those decisions for one offer, but it must not silently redefine them.	kept:operator-doc
R1890	apps/studio/workspace/README.md	Additional product pages	226	inheritance	operator-doc	operator-doc			Only `singlepage/` and `startup/` live directly under `products/`.	kept:operator-doc
R1891	apps/studio/workspace/README.md	Additional product pages	226	inheritance	operator-doc	operator-doc			Product-specific React components, HTML pages, campaign images, data, and nested folders stay beside their owning documents in `products/<layer>/<product-id>/`.	kept:operator-doc
R1892	apps/studio/workspace/README.md	Additional product pages	231	evidence	operator-doc	operator-doc			IDs `product`, `model`, `research`, `sales`, `website`, `creative`, and `presentation` add pages to the existing core tab; its main document/deck remains available as **Overview**.	kept:operator-doc
R1893	apps/studio/workspace/README.md	Additional product pages	231	method	operator-doc	operator-doc			Other IDs create additional tabs in declaration order, numbered after the available core tabs.	kept:operator-doc
R1894	apps/studio/workspace/README.md	Additional product pages	231	evidence	operator-doc	operator-doc			A page with `children` may be a group or have its own `source`.	kept:operator-doc
R1895	apps/studio/workspace/README.md	Additional product pages	284	gate-candidate	operator-doc	operator-doc			Replace `my-product` with that catalog product's ID.	kept:operator-doc
R1896	apps/studio/workspace/README.md	Additional product pages	284	inheritance	operator-doc	operator-doc			Every `source` is relative to the selected layer and must stay in that product's folder.	kept:operator-doc
R1897	apps/studio/workspace/README.md	Additional product pages	284	gate-candidate	operator-doc	operator-doc			Missing declared files fail validation; files from another layer are never used as fallback.	kept:operator-doc
R1898	apps/studio/workspace/README.md	Additional product pages	284	method	operator-doc	operator-doc			Supporting files appear in navigation only when declared as pages.	kept:operator-doc
R1899	apps/studio/workspace/README.md	Additional product pages	289	method	operator-doc	operator-doc			Select a route, then switch **Text / Layout** without leaving that page.	kept:operator-doc
R1900	apps/studio/workspace/README.md	Additional product pages	289	method	operator-doc	operator-doc			Text opens first; a missing preview disables Layout so copy can be developed before design.	kept:operator-doc
R1901	apps/studio/workspace/README.md	Additional product pages	289	evidence	operator-doc	operator-doc			A node uses either `source` or `representations`; the latter requires Markdown `text` and accepts optional React/HTML `preview`.	kept:operator-doc
R1902	apps/studio/workspace/README.md	Additional product pages	289	inheritance	operator-doc	operator-doc			Both paths follow the same product/layer ownership rules.	kept:operator-doc
R1903	apps/studio/workspace/README.md	Additional product pages	296	readability	duplicate	workflow (one readability paragraph)			Keep each page's wording in its Markdown source.	removed:restatement (workflow working rules own it)
R1904	apps/studio/workspace/README.md	Additional product pages	296	gate-candidate	operator-doc	operator-doc			React previews receive the full Markdown, including frontmatter, through the optional `text?: string` prop and parse their own content structure.	kept:operator-doc
R1905	apps/studio/workspace/README.md	Additional product pages	296	gate-candidate	operator-doc	operator-doc			Use stable section identifiers when binding copy to a layout so wording and heading edits do not break that binding.	kept:operator-doc
R1906	apps/studio/workspace/README.md	Additional product pages	296	readability	duplicate	workflow (one readability paragraph)			Layout edits that alter wording must update the same Markdown in the same change.	removed:restatement (workflow working rules own it)
R1907	apps/studio/workspace/README.md	Additional product pages	296	method	operator-doc	operator-doc			For separately authored HTML, update both files together and review their consistency; Studio does not rewrite arbitrary HTML.	kept:operator-doc
R1908	apps/studio/workspace/README.md	Additional product pages	296	method	operator-doc	operator-doc			The Website overview owns the journey and sitemap, not duplicate page copy.	kept:operator-doc
R1909	apps/studio/workspace/README.md	Additional product pages	305	method	operator-doc	operator-doc			React pages default-export a component without required props.	kept:operator-doc
R1910	apps/studio/workspace/README.md	Additional product pages	305	method	operator-doc	operator-doc			They may import their own nested components, data, images, and the shared Studio layout.	kept:operator-doc
R1911	apps/studio/workspace/README.md	Additional product pages	305	method	operator-doc	operator-doc			The core Presentation entry point still receives its own YAML `{ content }` prop.	kept:operator-doc
R1912	apps/studio/workspace/README.md	Additional product pages	305	method	operator-doc	operator-doc			It can compose any number of imported TSX slide components; slide files are not required to be individually registered as pages.	kept:operator-doc
R1913	apps/studio/workspace/README.md	Additional product pages	305	method	operator-doc	operator-doc			Arbitrary rendered HTML is not parsed back into editable text; adopting the shared slide adapter exposes those additional controls while retaining the project's own slide composition.	kept:operator-doc
R1914	apps/studio/workspace/README.md	Additional product pages	305	prohibition	operator-doc	operator-doc			HTML and image pages do not automatically become PDF decks.	kept:operator-doc
R1915	apps/studio/workspace/README.md	Additional product pages	319	evidence	operator-doc	operator-doc			Markdown relative links/images resolve from their source folder.	kept:operator-doc
R1916	apps/studio/workspace/README.md	Additional product pages	319	method	operator-doc	operator-doc			Styles for React remain Tailwind-based.	kept:operator-doc
R1917	apps/studio/workspace/README.md	Additional product pages	324	method	operator-doc	operator-doc			Markdown pages use their own confirmation metadata.	kept:operator-doc
R1918	apps/studio/workspace/README.md	Additional product pages	324	confirmation	operator-doc	operator-doc			Rendering a page does not approve it or its owning document.	kept:operator-doc
R1919	apps/studio/workspace/README.md	Additional product pages	324	confirmation	operator-doc	operator-doc			Agents review semantic effects on the owning Product/Website/Creative/Presentation when its supporting pages change; arbitrary component imports do not establish content approval.	kept:operator-doc
R1920	apps/studio/workspace/README.md	Additional product pages	324	gate-candidate	operator-doc	operator-doc			Keep all sections and page trees inside the chosen catalog: startup replaces them with the product set.	kept:operator-doc
R1921	apps/studio/workspace/README.md	00 Client Request	334	workflow	duplicate	workflow			The internal workflow stage ID remains `00-business`.	removed:duplicate (workflow)
R1922	apps/studio/workspace/README.md	00 Client Request	337	method	duplicate	workflow			Supporting acquisition activities and internal work remain brief context in Brief and Strategy.	removed:duplicate (workflow)
R1923	apps/studio/workspace/README.md	00 Client Request	337	method	duplicate	workflow			Each product's Sales intake records its supplied process and missing details.	removed:duplicate (workflow)
R1924	apps/studio/workspace/README.md	00 Client Request	337	evidence	duplicate	workflow			Keep material source attribution with each owning statement.	removed:duplicate (workflow)
R1925	apps/studio/workspace/README.md	00 Client Request	337	evidence	duplicate	workflow			Product Research owns external sources; Assets owns files and rights.	removed:duplicate (workflow)
R1926	apps/studio/workspace/README.md	00 Client Request	337	evidence	duplicate	workflow			There is no separate Evidence document or replacement fact/change log.	removed:duplicate (workflow)
R1927	apps/studio/workspace/README.md	00 Client Request	337	workflow	duplicate	workflow			No market, audience, competitor, or demand research is performed in this stage.	removed:duplicate (workflow)
R1928	apps/studio/workspace/README.md	00 Client Request	337	method	duplicate	workflow			External contradictions become client-clarification questions, not silent edits.	removed:duplicate (workflow)
R1929	apps/studio/workspace/README.md	00 Client Request	352	confirmation	duplicate	workflow			Do not continue from an unconfirmed scope or an invented operator fact.	removed:duplicate (workflow)
R1930	apps/studio/workspace/README.md	10 Strategy	357	evidence	duplicate	workflow			Before selecting the strategy, research each relevant product separately: its buyer, purchase situation, alternatives, prices, channels, findings, and sources.	removed:duplicate (workflow)
R1931	apps/studio/workspace/README.md	10 Strategy	357	workflow	duplicate	workflow			The files live under Products from the start; the stage number describes the work order, not the ownership of Research.	removed:duplicate (workflow)
R1932	apps/studio/workspace/README.md	10 Strategy	357	method	duplicate	workflow			Cross-product comparisons belong to Strategy and cite those product files.	removed:duplicate (workflow)
R1933	apps/studio/workspace/README.md	10 Strategy	357	evidence	duplicate	workflow			No shared Research document is created.	removed:duplicate (workflow)
R1934	apps/studio/workspace/README.md	10 Strategy	363	prohibition	duplicate	workflow			Priorities do not disable other active directions.	removed:duplicate (workflow)
R1935	apps/studio/workspace/README.md	10 Strategy	363	method	duplicate	workflow			Positioning, commercial logic, acquisition focus, rejected alternatives, and the bounded experiment stay proposed until the operator approves or corrects them.	removed:duplicate (workflow)
R1936	apps/studio/workspace/README.md	20 Brand	372	method	duplicate	workflow			Brand defines the meaning that should form in the customer's mind: intended perception, promise, proof boundary, objections, voice, naming, CTA, and governance.	removed:duplicate (workflow)
R1937	apps/studio/workspace/README.md	20 Brand	372	method	duplicate	workflow			It does not contain colors, typography, photographs, illustrations, or page layouts.	removed:duplicate (workflow)
R1938	apps/studio/workspace/README.md	30 Design	389	evidence	duplicate	workflow			Photography and Illustration use the same five blocks in `design.md`: purpose and evidence boundary, one objective style master prompt, production specification, a generation-example table linked to exact asset IDs, and a review/quality gate.	removed:duplicate (workflow)
R1939	apps/studio/workspace/README.md	30 Design	389	method	duplicate	workflow			Each active media family needs at least three materially different real examples reviewed together.	removed:duplicate (workflow)
R1940	apps/studio/workspace/README.md	30 Design	389	method	duplicate	workflow			The default Design blocks render those Markdown tables and blockquotes; a project may select the blocks it needs or supply a different structure through its own layout.	removed:duplicate (workflow)
R1941	apps/studio/workspace/README.md	Project-specific Design structure	399	inheritance	operator-doc	operator-doc			`design/<layer>/layout.yaml` owns the order and selection of visible sections.	kept:operator-doc
R1942	apps/studio/workspace/README.md	Project-specific Design structure	399	inheritance	operator-doc	operator-doc			An empty startup file (`{}`, comments only, or blank) inherits the complete singlepage layout.	kept:operator-doc
R1943	apps/studio/workspace/README.md	Project-specific Design structure	399	inheritance	operator-doc	operator-doc			A startup layout reads every declared file from startup; a missing file is an error, never a base-file fallback.	kept:operator-doc
R1944	apps/studio/workspace/README.md	Project-specific Design structure	423	method	operator-doc	operator-doc			Built-in IDs are `overview`, `logos`, `colors`, `typography`, `interface`, `photography`, and `illustration`; each uses the same value for `id` and `builtin`.	kept:operator-doc
R1945	apps/studio/workspace/README.md	Project-specific Design structure	423	evidence	operator-doc	operator-doc			It may replace a built-in ID with its own source.	kept:operator-doc
R1946	apps/studio/workspace/README.md	Project-specific Design structure	423	method	operator-doc	operator-doc			TSX/JSX files export a default component with no required props; they may import other local components/data and render any structure.	kept:operator-doc
R1947	apps/studio/workspace/README.md	Project-specific Design structure	423	method	operator-doc	operator-doc			Markdown, HTML, SVG/raster images, video, audio, and file downloads use the shared page renderer.	kept:operator-doc
R1948	apps/studio/workspace/README.md	Project-specific Design structure	423	method	operator-doc	operator-doc			A Design HTML file is inlined into the page, so plain HTML and Tailwind classes resolve against the project's own `--workspace-brand-*` tokens and the compiled Tailwind build.	kept:operator-doc
R1949	apps/studio/workspace/README.md	Project-specific Design structure	423	prohibition	operator-doc	operator-doc			Write it as a fragment without `<html>`, `<head>`, or `<body>`, and express interaction with CSS (`hover`, `focus-visible`, `has-[:checked]`): injected `<script>` tags do not run.	kept:operator-doc
R1950	apps/studio/workspace/README.md	Project-specific Design structure	423	method	operator-doc	operator-doc			A variant that reaches a descendant needs `group` plus `group-has-[...]`, because `peer-*` only matches siblings and fails silently otherwise.	kept:operator-doc
R1951	apps/studio/workspace/README.md	Project-specific Design structure	423	evidence	operator-doc	operator-doc			Tailwind compiles these classes from the `@source` glob in `runtime/styles.css`, and a newly created file is not fully rescanned by the running dev server: restart Storybook after adding one, or utilities that appear nowhere else stay missing.	kept:operator-doc
R1952	apps/studio/workspace/README.md	Project-specific Design structure	423	method	operator-doc	operator-doc			Markdown resolves relative links/images from its own directory.	kept:operator-doc
R1953	apps/studio/workspace/README.md	Project-specific Design structure	423	gate-candidate	operator-doc	operator-doc			Adding an unconfigured Markdown heading or a file alone does not add a visible section.	kept:operator-doc
R1954	apps/studio/workspace/README.md	Project-specific Design structure	444	method	operator-doc	operator-doc			To replace the entire visual template:	kept:operator-doc
R1955	apps/studio/workspace/README.md	Project-specific Design structure	451	method	operator-doc	operator-doc			It can render those children in its own canvas below the shared document header.	kept:operator-doc
R1956	apps/studio/workspace/README.md	Project-specific Design structure	451	migration	operator-doc	operator-doc			Parsed legacy `data` is supplied only when built-in blocks are used; an entirely custom template does not require the old Markdown field schema.	kept:operator-doc
R1957	apps/studio/workspace/README.md	Project-specific Design structure	451	inheritance	operator-doc	operator-doc			Use Tailwind utilities and the project's layered styles.	kept:operator-doc
R1958	apps/studio/workspace/README.md	Project-specific Design structure	451	inheritance	operator-doc	operator-doc			Shared loader/rendering code stays in utils; project components and their data stay in `design/<layer>/`.	kept:operator-doc
R1959	apps/studio/workspace/README.md	Project-specific Design structure	460	confirmation	operator-doc	operator-doc			That status applies to the primary document, not automatic approval of a template, assets, or extra pages.	kept:operator-doc
R1960	apps/studio/workspace/README.md	Project-specific Design structure	460	method	operator-doc	operator-doc			Additional Markdown shows its own status.	kept:operator-doc
R1961	apps/studio/workspace/README.md	Project-specific Design structure	460	confirmation	operator-doc	operator-doc			Agents review the rendered result and assess semantic impact after layout or section changes; record unresolved impact with `review.stale` in the affected document.	kept:operator-doc
R1962	apps/studio/workspace/README.md	Project-specific Design structure	460	method	operator-doc	operator-doc			Hiding a section does not resolve an outstanding design requirement; select the required visual families from the client brief and record scope there.	kept:operator-doc
R1963	apps/studio/workspace/README.md	Project-specific Design structure	468	confirmation	operator-doc	operator-doc			Review must load the real file and confirm the computed family; labels never stand in for font verification.	kept:operator-doc
R1964	apps/studio/workspace/README.md	Project-specific Design structure	468	method	operator-doc	operator-doc			Choose composition and format per image; derivative crops follow the actual product output.	kept:operator-doc
R1965	apps/studio/workspace/README.md	Project-specific Design structure	468	evidence	operator-doc	operator-doc			Keep style prompts compact and reference-derived; the tooltip explains how to add a scene or relationship and source references.	kept:operator-doc
R1966	apps/studio/workspace/README.md	Project-specific Design structure	468	readability	duplicate	workflow (one readability paragraph)			After a master prompt changes, regenerate at least three different content briefs with its exact current wording and documented reference inputs.	removed:restatement (workflow working rules own it)
R1967	apps/studio/workspace/README.md	Project-specific Design structure	468	method	operator-doc	operator-doc			Compare their style and correct material drift before marking the prompt tested.	kept:operator-doc
R1968	apps/studio/workspace/README.md	Project-specific Design structure	468	prohibition	operator-doc	operator-doc			Show those actual outputs in Design; old images cannot verify a new prompt.	kept:operator-doc
R1969	apps/studio/workspace/README.md	Project-specific Design structure	468	method	operator-doc	operator-doc			Preserve original generated masters and compare derivatives with them for thin lines, secondary detail, color and contrast.	kept:operator-doc
R1970	apps/studio/workspace/README.md	Project-specific Design structure	468	method	operator-doc	operator-doc			Device requirements, fixed margins and numerical limits are not universal style rules.	kept:operator-doc
R1971	apps/studio/workspace/README.md	Project-specific Design structure	468	method	operator-doc	operator-doc			Grid, spacing, breakpoint, container, and radius rules use named Tailwind utilities rather than a separate arbitrary-pixel system.	kept:operator-doc
R1972	apps/studio/workspace/README.md	40 Products	492	method	duplicate	workflow			Describe the intended offer and experience, distinguish plans from observed results, and use supplied figures or clearly based forecasts.	removed:duplicate (workflow)
R1973	apps/studio/workspace/README.md	40 Products	492	prohibition	duplicate	workflow			Installation checks, software bugs and release audits do not gate these business documents.	removed:duplicate (workflow)
R1974	apps/studio/workspace/README.md	40 Products	498	method	duplicate	workflow			For each client-confirmed product:	removed:duplicate (workflow)
R1975	apps/studio/workspace/README.md	40 Products	500	method	duplicate	workflow			Readiness means its business decisions are complete, even before implementation.	removed:duplicate (workflow)
R1976	apps/studio/workspace/README.md	40 Products	500	evidence	duplicate	workflow			Promotion groups Website, Marketing Creative and Presentation in one navigation surface while each material retains its own source and export.	removed:duplicate (workflow)
R1977	apps/studio/workspace/README.md	40 Products	500	method	duplicate	workflow			Each page has its own Text and Layout representations with consistent copy.	removed:duplicate (workflow)
R1978	apps/studio/workspace/README.md	40 Products	500	method	duplicate	workflow			It owns `presentation/data.yaml` and its React entry; PDF/PNG are replaceable exports.	removed:duplicate (workflow)
R1979	apps/studio/workspace/README.md	40 Products	500	evidence	duplicate	workflow			Research remains beside it to interpret evidence and route changes back to Product, the model or Sales.	removed:duplicate (workflow)
R1980	apps/studio/workspace/README.md	40 Products	517	method	duplicate	workflow			Engineering tests and runtime verification remain in the engineering workflow.	removed:duplicate (workflow)
R1981	apps/studio/workspace/README.md	40 Products	521	gate-candidate	duplicate	workflow			The catalog retains every client-confirmed product, including products outside the current experiment.	removed:duplicate (workflow)
R1982	apps/studio/workspace/README.md	40 Products	521	prohibition	duplicate	workflow			Strategy never filters or deletes products.	removed:duplicate (workflow)
R1983	apps/studio/workspace/README.md	40 Products	521	prohibition	duplicate	workflow			Every entry traces to an operator-confirmed Brief product; a showcase, reference project, possible future payment, repository folder, or agent idea never becomes a product by inference.	removed:duplicate (workflow)
R1984	apps/studio/workspace/README.md	Working with agents	528	inheritance	split	operator-doc + duplicate			Invoke `singlepagestartup` or ask in plain language to start, continue, inspect, or change the active project.	split:operator-doc + duplicate
R1985	apps/studio/workspace/README.md	Working with agents	528	workflow	split	operator-doc + duplicate			You do not run a separate command for every stage.	split:operator-doc + duplicate
R1986	apps/studio/workspace/README.md	Working with agents	528	inheritance	split	operator-doc + duplicate			The workflow reads `utils/pre-development/<layer>.yaml`, checks the earliest incomplete prerequisite, reconciles existing documents with the current shared pipeline and templates, loads only affected dependencies, and asks for the highest-impact missing operator fact.	split:operator-doc + duplicate
R1987	apps/studio/workspace/README.md	Working with agents	535	gate-candidate	split	operator-doc + duplicate			After shared `.agents/**` changes are synchronized into this repository, the next ordinary invocation checks completed, active, and later non-empty artifacts for missing files, sections, schema keys, and newly required decisions.	split:operator-doc + duplicate
R1988	apps/studio/workspace/README.md	Working with agents	535	migration	split	operator-doc + duplicate			There is no pipeline version file, migration journal, or separate validation command.	split:operator-doc + duplicate
R1989	apps/studio/workspace/README.md	Working with agents	541	inheritance	split	operator-doc + duplicate			The agent updates the earliest document that owns it and revisits only the downstream documents contradicted by the change.	split:operator-doc + duplicate
R1990	apps/studio/workspace/README.md	Working with agents	541	method	operator-doc	operator-doc			Git retains prior history; the living documents contain only the current decision, not an appended session log.	kept:operator-doc
R1991	apps/studio/workspace/README.md	Working with agents	547	readability	duplicate	workflow (one readability paragraph)			Strongly prefer a five-to-seven-minute review per page (about 1,400 words), without a hard word, line, source or segment cap.	removed:restatement (workflow working rules own it)
R1992	apps/studio/workspace/README.md	Working with agents	547	method	operator-doc	operator-doc			Preserve material information, using navigable detail pages where useful.	kept:operator-doc
R1993	apps/studio/workspace/README.md	Working with agents	547	evidence	split	operator-doc + duplicate			Aggregate Sales YAML and Research corpora are not single review pages.	split:operator-doc + duplicate
R1994	apps/studio/workspace/README.md	Working with agents	547	confirmation	split	operator-doc + duplicate			Repeated decisions, interview history, stale alternatives, and workflow handoffs do not belong in them.	split:operator-doc + duplicate
R1995	apps/studio/workspace/README.md	Working with agents	547	prohibition	operator-doc	operator-doc			Keep material attribution with the owning decision and historical versions in Git; do not repeat the same explanation in several files.	kept:operator-doc
R1996	apps/studio/workspace/README.md	Boundaries	557	method	operator-doc	operator-doc			Workspace stops before engineering.	kept:operator-doc
R1997	apps/studio/workspace/README.md	Boundaries	557	method	operator-doc	operator-doc			Production components, APIs, analytics implementation, QA, publication, and deployment remain in the normal code and engineering workflow under `thoughts/shared/**`.	kept:operator-doc
R1998	apps/studio/workspace/README.md	Source ownership and semantic review	563	method	duplicate	contract:confirmation			Product owns customer/value/offer decisions; Operations & Economics owns model resources, per-product prices, costs and funding; Sales owns the whole customer process.	removed:duplicate (contract:confirmation)
R1999	apps/studio/workspace/README.md	Source ownership and semantic review	563	evidence	duplicate	contract:confirmation			Analytics owns observed values and their source windows; Research owns interpretation and decision implications.	removed:duplicate (contract:confirmation)
R2000	apps/studio/workspace/README.md	Source ownership and semantic review	563	method	duplicate	contract:confirmation			Website, Marketing Creative and Presentation apply these facts in their own authored materials.	removed:duplicate (contract:confirmation)
R2001	apps/studio/workspace/README.md	Source ownership and semantic review	563	evidence	duplicate	contract:confirmation			They never establish a competing source for price or scope.	removed:duplicate (contract:confirmation)
R2002	apps/studio/workspace/README.md	Source ownership and semantic review	563	confirmation	duplicate	contract:confirmation			A changed source makes dependent materials stale for semantic review; Studio does not automatically replace their copy or renew confirmation.	removed:duplicate (contract:confirmation)
R2003	apps/studio/workspace/README.md	Source ownership and semantic review	571	method	duplicate	contract:confirmation			Presentation keeps its own data and React entry point, with the same preview and PDF export.	removed:duplicate (contract:confirmation)
R2004	apps/studio/workspace/README.md	Source ownership and semantic review	571	method	duplicate	contract:confirmation			Additional pages keep the existing format/nesting support.	removed:duplicate (contract:confirmation)
R2005	apps/studio/workspace/README.md	Source ownership and semantic review	571	method	duplicate	contract:confirmation			Its structure remains product-defined and optional.	removed:duplicate (contract:confirmation)
R2006	apps/studio/workspace/README.md	Source ownership and semantic review	576	migration	duplicate	contract:confirmation			Business is retired after content attribution, not copied into Brief.	removed:duplicate (contract:confirmation)
R2007	apps/studio/workspace/README.md	Source ownership and semantic review	576	workflow	duplicate	contract:confirmation			The `00-business` stage ID remains compatible for initial Brief/model work.	removed:duplicate (contract:confirmation)
R2008	apps/studio/workspace/README.md	Producing and exporting product materials	583	method	operator-doc	operator-doc			Register real deliverables: separate covers, articles, posts, storyboards or other selected content.	kept:operator-doc
R2009	apps/studio/workspace/README.md	Producing and exporting product materials	590	inheritance	operator-doc	operator-doc			Utilities ship with the framework; project-specific graphics and content remain in their layer folders.	kept:operator-doc
R2010	apps/studio/workspace/README.md	Producing and exporting product materials	596	method	operator-doc	operator-doc			Presentation has its own slide tree and Text/Layout view.	kept:operator-doc
R2011	apps/studio/workspace/README.md	Producing and exporting product materials	596	readability	duplicate	workflow (one readability paragraph)			YAML remains the source of its words; existing React components provide slide layout.	removed:restatement (workflow working rules own it)
R2012	apps/studio/workspace/README.md	Producing and exporting product materials	596	method	operator-doc	operator-doc			A selected slide exports to PNG; full PDF retains every slide.	kept:operator-doc
R2013	apps/studio/workspace/README.md	Producing and exporting product materials	596	method	operator-doc	operator-doc			The review header owns confirmation, so no badge or editing control becomes part of a cover, slide or exported video.	kept:operator-doc
R2014	apps/studio/workspace/README.md	Producing and exporting product materials	602	method	operator-doc	operator-doc			A GitHub-style README is one example; a course or another product can register lessons, handouts, image/video sequences or arbitrary pages.	kept:operator-doc
R2015	apps/studio/workspace/README.md	Producing and exporting product materials	602	method	operator-doc	operator-doc			No full repository import and no universal README requirement are introduced.	kept:operator-doc
R2016	apps/studio/workspace/README.md	Language and vocabulary	614	method	operator-doc	operator-doc			Keep all customer-facing text in the language of its page, slide or material, including actions, navigation, tooltips, error/progress messages, accessibility labels and metadata.	kept:operator-doc
R2017	apps/studio/workspace/README.md	Language and vocabulary	614	method	operator-doc	operator-doc			Preserve product names and stable content keys.	kept:operator-doc
R2018	apps/studio/workspace/README.md	Language and vocabulary	614	evidence	operator-doc	operator-doc			Short vocabulary fields use the existing `{ en: string, ru: string }` shape; longer copy may use separate Markdown sources per locale.	kept:operator-doc
R2019	apps/studio/workspace/README.md	Language and vocabulary	614	method	operator-doc	operator-doc			Text, Layout and exports must select the same locale.	kept:operator-doc
R2020	apps/studio/workspace/README.md	Language and vocabulary	614	confirmation	operator-doc	operator-doc			A translation sent for operator review does not add a runtime language switch or confer approval.	kept:operator-doc
R2021	apps/studio/workspace/README.md	Language and vocabulary	614	method	operator-doc	operator-doc			Follow the Language and vocabulary rules in `.agents/contracts/product-models.md` for new projects.	kept:operator-doc
R2022	apps/studio/workspace/README.md	Sales customer segments and CJM	625	method	operator-doc	operator-doc			Each page contains the customer/situation, needs and pains, motives, decision trigger and criteria, value proposition, objections and sales arguments, acquisition/message matrix, and Customer Journey Map (CJM).	kept:operator-doc
R2023	apps/studio/workspace/README.md	Sales customer segments and CJM	625	method	operator-doc	operator-doc			Operational responsibility and handoffs remain available in a collapsible section.	kept:operator-doc
R2024	apps/studio/workspace/README.md	Sales customer segments and CJM	625	method	operator-doc	operator-doc			These are intended business experiences; proposed motives are not reported as observed customer psychology.	kept:operator-doc
R2025	apps/studio/workspace/README.md	Sales customer segments and CJM	635	method	operator-doc	operator-doc			Keep shared owner, seller, pricing, capacity, blockers and confirmation once.	kept:operator-doc
R2026	apps/studio/workspace/README.md	Sales customer segments and CJM	635	gate-candidate	split	operator-doc + duplicate			Put profiles in `segments`, each with an `id` matching Product frontmatter `customer_segments`.	split:operator-doc + duplicate
R2027	apps/studio/workspace/README.md	Sales customer segments and CJM	635	gate-candidate	split	operator-doc + duplicate			Every ready Product segment needs a Sales profile; unknown/duplicate IDs fail validation.	split:operator-doc + duplicate
R2028	apps/studio/workspace/README.md	Sales customer segments and CJM	635	method	operator-doc	operator-doc			Each profile has `name`, `audience`, `roles`, `needs`, `motivations`, `decision_criteria`, `purchase_trigger`, `value_proposition`, `objections`, `acquisition` and `journey`.	kept:operator-doc
R2029	apps/studio/workspace/README.md	Sales customer segments and CJM	645	migration	split	operator-doc + duplicate			V1 remains readable; migrate it when revising its owned Sales rather than inventing profiles on load.	split:operator-doc + duplicate
R2030	apps/studio/workspace/README.md	Sales customer segments and CJM	645	method	operator-doc	operator-doc			`utils/components/SalesSegment.tsx` builds the segment pages and map; `ProductPages` owns navigation, header confirmation and the compact `.md` export.	kept:operator-doc
R2031	apps/studio/workspace/README.md	Sales customer segments and CJM	645	method	operator-doc	operator-doc			The selected segment export contains only its profile and CJM, with no review metadata.	kept:operator-doc
R2032	apps/studio/workspace/README.md	Sales customer segments and CJM	645	prohibition	operator-doc	operator-doc			All segment pages display whole-Sales confirmation; selecting a page never approves it.	kept:operator-doc
R2033	apps/studio/workspace/README.md	Sales customer segments and CJM	645	gate-candidate	split	operator-doc + duplicate			Additional catalog Sales pages remain supported.	split:operator-doc + duplicate
R2034	apps/studio/workspace/README.md	Sales customer segments and CJM	645	inheritance	split	operator-doc + duplicate			The source stays in the atomically selected product layer.	split:operator-doc + duplicate
R2035	apps/studio/workspace/README.md	Sales customer segments and CJM	645	inheritance	split	operator-doc + duplicate			An empty startup inherits base examples; a populated startup uses only its own products/profiles.	split:operator-doc + duplicate
R2036	apps/studio/workspace/README.md	Sales customer segments and CJM	656	method	operator-doc	operator-doc			Website and Creative authors use the relevant segment's needs, decision motives, objections and CJM moment, recording target segment and journey/acquisition IDs in the material's metadata.	kept:operator-doc
R2037	apps/studio/workspace/README.md	Sales customer segments and CJM	656	prohibition	operator-doc	operator-doc			Changes prompt impact review; they do not silently replace material copy or renew approved Strategy/Brand/Design.	kept:operator-doc
R2038	apps/studio/workspace/README.md	Research audits of Sales segments	664	evidence	duplicate	contract:evidence			Use the shared Research tab with Overview, Customer segments and Competitors and alternatives.	removed:duplicate (contract:evidence)
R2039	apps/studio/workspace/README.md	Research audits of Sales segments	664	gate-candidate	duplicate	contract:evidence			Register Markdown detail pages in catalog section `research`.	removed:duplicate (contract:evidence)
R2040	apps/studio/workspace/README.md	Research audits of Sales segments	664	evidence	duplicate	contract:evidence			Each completed segment audit identifies `sales_segment` and all seven `sales_dimensions`; the main `research.md` opts in with `sales_audit: true`.	removed:duplicate (contract:evidence)
R2041	apps/studio/workspace/README.md	Research audits of Sales segments	664	method	duplicate	contract:evidence			Every Sales segment is checked, without an arbitrary count cap.	removed:duplicate (contract:evidence)
R2042	apps/studio/workspace/README.md	Research audits of Sales segments	672	confirmation	duplicate	contract:evidence			No snapshot update grants user approval.	removed:duplicate (contract:evidence)
R2043	apps/studio/workspace/products/README.md	Product directory guide	3	gate-candidate	operator-doc	operator-doc			Each source layer has one catalog and two kinds of owned content:	kept:operator-doc
R2044	apps/studio/workspace/products/README.md	Models and products	21	method	operator-doc	operator-doc			`models` is the reserved namespace for business economics, not application code.	kept:operator-doc
R2045	apps/studio/workspace/products/README.md	Models and products	21	method	operator-doc	operator-doc			A model owns revenue, financing, resources and costs; several products may share it.	kept:operator-doc
R2046	apps/studio/workspace/products/README.md	Models and products	21	gate-candidate	operator-doc	operator-doc			The catalog's `models[].id/source` and each product's `model` establish the relationship.	kept:operator-doc
R2047	apps/studio/workspace/products/README.md	Models and products	21	prohibition	operator-doc	operator-doc			Do not copy a common model into each product or mix it with backend models under `libs/modules`.	kept:operator-doc
R2048	apps/studio/workspace/products/README.md	Models and products	27	evidence	operator-doc	operator-doc			It appears in each product's Operations & Economics tab from the same source.	kept:operator-doc
R2049	apps/studio/workspace/products/README.md	Models and products	27	gate-candidate	operator-doc	operator-doc			`framework-service` is its stable catalog ID, not a third product or a running service.	kept:operator-doc
R2050	apps/studio/workspace/products/README.md	Inside one product	48	evidence	operator-doc	operator-doc			These are navigation groups; their underlying sources, confirmation, nested pages and exports remain distinct.	kept:operator-doc
R2051	apps/studio/workspace/products/README.md	Inside one product	55	method	operator-doc	operator-doc			Keep overview documents beside their detail folders.	kept:operator-doc
R2052	apps/studio/workspace/products/README.md	Inside one product	55	gate-candidate	operator-doc	operator-doc			Names and nested page IDs come from the product catalog; extra pages and formats remain project-defined.	kept:operator-doc
R2053	apps/studio/workspace/products/README.md	Inside one product	55	evidence	operator-doc	operator-doc			Exported files are derivatives, not additional editable sources; browser downloads and gitignored `apps/studio/output/` hold exports.	kept:operator-doc
R2054	apps/studio/workspace/products/README.md	Startup reuse	63	inheritance	operator-doc	operator-doc			Do not copy them into a product or a startup-specific utility directory.	kept:operator-doc
R2055	apps/studio/workspace/products/README.md	Startup reuse	69	gate-candidate	operator-doc	operator-doc			Once startup defines products, its complete catalog, models and materials replace that reference set.	kept:operator-doc
R2056	apps/studio/workspace/products/README.md	Startup reuse	69	inheritance	operator-doc	operator-doc			The functionality remains shared in either case; client business facts, assets, layouts and confirmations belong to startup.	kept:operator-doc
R2057	apps/studio/workspace/products/README.md	Startup reuse	75	method	operator-doc	operator-doc			A product TSX may use local data/helpers and shared utilities.	kept:operator-doc
R2058	apps/studio/workspace/products/README.md	Startup reuse	75	inheritance	operator-doc	operator-doc			A downstream project provides its own copy/layout/style; it need not reproduce the framework's example cover or presentation composition to obtain the same review/export controls.	kept:operator-doc
R2059	apps/studio/README.md	SinglePageStartup Studio	3	method	operator-doc	operator-doc			`apps/studio` is the repository's read-only presentation system.	kept:operator-doc
R2060	apps/studio/README.md	SinglePageStartup Studio	6	gate-candidate	operator-doc	operator-doc			existing presentation-only module and page components; validated business, marketing, brand, design, and asset artifacts from an indexed workspace.	kept:operator-doc
R2061	apps/studio/README.md	SinglePageStartup Studio	10	inheritance	operator-doc	operator-doc			Assets, products, and layered styles stay at the workspace root.	kept:operator-doc
R2062	apps/studio/README.md	SinglePageStartup Studio	10	method	operator-doc	operator-doc			Shared components, read-only stories, and technical helpers live in `apps/studio/workspace/utils/`.	kept:operator-doc
R2063	apps/studio/README.md	SinglePageStartup Studio	10	inheritance	operator-doc	operator-doc			Each story imports its corresponding `singlepage` and `startup` sources directly; Studio does not create a second content inventory.	kept:operator-doc
R2064	apps/studio/README.md	SinglePageStartup Studio	10	gate-candidate	operator-doc	operator-doc			`apps/studio/workspace/utils/index/<layer>.yaml` remains the artifact/dependency registry and points to those files.	kept:operator-doc
R2065	apps/studio/README.md	SinglePageStartup Studio	10	method	operator-doc	operator-doc			No repository-root `workspace/` directory is used.	kept:operator-doc
R2066	apps/studio/README.md	Production Docker boundary	25	method	operator-doc	operator-doc			Studio remains available in the checkout for development and review; its contents are not copied into production images.	kept:operator-doc
R2067	apps/studio/README.md	Production Docker boundary	32	prohibition	operator-doc	operator-doc			Production applications must not import or read files from `apps/studio` at build time or runtime.	kept:operator-doc
R2068	apps/studio/README.md	Production Docker boundary	32	method	operator-doc	operator-doc			Database snapshots under `libs/modules/**/backend/repository/database/src/lib/data/` remain part of the production context.	kept:operator-doc
R2069	apps/studio/README.md	Production Docker boundary	40	inheritance	operator-doc	operator-doc			Downstream projects must retain this exclusion when syncing the framework.	kept:operator-doc
R2070	apps/studio/README.md	Production Docker boundary	40	method	operator-doc	operator-doc			If a project adds a Dockerfile-specific ignore file or an alternative build context, preserve the same boundary there.	kept:operator-doc
R2071	apps/studio/README.md	Production Docker boundary	40	method	operator-doc	operator-doc			Required production assets should be published to their runtime location instead of re-including Studio.	kept:operator-doc
R2072	apps/studio/README.md	Commands	58	gate-candidate	operator-doc	operator-doc			`studio:validate` type-checks Workspace stories and checks runnable manifests, module/page/Figma metadata, both canonical workspace layers, inheritance rules, dependency cycles, and isolated validator fixtures.	kept:operator-doc
R2073	apps/studio/README.md	Commands	58	workflow	operator-doc	operator-doc			Once a downstream project's own cursor reaches `30-design`, it also requires that project to own its brandbook: a written and separately confirmed `design/startup.md` plus at least one registered asset in `assets/startup.yaml`.	kept:operator-doc
R2074	apps/studio/README.md	Commands	58	inheritance	operator-doc	operator-doc			"Independently, any layer that documents an `Interface and product surfaces` section must render the required specimens; each declares `data-specimen=""<id>""` and an omission needs an attributed reason in `interface_review.omitted_specimens`."	kept:operator-doc
R2075	apps/studio/README.md	Commands	68	method	operator-doc	operator-doc			Workspace documents are not copied into generated JSON.	kept:operator-doc
R2076	apps/studio/README.md	Commands	72	gate-candidate	operator-doc	operator-doc			These files are gitignored derivatives; the React story and indexed workspace artifacts remain the editable sources.	kept:operator-doc
R2077	apps/studio/README.md	Browser PDF export	80	method	operator-doc	operator-doc			Every product's Presentation tab includes the shared `workspace/utils/components/PresentationPdfDownload.tsx` controls.	kept:operator-doc
R2078	apps/studio/README.md	Browser PDF export	80	method	operator-doc	operator-doc			Export starts only when the operator clicks **Prepare PDF**; opening the tab performs no PDF capture.	kept:operator-doc
R2079	apps/studio/README.md	Browser PDF export	80	method	operator-doc	operator-doc			The button shows progress, exposes a **Download PDF** Blob link on success, and allows retry after an error.	kept:operator-doc
R2080	apps/studio/README.md	Browser PDF export	87	gate-candidate	operator-doc	operator-doc			Presentation components expose each page with a unique `data-slide-id`.	kept:operator-doc
R2081	apps/studio/README.md	Browser PDF export	87	method	operator-doc	operator-doc			Pages must be mounted, use one fixed logical size, and appear in export order.	kept:operator-doc
R2082	apps/studio/README.md	Browser PDF export	96	method	operator-doc	operator-doc			The direct `?document=presentation` route remains a plain deck for the existing CLI HTML/PDF/PNG exporter.	kept:operator-doc
R2083	apps/studio/README.md	Browser PDF export	96	inheritance	operator-doc	operator-doc			Product data, layer resolution and slide content use the same components for both export paths.	kept:operator-doc
R2084	apps/studio/README.md	Portable document export	102	method	operator-doc	operator-doc			Brief, Strategy, Brand, Design, and every product-owned document or nested page offer downloads in the same review surface.	kept:operator-doc
R2085	apps/studio/README.md	Portable document export	102	gate-candidate	operator-doc	operator-doc			Markdown downloads remove review frontmatter but retain the complete authored heading, list, link, and table structure.	kept:operator-doc
R2086	apps/studio/README.md	Portable document export	102	method	operator-doc	operator-doc			Product file names include the product and page or customer-segment name, so independently uploaded files remain identifiable.	kept:operator-doc
R2087	apps/studio/README.md	Portable document export	108	method	operator-doc	operator-doc			They inline the active styles and same-origin images so Brand, Design, product layouts, and Markdown renderings remain useful as a portable visual reference.	kept:operator-doc
R2088	apps/studio/README.md	Portable document export	108	evidence	operator-doc	operator-doc			Text-first paired pages always keep their canonical Markdown download; switching to Layout changes the HTML snapshot, not its source text.	kept:operator-doc
R2089	apps/studio/README.md	Layout	144	inheritance	operator-doc	operator-doc			Host pages remain under `apps/studio/modules/host/models/page/<layer>/<page-variant>/`.	kept:operator-doc
R2090	apps/studio/README.md	Workspace presentation	150	inheritance	split	operator-doc + duplicate			Every agreed living-artifact section exposes three read-only projections: `default` is the resolved result, `singlepage` is the framework source, and `startup` is the project override alone.	split:operator-doc + duplicate
R2091	apps/studio/README.md	Workspace presentation	150	readability	duplicate	workflow (one readability paragraph)			Each shared document has a readable folder such as `apps/studio/workspace/brand/`, containing `singlepage.md`, and `startup.md`.	removed:restatement (workflow working rules own it)
R2092	apps/studio/README.md	Workspace presentation	150	prohibition	operator-doc	operator-doc			Studio aggregates them in memory, shows their repository paths as provenance, and never creates a second artifact set.	kept:operator-doc
R2093	apps/studio/README.md	Workspace presentation	150	evidence	split	operator-doc + duplicate			Project facts, questions, constraints, and sources stay in the documents that own them.	split:operator-doc + duplicate
R2094	apps/studio/README.md	Workspace presentation	150	confirmation	split	operator-doc + duplicate			AI methods and completion rules live in `.agents/`; workspace has no separate decision checklist or approval summary.	split:operator-doc + duplicate
R2095	apps/studio/README.md	Workspace presentation	165	inheritance	split	operator-doc + duplicate			Each layer also owns `apps/studio/workspace/utils/pre-development/<layer>.yaml`.	split:operator-doc + duplicate
R2096	apps/studio/README.md	Workspace presentation	165	workflow	split	operator-doc + duplicate			This file is not business content and is not shown in Storybook: it is the minimal agent cursor for `00-business`, `10-strategy`, `20-brand`, `30-design`, or `40-products`.	split:operator-doc + duplicate
R2097	apps/studio/README.md	Workspace presentation	165	gate-candidate	split	operator-doc + duplicate			Every new workflow task reconciles it against the indexed artifacts before continuing, so Markdown/YAML remains authoritative if an earlier task ended between writes.	split:operator-doc + duplicate
R2098	apps/studio/README.md	Workspace presentation	173	evidence	split	operator-doc + duplicate			Engineering research, plans, and implementation notes stay exclusively in `thoughts/shared/**` and are not included in Studio inventory or navigation.	split:operator-doc + duplicate
R2099	apps/studio/README.md	Workspace presentation	177	inheritance	split	operator-doc + duplicate			Layout files resolve atomically: empty startup inherits the base; a populated startup layout replaces it, and every custom file comes from that layout's own layer without file fallback.	split:operator-doc + duplicate
R2100	apps/studio/README.md	Workspace presentation	188	method	operator-doc	operator-doc			All three projections use the same loader and review-status wrapper.	kept:operator-doc
R2101	apps/studio/README.md	Workspace presentation	188	inheritance	split	operator-doc + duplicate			Startup inspection remains empty until startup has meaningful data or its own layout.	split:operator-doc + duplicate
R2102	apps/studio/README.md	Workspace presentation	188	confirmation	split	operator-doc + duplicate			Layout and component changes require visual review; document confirmation does not automatically approve extra sources.	split:operator-doc + duplicate
R2103	apps/studio/README.md	Workspace presentation	194	evidence	split	operator-doc + duplicate			External market research belongs to individual products and starts before strategic selection at `10-strategy`.	split:operator-doc + duplicate
R2104	apps/studio/README.md	Workspace presentation	199	workflow	split	operator-doc + duplicate			`Workspace/40 Products` displays every client-confirmed product, including products outside the current launch or experiment.	split:operator-doc + duplicate
R2105	apps/studio/README.md	Workspace presentation	199	evidence	split	operator-doc + duplicate			Each product links a model and owns Product, Sales, Research, Website, Marketing Creative, and Presentation outputs.	split:operator-doc + duplicate
R2106	apps/studio/README.md	Workspace presentation	199	inheritance	split	operator-doc + duplicate			Shared loaders and tests live in `workspace/utils/products/`; page files and supporting materials stay inside their product's layer folder.	split:operator-doc + duplicate
R2107	apps/studio/README.md	Workspace presentation	199	gate-candidate	split	operator-doc + duplicate			A startup catalog with at least one product replaces the complete singlepage catalog, so offers from unrelated businesses are never mixed.	split:operator-doc + duplicate
R2108	apps/studio/README.md	Workspace presentation	199	migration	split	operator-doc + duplicate			Client intake, legacy material, stock, and public references remain provenance-only unless their registry disposition explicitly allows the requested rendered use.	split:operator-doc + duplicate
R2109	apps/studio/README.md	Workspace presentation	218	inheritance	split	operator-doc + duplicate			`workspace/styles/singlepage.css` defines the framework tokens, `startup.css` contains downstream overrides only, and `default.css` imports both in that order.	split:operator-doc + duplicate
R2110	apps/studio/README.md	Workspace presentation	225	inheritance	split	operator-doc + duplicate			A downstream project starts with zero-content sibling `startup` files and writes only its overrides there.	split:operator-doc + duplicate
R2111	apps/studio/README.md	Workspace presentation	225	gate-candidate	split	operator-doc + duplicate			`apps/studio/workspace/utils/index/singlepage.yaml` and `apps/studio/workspace/utils/index/startup.yaml` remain structural registries, not content stores.	split:operator-doc + duplicate
R2112	apps/studio/README.md	Workspace presentation	225	gate-candidate	split	operator-doc + duplicate			The startup index explicitly declares each `extends` relation and resolution strategy.	split:operator-doc + duplicate
R2113	apps/studio/README.md	Document confirmation	236	gate-candidate	duplicate	contract:confirmation			Primary Markdown review sources carry YAML frontmatter with `confirmation.confirmed: false`; Sales and Assets use the same root key in YAML.	removed:duplicate (contract:confirmation)
R2114	apps/studio/README.md	Document confirmation	236	gate-candidate	duplicate	contract:confirmation			After explicit user confirmation, the record also contains `by`, `at`, `source`, and `content_sha256`.	removed:duplicate (contract:confirmation)
R2115	apps/studio/README.md	Document confirmation	236	inheritance	duplicate	contract:confirmation			The header shows confirmation, its layer, the document's purpose, and how to use it.	removed:duplicate (contract:confirmation)
R2116	apps/studio/README.md	Document confirmation	242	inheritance	duplicate	contract:confirmation			Changed startup content requires its own approval; explicit false overrides base true.	removed:duplicate (contract:confirmation)
R2117	apps/studio/README.md	Document confirmation	242	inheritance	duplicate	contract:confirmation			Startup can confirm the complete inherited or partially overridden document with metadata only.	removed:duplicate (contract:confirmation)
R2118	apps/studio/README.md	Document confirmation	242	inheritance	duplicate	contract:confirmation			An inherited singlepage approval does not satisfy a startup approval gate.	removed:duplicate (contract:confirmation)
R2119	apps/studio/README.md	Document confirmation	249	gate-candidate	duplicate	contract:confirmation			Read the current effective fingerprint without recording consent:	removed:duplicate (contract:confirmation)
R2120	apps/studio/README.md	Document confirmation	255	confirmation	duplicate	contract:confirmation			Sources and templates start unconfirmed; partial decisions do not approve a whole document.	removed:duplicate (contract:confirmation)
R2121	apps/studio/README.md	Document confirmation	260	gate-candidate	duplicate	.agents/contracts/document-confirmation.md:64	.agents/contracts/document-confirmation.md:64		Metadata-only edits do not change body fingerprints.	removed:duplicate (.agents/contracts/document-confirmation.md:64)
R2122	apps/studio/README.md	Document confirmation	260	inheritance	duplicate	contract:confirmation			A hidden base-section change has no effect on a startup override.	removed:duplicate (contract:confirmation)
R2123	apps/studio/README.md	Document confirmation	268	confirmation	duplicate	contract:confirmation			After an impact review with no material effect, update only the input snapshot; preserve unchanged approval.	removed:duplicate (contract:confirmation)
R2124	apps/studio/README.md	Document confirmation	268	confirmation	duplicate	contract:confirmation			For material impact, retain `review.stale` with a reason and source IDs until revision and any required user confirmation finish.	removed:duplicate (contract:confirmation)
R2125	apps/studio/README.md	Document confirmation	268	prohibition	duplicate	contract:confirmation			Never copy hashes to make unresolved work appear approved.	removed:duplicate (contract:confirmation)
R2126	apps/studio/README.md	Document confirmation	268	evidence	duplicate	contract:confirmation			No standalone Evidence source is loaded: current facts and attribution belong to the owning documents, external sources to product Research, rights to Assets, and history to Git.	removed:duplicate (contract:confirmation)
R2127	apps/studio/README.md	Figma metadata	278	method	operator-doc	operator-doc			Each reusable block/page keeps its paired manifest and `figma.json`.	kept:operator-doc
R2128	apps/studio/README.md	Figma metadata	278	method	operator-doc	operator-doc			The files must agree on component/page/variant names and node identifiers.	kept:operator-doc
R2129	apps/studio/README.md	Figma metadata	278	method	operator-doc	operator-doc			Studio can maintain local inventory and metadata; creation or editing in a real Figma file requires an explicitly available Figma capability and target.	kept:operator-doc
R2130	apps/studio/README.md	Guardrails	285	method	operator-doc	operator-doc			Keep all Studio components presentation-only and driven by static props.	kept:operator-doc
R2131	apps/studio/README.md	Guardrails	285	method	operator-doc	operator-doc			Render registered current generated identity outputs in React; an asset ID by itself is not a visual brand review.	kept:operator-doc
R2132	apps/studio/README.md	Guardrails	285	prohibition	operator-doc	operator-doc			Do not import production APIs, SDK providers, authentication, React Query, or mutation code.	kept:operator-doc
R2133	apps/studio/README.md	Guardrails	285	evidence	operator-doc	operator-doc			Do not edit generated inventory as a business or design source.	kept:operator-doc
R2134	apps/studio/README.md	Guardrails	285	evidence	operator-doc	operator-doc			Keep project evidence distinct from generated, stock, reference, and decorative assets.	kept:operator-doc
R2135	apps/studio/README.md	Guardrails	285	method	operator-doc	operator-doc			The existing GitHub-gated engineering workflow remains the separate next system; production implementation, testing, analytics, deployment, and the bridge into them are outside issue 222.	kept:operator-doc
R2136	apps/studio/README.md	Guardrails	298	prohibition	operator-doc	operator-doc			Shared components provide layout/export; they do not extract Strategy or other document copy.	kept:operator-doc
R2137	CLAUDE.md	Pre-development workflow	101	inheritance	duplicate	workflow			Use `singlepagestartup` (Codex), `/singlepagestartup` (Claude), or a plain-language request to start, continue, inspect, or change a project before engineering.	removed:duplicate (workflow)
R2138	CLAUDE.md	Pre-development workflow	101	workflow	duplicate	workflow			Before every invocation it fetches the configured GitHub branch, scans relevant commits published after the first approved strategy commit, and applies fact and dependency side effects before stage work.	removed:duplicate (workflow)
R2139	CLAUDE.md	Pre-development workflow	101	gate-candidate	duplicate	workflow			Its layer-local `apps/studio/workspace/utils/pre-development/<layer>.yaml` cursor survives new model contexts and is reconciled against the indexed living artifacts at every launch.	removed:duplicate (workflow)
R2140	CLAUDE.md	Pre-development workflow	101	gate-candidate	duplicate	workflow			After the cursor is read, mandatory pipeline compatibility reconciliation compares completed, active, and later non-empty artifacts with the current checked-out workflow, templates, index, and completion rules.	removed:duplicate (workflow)
R2141	CLAUDE.md	Pre-development workflow	101	method	duplicate	.agents/roles/business-analyst.md:11	.agents/roles/business-analyst.md:11		There is no standalone Business document.	removed:duplicate (.agents/roles/business-analyst.md:11)
R2142	CLAUDE.md	Pre-development workflow	101	method	duplicate	workflow			Product owns Customer Segments and Value Propositions; Sales owns the complete customer process through an overview and per-segment decision profiles and Customer Journey Maps (CJM).	removed:duplicate (workflow)
R2143	CLAUDE.md	Pre-development workflow	101	evidence	duplicate	workflow			Model sources own resources, activities, partnerships, revenue, costs and financing.	removed:duplicate (workflow)
R2144	CLAUDE.md	Pre-development workflow	101	method	duplicate	.agents/templates/product.md:9	.agents/templates/product.md:9		Follow `.agents/contracts/product-models.md`.	removed:duplicate (.agents/templates/product.md:9)
R2145	CLAUDE.md	Pre-development workflow	101	evidence	duplicate	workflow			Material questions, metrics, risks, constraints, and sources stay in the documents that own those decisions; confirmation stays in source metadata.	removed:duplicate (workflow)
R2146	CLAUDE.md	Pre-development workflow	101	confirmation	duplicate	workflow			Do not maintain a separate workspace decision checklist or approval summary.	removed:duplicate (workflow)
R2147	CLAUDE.md	Pre-development workflow	101	gate-candidate	duplicate	workflow			Template headings or generic prose never complete a stage.	removed:duplicate (workflow)
R2148	CLAUDE.md	Pre-development workflow	101	evidence	duplicate	workflow			Named professional methods or benchmarks are used only with an authoritative source, explicit fit, and limitations for a material decision.	removed:duplicate (workflow)
R2149	CLAUDE.md	Pre-development workflow	101	method	duplicate	workflow			Before business or market work starts, the operator confirms a compact brief that separates the primary decision subject, reference projects, historical context, and out-of-scope topics, and records the current or intended products in scope.	removed:duplicate (workflow)
R2150	CLAUDE.md	Pre-development workflow	101	method	duplicate	workflow			Supporting acquisition activities and internal work remain concise context in Brief and Strategy.	removed:duplicate (workflow)
R2151	CLAUDE.md	Pre-development workflow	101	evidence	duplicate	workflow			`00-business` records only client statements, confirmed intentions, supplied-material observations, and explicit unknowns; external research never fills or silently corrects client facts.	removed:duplicate (workflow)
R2152	CLAUDE.md	Pre-development workflow	101	readability	duplicate	workflow (one readability paragraph)		.agents/templates/README.md:81	Each active product owns Research and a machine-readable Sales process in its product folder.	removed:restatement (workflow working rules own it)
R2153	CLAUDE.md	Pre-development workflow	101	evidence	duplicate	workflow			Product Research starts at `10-strategy` before strategic selection; cross-product conclusions belong to Strategy and cite the relevant products.	removed:duplicate (workflow)
R2154	CLAUDE.md	Pre-development workflow	101	evidence	duplicate	workflow			There is no business-wide Research document.	removed:duplicate (workflow)
R2155	CLAUDE.md	Pre-development workflow	101	method	duplicate	workflow		.agents/roles/strategist.md:18	Strategy defines one concrete final picture of the whole project after it satisfies the approved Brief as fully as known constraints allow.	removed:duplicate (workflow)
R2156	CLAUDE.md	Pre-development workflow	101	method	duplicate	workflow			It describes the intended operating state and durable management rules, not the roadmap or transition path.	removed:duplicate (workflow)
R2157	CLAUDE.md	Pre-development workflow	101	method	duplicate	workflow			Product work owns campaign execution and business learning; engineering tests remain in engineering.	removed:duplicate (workflow)
R2158	CLAUDE.md	Pre-development workflow	101	method	duplicate	workflow			Strategy is not a first-experiment plan.	removed:duplicate (workflow)
R2159	CLAUDE.md	Pre-development workflow	101	inheritance	duplicate	workflow			The same five-section Strategy template and quality criteria apply to framework and downstream projects.	removed:duplicate (workflow)
R2160	CLAUDE.md	Pre-development workflow	101	inheritance	duplicate	workflow			Each startup derives its strategy from its own Brief and research; inherited framework choices and approval remain reference context.	removed:duplicate (workflow)
R2161	CLAUDE.md	Pre-development workflow	101	workflow	duplicate	workflow			After shared workflow updates, pipeline reconciliation reviews existing startup strategies even when their cursor has advanced to a later stage.	removed:duplicate (workflow)
R2162	CLAUDE.md	Pre-development workflow	101	workflow	duplicate	workflow		.agents/workflows/pre-development.md:942	Installation checks, runtime tests, bug repair and release/license-source audits are not business-stage completion gates.	removed:duplicate (workflow)
R2163	CLAUDE.md	Pre-development workflow	101	prohibition	duplicate	workflow			Keep planned behavior and forecasts distinct from observed results and never invent operator budgets or figures.	removed:duplicate (workflow)
R2164	CLAUDE.md	Pre-development workflow	101	method	duplicate	workflow			`40-products` retains every client-confirmed Brief product regardless of marketing priority.	removed:duplicate (workflow)
R2165	CLAUDE.md	Pre-development workflow	101	gate-candidate	duplicate	workflow			Strategy never removes catalog entries.	removed:duplicate (workflow)
R2166	CLAUDE.md	Pre-development workflow	101	evidence	duplicate	workflow			An assumption never answers an operator-controlled fact such as budget, capacity, rights, support, or decision authority.	removed:duplicate (workflow)
R2167	CLAUDE.md	Pre-development workflow	101	workflow	duplicate	workflow			Strategy and brand remain proposals until confirmed in plain language; no separate stage command is required.	removed:duplicate (workflow)
R2168	CLAUDE.md	Pre-development workflow	101	method	duplicate	workflow			Primary review documents own `confirmation` metadata under `.agents/contracts/document-confirmation.md`.	removed:duplicate (workflow)
R2169	CLAUDE.md	Pre-development workflow	101	inheritance	duplicate	workflow			Empty startup inherits the base status; changed startup content requires its own confirmation.	removed:duplicate (workflow)
R2170	CLAUDE.md	Pre-development workflow	101	workflow	duplicate	workflow			Inherited singlepage confirmation never approves a downstream project's stage.	removed:duplicate (workflow)
R2171	CLAUDE.md	Pre-development workflow	101	gate-candidate	duplicate	workflow			Each document's `review.dependencies` stores fingerprints of inspected direct inputs.	removed:duplicate (workflow)
R2172	CLAUDE.md	Pre-development workflow	101	confirmation	duplicate	workflow			Agents review impact before consuming them: no material effect refreshes only the input snapshot; material impact keeps `review.stale` until corrected and, where required, confirmed.	removed:duplicate (workflow)
R2173	CLAUDE.md	Pre-development workflow	101	confirmation	duplicate	workflow			Never renew approval by copying a hash.	removed:duplicate (workflow)
R2174	CLAUDE.md	Pre-development workflow	101	readability	duplicate	workflow (one readability paragraph)			Every primary review document appears in the resolved `default` projection and strongly targets a five-to-seven-minute review (about 1,400 words per page), without a hard word, line, source or segment cap.	removed:restatement (workflow working rules own it)
R2175	CLAUDE.md	Pre-development workflow	101	readability	duplicate	workflow (one readability paragraph)			Preserve material information; split long topics into navigable pages under `.agents/contracts/document-readability.md`.	removed:restatement (workflow working rules own it)
R2176	CLAUDE.md	Pre-development workflow	101	evidence	duplicate	workflow			Git retains history; material sources stay with their owning statements.	removed:duplicate (workflow)
R2177	CLAUDE.md	Pre-development workflow	101	method	duplicate	workflow		.agents/workflows/pre-development.md:541	Brand owns the meaning that should form in the audience's mind.	removed:duplicate (workflow)
R2178	CLAUDE.md	Pre-development workflow	101	method	duplicate	workflow			Photography and illustration use the same objective prompt, production, example, and visual-review contract.	removed:duplicate (workflow)
R2179	CLAUDE.md	Pre-development workflow	101	inheritance	duplicate	workflow			Empty startup inherits the base layout; a populated startup layout replaces it with layer-owned files and no implicit base-file fallback.	removed:duplicate (workflow)
R2180	CLAUDE.md	Pre-development workflow	101	inheritance	duplicate	workflow			Document section inheritance and layered CSS stay separate.	removed:duplicate (workflow)
R2181	CLAUDE.md	Pre-development workflow	101	inheritance	duplicate	workflow			Shared support stays in `utils/design/` and `utils/components/`; project templates and section data stay in `design/<layer>/`.	removed:duplicate (workflow)
R2182	CLAUDE.md	Pre-development workflow	101	evidence	duplicate	workflow			During `40-products`, each active product adds a self-contained Product, Sales, Promotion, and Analytics set around its model and Research.	removed:duplicate (workflow)
R2183	CLAUDE.md	Pre-development workflow	101	method	duplicate	workflow			Every active product owns Analytics by `40-products`; missing measurements stay explicitly `not measured`.	removed:duplicate (workflow)
R2184	CLAUDE.md	Pre-development workflow	101	inheritance	duplicate	workflow			Product-specific files stay in their layer folder; shared loaders and tests live in `utils/products/`.	removed:duplicate (workflow)
R2185	CLAUDE.md	Pre-development workflow	101	gate-candidate	duplicate	workflow			No mandatory Markdown schema applies to additional pages.	removed:duplicate (workflow)
R2186	CLAUDE.md	Pre-development workflow	101	gate-candidate	duplicate	workflow			A non-empty startup Product catalog replaces the entire singlepage catalog including models so unrelated products and models never mix.	removed:duplicate (workflow)
R2187	CLAUDE.md	Pre-development workflow	101	inheritance	duplicate	workflow			The framework repository writes the `singlepage` sources; downstream repositories write the `startup` sources.	removed:duplicate (workflow)
R2188	CLAUDE.md	Pre-development workflow	101	gate-candidate	duplicate	workflow			Both `products/singlepage/` and `products/startup/` exist from the outset with their own `catalog.yaml`; an empty startup catalog is the explicit inheritance boundary.	removed:duplicate (workflow)
R2189	CLAUDE.md	Pre-development workflow	101	method	duplicate	workflow			All project business context lives under `apps/studio/workspace/**`; only project-invariant role methods and templates live under `.agents/**`.	removed:duplicate (workflow)
R2190	CLAUDE.md	Pre-development workflow	101	gate-candidate	duplicate	workflow			Layered startup index entries declare their base with `extends` and use `sections`, `replace`, `keyed`, or atomic `product-catalog` resolution.	removed:duplicate (workflow)
R2191	CLAUDE.md	Pre-development workflow	101	evidence	duplicate	workflow			There is no standalone Evidence document; current facts, sources, and constraints stay in their owning documents.	removed:duplicate (workflow)
R2192	CLAUDE.md	Pre-development workflow	101	inheritance	duplicate	workflow			Studio consistently exposes `singlepage`, `startup`, and resolved `default`; agents edit only the active source layer and never write a default copy.	removed:duplicate (workflow)
R2193	CLAUDE.md	Pre-development workflow	234	method	duplicate	workflow			The seven pre-development professions are executable custom agents, not merely Markdown references.	removed:duplicate (workflow)
R2194	CLAUDE.md	Pre-development workflow	234	method	duplicate	workflow			Codex discovers them from `.codex/agents/*.toml` and Claude from `.claude/agents/*.md`; every adapter must explicitly load its canonical role, which contains responsibility and professional method in one file.	removed:duplicate (workflow)
R2195	CLAUDE.md	Pre-development workflow	234	evidence	duplicate	workflow			Source URLs in `.agents/roles/SOURCES.md` are provenance only.	removed:duplicate (workflow)
R2196	CLAUDE.md	Pre-development workflow	234	evidence	duplicate	workflow			The agent researches external sources only when the current project needs fresh evidence.	removed:duplicate (workflow)
R2197	AGENTS.md	Pre-development workflow	82	inheritance	duplicate	CLAUDE.md:101	CLAUDE.md:101		Use `singlepagestartup` (Codex), `/singlepagestartup` (Claude), or a plain-language request to start, continue, inspect, or change a project before engineering.	removed:duplicate (CLAUDE.md:101)
R2198	AGENTS.md	Pre-development workflow	82	workflow	duplicate	CLAUDE.md:101	CLAUDE.md:101		Before every invocation it fetches the configured GitHub branch, scans relevant commits published after the first approved strategy commit, and applies fact and dependency side effects before stage work.	removed:duplicate (CLAUDE.md:101)
R2199	AGENTS.md	Pre-development workflow	82	gate-candidate	duplicate	CLAUDE.md:101	CLAUDE.md:101		Its layer-local `apps/studio/workspace/utils/pre-development/<layer>.yaml` cursor survives new model contexts and is reconciled against the indexed living artifacts at every launch.	removed:duplicate (CLAUDE.md:101)
R2200	AGENTS.md	Pre-development workflow	82	gate-candidate	duplicate	CLAUDE.md:101	CLAUDE.md:101		After the cursor is read, mandatory pipeline compatibility reconciliation compares completed, active, and later non-empty artifacts with the current checked-out workflow, templates, index, and completion rules.	removed:duplicate (CLAUDE.md:101)
R2201	AGENTS.md	Pre-development workflow	82	method	duplicate	.agents/roles/business-analyst.md:11	.agents/roles/business-analyst.md:11		There is no standalone Business document.	removed:duplicate (.agents/roles/business-analyst.md:11)
R2202	AGENTS.md	Pre-development workflow	82	method	duplicate	CLAUDE.md:101	CLAUDE.md:101		Product owns Customer Segments and Value Propositions; Sales owns the complete customer process through an overview and per-segment decision profiles and Customer Journey Maps (CJM).	removed:duplicate (CLAUDE.md:101)
R2203	AGENTS.md	Pre-development workflow	82	evidence	duplicate	CLAUDE.md:101	CLAUDE.md:101		Model sources own resources, activities, partnerships, revenue, costs and financing.	removed:duplicate (CLAUDE.md:101)
R2204	AGENTS.md	Pre-development workflow	82	method	duplicate	.agents/templates/product.md:9	.agents/templates/product.md:9		Follow `.agents/contracts/product-models.md`.	removed:duplicate (.agents/templates/product.md:9)
R2205	AGENTS.md	Pre-development workflow	82	evidence	duplicate	CLAUDE.md:101	CLAUDE.md:101		Material questions, metrics, risks, constraints, and sources stay in the documents that own those decisions; confirmation stays in source metadata.	removed:duplicate (CLAUDE.md:101)
R2206	AGENTS.md	Pre-development workflow	82	confirmation	duplicate	CLAUDE.md:101	CLAUDE.md:101		Do not maintain a separate workspace decision checklist or approval summary.	removed:duplicate (CLAUDE.md:101)
R2207	AGENTS.md	Pre-development workflow	82	gate-candidate	duplicate	CLAUDE.md:101	CLAUDE.md:101		Template headings or generic prose never complete a stage.	removed:duplicate (CLAUDE.md:101)
R2208	AGENTS.md	Pre-development workflow	82	evidence	duplicate	CLAUDE.md:101	CLAUDE.md:101		Named professional methods or benchmarks are used only with an authoritative source, explicit fit, and limitations for a material decision.	removed:duplicate (CLAUDE.md:101)
R2209	AGENTS.md	Pre-development workflow	82	method	duplicate	CLAUDE.md:101	CLAUDE.md:101		Before business or market work starts, the operator confirms a compact brief that separates the primary decision subject, reference projects, historical context, and out-of-scope topics, and records the current or intended products in scope.	removed:duplicate (CLAUDE.md:101)
R2210	AGENTS.md	Pre-development workflow	82	method	duplicate	CLAUDE.md:101	CLAUDE.md:101		Supporting acquisition activities and internal work remain concise context in Brief and Strategy.	removed:duplicate (CLAUDE.md:101)
R2211	AGENTS.md	Pre-development workflow	82	evidence	duplicate	CLAUDE.md:101	CLAUDE.md:101		`00-business` records only client statements, confirmed intentions, supplied-material observations, and explicit unknowns; external research never fills or silently corrects client facts.	removed:duplicate (CLAUDE.md:101)
R2212	AGENTS.md	Pre-development workflow	82	readability	duplicate	CLAUDE.md:101	CLAUDE.md:101		Each active product owns Research and a machine-readable Sales process in its product folder.	removed:restatement (workflow working rules own it)
R2213	AGENTS.md	Pre-development workflow	82	evidence	duplicate	CLAUDE.md:101	CLAUDE.md:101		Product Research starts at `10-strategy` before strategic selection; cross-product conclusions belong to Strategy and cite the relevant products.	removed:duplicate (CLAUDE.md:101)
R2214	AGENTS.md	Pre-development workflow	82	evidence	duplicate	CLAUDE.md:101	CLAUDE.md:101		There is no business-wide Research document.	removed:duplicate (CLAUDE.md:101)
R2215	AGENTS.md	Pre-development workflow	82	method	duplicate	CLAUDE.md:101	CLAUDE.md:101		Strategy defines one concrete final picture of the whole project after it satisfies the approved Brief as fully as known constraints allow.	removed:duplicate (CLAUDE.md:101)
R2216	AGENTS.md	Pre-development workflow	82	method	duplicate	CLAUDE.md:101	CLAUDE.md:101		It describes the intended operating state and durable management rules, not the roadmap or transition path.	removed:duplicate (CLAUDE.md:101)
R2217	AGENTS.md	Pre-development workflow	82	method	duplicate	CLAUDE.md:101	CLAUDE.md:101		Product work owns campaign execution and business learning; engineering tests remain in engineering.	removed:duplicate (CLAUDE.md:101)
R2218	AGENTS.md	Pre-development workflow	82	method	duplicate	CLAUDE.md:101	CLAUDE.md:101		Strategy is not a first-experiment plan.	removed:duplicate (CLAUDE.md:101)
R2219	AGENTS.md	Pre-development workflow	82	inheritance	duplicate	CLAUDE.md:101	CLAUDE.md:101		The same five-section Strategy template and quality criteria apply to framework and downstream projects.	removed:duplicate (CLAUDE.md:101)
R2220	AGENTS.md	Pre-development workflow	82	inheritance	duplicate	CLAUDE.md:101	CLAUDE.md:101		Each startup derives its strategy from its own Brief and research; inherited framework choices and approval remain reference context.	removed:duplicate (CLAUDE.md:101)
R2221	AGENTS.md	Pre-development workflow	82	workflow	duplicate	CLAUDE.md:101	CLAUDE.md:101		After shared workflow updates, pipeline reconciliation reviews existing startup strategies even when their cursor has advanced to a later stage.	removed:duplicate (CLAUDE.md:101)
R2222	AGENTS.md	Pre-development workflow	82	workflow	duplicate	CLAUDE.md:101	CLAUDE.md:101		Installation checks, runtime tests, bug repair and release/license-source audits are not business-stage completion gates.	removed:duplicate (CLAUDE.md:101)
R2223	AGENTS.md	Pre-development workflow	82	prohibition	duplicate	CLAUDE.md:101	CLAUDE.md:101		Keep planned behavior and forecasts distinct from observed results and never invent operator budgets or figures.	removed:duplicate (CLAUDE.md:101)
R2224	AGENTS.md	Pre-development workflow	82	method	duplicate	CLAUDE.md:101	CLAUDE.md:101		`40-products` retains every client-confirmed Brief product regardless of marketing priority.	removed:duplicate (CLAUDE.md:101)
R2225	AGENTS.md	Pre-development workflow	82	gate-candidate	duplicate	CLAUDE.md:101	CLAUDE.md:101		Strategy never removes catalog entries.	removed:duplicate (CLAUDE.md:101)
R2226	AGENTS.md	Pre-development workflow	82	evidence	duplicate	CLAUDE.md:101	CLAUDE.md:101		An assumption never answers an operator-controlled fact such as budget, capacity, rights, support, or decision authority.	removed:duplicate (CLAUDE.md:101)
R2227	AGENTS.md	Pre-development workflow	82	workflow	duplicate	CLAUDE.md:101	CLAUDE.md:101		Strategy and brand remain proposals until confirmed in plain language; no separate stage command is required.	removed:duplicate (CLAUDE.md:101)
R2228	AGENTS.md	Pre-development workflow	82	method	duplicate	CLAUDE.md:101	CLAUDE.md:101		Primary review documents own `confirmation` metadata under `.agents/contracts/document-confirmation.md`.	removed:duplicate (CLAUDE.md:101)
R2229	AGENTS.md	Pre-development workflow	82	inheritance	duplicate	CLAUDE.md:101	CLAUDE.md:101		Empty startup inherits the base status; changed startup content requires its own confirmation.	removed:duplicate (CLAUDE.md:101)
R2230	AGENTS.md	Pre-development workflow	82	workflow	duplicate	CLAUDE.md:101	CLAUDE.md:101		Inherited singlepage confirmation never approves a downstream project's stage.	removed:duplicate (CLAUDE.md:101)
R2231	AGENTS.md	Pre-development workflow	82	gate-candidate	duplicate	CLAUDE.md:101	CLAUDE.md:101		Each document's `review.dependencies` stores fingerprints of inspected direct inputs.	removed:duplicate (CLAUDE.md:101)
R2232	AGENTS.md	Pre-development workflow	82	confirmation	duplicate	CLAUDE.md:101	CLAUDE.md:101		Agents review impact before consuming them: no material effect refreshes only the input snapshot; material impact keeps `review.stale` until corrected and, where required, confirmed.	removed:duplicate (CLAUDE.md:101)
R2233	AGENTS.md	Pre-development workflow	82	confirmation	duplicate	CLAUDE.md:101	CLAUDE.md:101		Never renew approval by copying a hash.	removed:duplicate (CLAUDE.md:101)
R2234	AGENTS.md	Pre-development workflow	82	readability	duplicate	CLAUDE.md:101	CLAUDE.md:101		Every primary review document appears in the resolved `default` projection and strongly targets a five-to-seven-minute review (about 1,400 words per page), without a hard word, line, source or segment cap.	removed:restatement (workflow working rules own it)
R2235	AGENTS.md	Pre-development workflow	82	readability	duplicate	CLAUDE.md:101	CLAUDE.md:101		Preserve material information; split long topics into navigable pages under `.agents/contracts/document-readability.md`.	removed:restatement (workflow working rules own it)
R2236	AGENTS.md	Pre-development workflow	82	evidence	duplicate	CLAUDE.md:101	CLAUDE.md:101		Git retains history; material sources stay with their owning statements.	removed:duplicate (CLAUDE.md:101)
R2237	AGENTS.md	Pre-development workflow	82	method	duplicate	CLAUDE.md:101	CLAUDE.md:101		Brand owns the meaning that should form in the audience's mind.	removed:duplicate (CLAUDE.md:101)
R2238	AGENTS.md	Pre-development workflow	82	method	duplicate	CLAUDE.md:101	CLAUDE.md:101		Photography and illustration use the same objective prompt, production, example, and visual-review contract.	removed:duplicate (CLAUDE.md:101)
R2239	AGENTS.md	Pre-development workflow	82	inheritance	duplicate	CLAUDE.md:101	CLAUDE.md:101		Empty startup inherits the base layout; a populated startup layout replaces it with layer-owned files and no implicit base-file fallback.	removed:duplicate (CLAUDE.md:101)
R2240	AGENTS.md	Pre-development workflow	82	inheritance	duplicate	CLAUDE.md:101	CLAUDE.md:101		Document section inheritance and layered CSS stay separate.	removed:duplicate (CLAUDE.md:101)
R2241	AGENTS.md	Pre-development workflow	82	inheritance	duplicate	CLAUDE.md:101	CLAUDE.md:101		Shared support stays in `utils/design/` and `utils/components/`; project templates and section data stay in `design/<layer>/`.	removed:duplicate (CLAUDE.md:101)
R2242	AGENTS.md	Pre-development workflow	82	evidence	duplicate	CLAUDE.md:101	CLAUDE.md:101		During `40-products`, each active product adds a self-contained Product, Sales, Promotion, and Analytics set around its model and Research.	removed:duplicate (CLAUDE.md:101)
R2243	AGENTS.md	Pre-development workflow	82	method	duplicate	CLAUDE.md:101	CLAUDE.md:101		Every active product owns Analytics by `40-products`; missing measurements stay explicitly `not measured`.	removed:duplicate (CLAUDE.md:101)
R2244	AGENTS.md	Pre-development workflow	82	inheritance	duplicate	CLAUDE.md:101	CLAUDE.md:101		Product-specific files stay in their layer folder; shared loaders and tests live in `utils/products/`.	removed:duplicate (CLAUDE.md:101)
R2245	AGENTS.md	Pre-development workflow	82	gate-candidate	duplicate	CLAUDE.md:101	CLAUDE.md:101		No mandatory Markdown schema applies to additional pages.	removed:duplicate (CLAUDE.md:101)
R2246	AGENTS.md	Pre-development workflow	82	gate-candidate	duplicate	CLAUDE.md:101	CLAUDE.md:101		A non-empty startup Product catalog replaces the entire singlepage catalog including models so unrelated products and models never mix.	removed:duplicate (CLAUDE.md:101)
R2247	AGENTS.md	Pre-development workflow	82	inheritance	duplicate	CLAUDE.md:101	CLAUDE.md:101		The framework repository writes the `singlepage` sources; downstream repositories write the `startup` sources.	removed:duplicate (CLAUDE.md:101)
R2248	AGENTS.md	Pre-development workflow	82	gate-candidate	duplicate	CLAUDE.md:101	CLAUDE.md:101		Both `products/singlepage/` and `products/startup/` exist from the outset with their own `catalog.yaml`; an empty startup catalog is the explicit inheritance boundary.	removed:duplicate (CLAUDE.md:101)
R2249	AGENTS.md	Pre-development workflow	82	method	duplicate	CLAUDE.md:101	CLAUDE.md:101		All project business context lives under `apps/studio/workspace/**`; only project-invariant role methods and templates live under `.agents/**`.	removed:duplicate (CLAUDE.md:101)
R2250	AGENTS.md	Pre-development workflow	82	gate-candidate	duplicate	CLAUDE.md:101	CLAUDE.md:101		Layered startup index entries declare their base with `extends` and use `sections`, `replace`, `keyed`, or atomic `product-catalog` resolution.	removed:duplicate (CLAUDE.md:101)
R2251	AGENTS.md	Pre-development workflow	82	evidence	duplicate	CLAUDE.md:101	CLAUDE.md:101		There is no standalone Evidence document; current facts, sources, and constraints stay in their owning documents.	removed:duplicate (CLAUDE.md:101)
R2252	AGENTS.md	Pre-development workflow	82	inheritance	duplicate	CLAUDE.md:101	CLAUDE.md:101		Studio consistently exposes `singlepage`, `startup`, and resolved `default`; agents edit only the active source layer and never write a default copy.	removed:duplicate (CLAUDE.md:101)
R2253	AGENTS.md	Pre-development workflow	215	method	duplicate	CLAUDE.md:234	CLAUDE.md:234		The seven pre-development professions are executable custom agents, not merely Markdown references.	removed:duplicate (CLAUDE.md:234)
R2254	AGENTS.md	Pre-development workflow	215	method	duplicate	CLAUDE.md:234	CLAUDE.md:234		Codex discovers them from `.codex/agents/*.toml` and Claude from `.claude/agents/*.md`; every adapter must explicitly load its canonical role, which contains responsibility and professional method in one file.	removed:duplicate (CLAUDE.md:234)
R2255	AGENTS.md	Pre-development workflow	215	evidence	duplicate	CLAUDE.md:234	CLAUDE.md:234		Source URLs in `.agents/roles/SOURCES.md` are provenance only.	removed:duplicate (CLAUDE.md:234)
R2256	AGENTS.md	Pre-development workflow	215	evidence	duplicate	CLAUDE.md:234	CLAUDE.md:234		The agent researches external sources only when the current project needs fresh evidence.	removed:duplicate (CLAUDE.md:234)
R2257	.claude/commands/singlepagestartup.md	Claude workflow adapter	9	method	workflow	workflow			Read the canonical workflow completely and execute it in the current context.	kept:workflow
R2258	.claude/commands/singlepagestartup.md	Claude workflow adapter	9	workflow	workflow	workflow			Resolve tool capability IDs through `.agents/tools/providers/claude.yaml` and preserve all artifact, evidence, ownership, and handoff rules.	kept:workflow
R2259	.claude/commands/singlepagestartup.md	Claude workflow adapter	9	workflow	workflow	workflow			Run the canonical `singlepagestartup:github:check` preflight without a caller-selected layer before reading the durable stage cursor.	kept:workflow
R2260	.claude/commands/singlepagestartup.md	Claude workflow adapter	9	workflow	workflow	workflow			After reading that cursor, run the mandatory pipeline compatibility reconciliation from `.agents/contracts/pipeline-reconciliation.md` before accepting its stage or launching an owner; treat its repository-derived layer as authoritative and never bypass it with a stale local comparison.	kept:workflow
R2261	.codex/skills/singlepagestartup/SKILL.md	singlepagestartup	10	method	workflow	workflow		.claude/commands/singlepagestartup.md:9	Read the canonical workflow completely and execute it in the current Codex thread.	kept:workflow
R2262	.codex/skills/singlepagestartup/SKILL.md	singlepagestartup	10	method	workflow	workflow			Resolve provider-neutral capabilities through `.agents/tools/providers/codex.yaml`.	kept:workflow
R2263	.codex/skills/singlepagestartup/SKILL.md	singlepagestartup	10	workflow	duplicate	.claude/commands/singlepagestartup.md:9	.claude/commands/singlepagestartup.md:9		Run the canonical `singlepagestartup:github:check` preflight without a caller-selected layer before reading the durable stage cursor.	removed:duplicate (.claude/commands/singlepagestartup.md:9)
R2264	.codex/skills/singlepagestartup/SKILL.md	singlepagestartup	10	workflow	workflow	workflow			After reading that cursor, run the mandatory pipeline compatibility reconciliation from `.agents/contracts/pipeline-reconciliation.md` before accepting its stage or launching an owner.	kept:workflow
R2265	.codex/skills/singlepagestartup/SKILL.md	singlepagestartup	10	inheritance	workflow	workflow			It uses the shared repository-layer resolver; treat its reported layer as authoritative and never bypass it with a stale local comparison.	kept:workflow
R2266	.codex/skills/singlepagestartup/SKILL.md	singlepagestartup	10	method	workflow	workflow			Natural-language requests to start, continue, inspect, or change the active project before engineering route to this skill.	kept:workflow
R2267	.codex/skills/singlepagestartup/SKILL.md	Final editorial pass	24	method	duplicate	contract:editorial			When this skill writes or returns prose intended for a person, load the project `unslop` skill and apply `.agents/contracts/editorial-pass.md` after the canonical workflow is complete.	removed:duplicate (contract:editorial)
R2268	.codex/skills/singlepagestartup/SKILL.md	Final editorial pass	24	gate-candidate	duplicate	contract:editorial			Preserve exact facts, evidence, identifiers, paths, commands, required structure, and approval state.	removed:duplicate (contract:editorial)
